-- MySQL Workbench Forward Engineering

SET @OLD_UNIQUE_CHECKS=@@UNIQUE_CHECKS, UNIQUE_CHECKS=0;
SET @OLD_FOREIGN_KEY_CHECKS=@@FOREIGN_KEY_CHECKS, FOREIGN_KEY_CHECKS=0;
SET @OLD_SQL_MODE=@@SQL_MODE, SQL_MODE='ONLY_FULL_GROUP_BY,STRICT_TRANS_TABLES,NO_ZERO_IN_DATE,NO_ZERO_DATE,ERROR_FOR_DIVISION_BY_ZERO,NO_ENGINE_SUBSTITUTION';

-- -----------------------------------------------------
-- Schema automaticDB
-- -----------------------------------------------------
DROP SCHEMA IF EXISTS `automaticDB` ;

-- -----------------------------------------------------
-- Schema automaticDB
-- -----------------------------------------------------
CREATE SCHEMA IF NOT EXISTS `automaticDB` DEFAULT CHARACTER SET utf8 ;
USE `automaticDB` ;

-- -----------------------------------------------------
-- Table `vehicle_type`
-- -----------------------------------------------------
DROP TABLE IF EXISTS `vehicle_type` ;

CREATE TABLE IF NOT EXISTS `vehicle_type` (
  `id` INT NOT NULL AUTO_INCREMENT,
  `type` VARCHAR(500) NOT NULL,
  PRIMARY KEY (`id`));


-- -----------------------------------------------------
-- Table `vehicle`
-- -----------------------------------------------------
DROP TABLE IF EXISTS `vehicle` ;

CREATE TABLE IF NOT EXISTS `vehicle` (
  `id` INT NOT NULL AUTO_INCREMENT,
  `vin` VARCHAR(100) NULL,
  `make` VARCHAR(500) NULL,
  `model` VARCHAR(500) NULL,
  `year` INT NULL,
  `color` VARCHAR(100) NULL,
  `created` TIMESTAMP NOT NULL DEFAULT CURRENT_TIMESTAMP,
  `updated` TIMESTAMP NOT NULL DEFAULT CURRENT_TIMESTAMP,
  `vehicle_type_id` INT NOT NULL,
  PRIMARY KEY (`id`),
  INDEX `fk_vehicle_vehicle_type1_idx` (`vehicle_type_id` ASC),
  CONSTRAINT `fk_vehicle_vehicle_type1`
    FOREIGN KEY (`vehicle_type_id`)
    REFERENCES `vehicle_type` (`id`)
    ON DELETE NO ACTION
    ON UPDATE NO ACTION);


-- -----------------------------------------------------
-- Table `services`
-- -----------------------------------------------------
DROP TABLE IF EXISTS `services` ;

CREATE TABLE IF NOT EXISTS `services` (
  `id` INT NOT NULL AUTO_INCREMENT,
  `type` VARCHAR(500) NOT NULL,
  `created` TIMESTAMP NOT NULL DEFAULT CURRENT_TIMESTAMP,
  `odometer` INT NULL,
  `cost` DOUBLE NULL,
  PRIMARY KEY (`id`));


-- -----------------------------------------------------
-- Table `vehicle_service`
-- -----------------------------------------------------
DROP TABLE IF EXISTS `vehicle_service` ;

CREATE TABLE IF NOT EXISTS `vehicle_service` (
  `vehicle_id` INT NOT NULL,
  `service_id` INT NOT NULL,
  PRIMARY KEY (`vehicle_id`, `service_id`),
  INDEX `fk_Vehicle_has_Service_Service1_idx` (`service_id` ASC),
  INDEX `fk_Vehicle_has_Service_Vehicle_idx` (`vehicle_id` ASC),
  CONSTRAINT `fk_Vehicle_has_Service_Vehicle`
    FOREIGN KEY (`vehicle_id`)
    REFERENCES `vehicle` (`id`)
    ON DELETE NO ACTION
    ON UPDATE NO ACTION,
  CONSTRAINT `fk_Vehicle_has_Service_Service1`
    FOREIGN KEY (`service_id`)
    REFERENCES `services` (`id`)
    ON DELETE NO ACTION
    ON UPDATE NO ACTION);


-- -----------------------------------------------------
-- Table `user`
-- -----------------------------------------------------
DROP TABLE IF EXISTS `user` ;

CREATE TABLE IF NOT EXISTS `user` (
  `id` INT NOT NULL AUTO_INCREMENT,
  `email` VARCHAR(300) NOT NULL,
  `password` VARCHAR(50) NULL,
  `first_name` VARCHAR(100) NULL,
  `last_name` VARCHAR(150) NULL,
  `created` TIMESTAMP NOT NULL DEFAULT CURRENT_TIMESTAMP,
  `updated` TIMESTAMP NOT NULL DEFAULT CURRENT_TIMESTAMP,
  PRIMARY KEY (`id`));


-- -----------------------------------------------------
-- Table `user_vehicle`
-- -----------------------------------------------------
DROP TABLE IF EXISTS `user_vehicle` ;

CREATE TABLE IF NOT EXISTS `user_vehicle` (
  `user_id` INT NOT NULL,
  `vehicle_id` INT NOT NULL,
  PRIMARY KEY (`user_id`, `vehicle_id`),
  INDEX `fk_user_has_Vehicle_Vehicle1_idx` (`vehicle_id` ASC),
  INDEX `fk_user_has_Vehicle_user1_idx` (`user_id` ASC),
  CONSTRAINT `fk_user_has_Vehicle_user1`
    FOREIGN KEY (`user_id`)
    REFERENCES `user` (`id`)
    ON DELETE NO ACTION
    ON UPDATE NO ACTION,
  CONSTRAINT `fk_user_has_Vehicle_Vehicle1`
    FOREIGN KEY (`vehicle_id`)
    REFERENCES `vehicle` (`id`)
    ON DELETE NO ACTION
    ON UPDATE NO ACTION);


-- -----------------------------------------------------
-- Table `repair_shop`
-- -----------------------------------------------------
DROP TABLE IF EXISTS `repair_shop` ;

CREATE TABLE IF NOT EXISTS `repair_shop` (
  `id` INT NOT NULL,
  `name` VARCHAR(100) NOT NULL,
  `location` VARCHAR(150) NULL,
  `phone_number` VARCHAR(15) NULL,
  `created` TIMESTAMP NOT NULL DEFAULT CURRENT_TIMESTAMP,
  PRIMARY KEY (`id`));


-- -----------------------------------------------------
-- Table `technician`
-- -----------------------------------------------------
DROP TABLE IF EXISTS `technician` ;

CREATE TABLE IF NOT EXISTS `technician` (
  `id` INT NOT NULL,
  `first_name` VARCHAR(100) NULL,
  `last_name` VARCHAR(150) NULL,
  `created` TIMESTAMP NOT NULL DEFAULT CURRENT_TIMESTAMP,
  `shop_id` INT NOT NULL,
  PRIMARY KEY (`id`),
  INDEX `fk_technician_maintanence_shop1_idx` (`shop_id` ASC),
  CONSTRAINT `fk_technician_maintanence_shop1`
    FOREIGN KEY (`shop_id`)
    REFERENCES `repair_shop` (`id`)
    ON DELETE NO ACTION
    ON UPDATE NO ACTION);


-- -----------------------------------------------------
-- Table `service_location`
-- -----------------------------------------------------
DROP TABLE IF EXISTS `service_location` ;

CREATE TABLE IF NOT EXISTS `service_location` (
  `service_id` INT NOT NULL,
  `repair_shop_id` INT NOT NULL,
  PRIMARY KEY (`service_id`, `repair_shop_id`),
  INDEX `fk_service_has_location_location1_idx` (`repair_shop_id` ASC),
  INDEX `fk_service_has_location_service1_idx` (`service_id` ASC),
  CONSTRAINT `fk_service_has_location_service1`
    FOREIGN KEY (`service_id`)
    REFERENCES `services` (`id`)
    ON DELETE NO ACTION
    ON UPDATE NO ACTION,
  CONSTRAINT `fk_service_has_location_location1`
    FOREIGN KEY (`repair_shop_id`)
    REFERENCES `repair_shop` (`id`)
    ON DELETE NO ACTION
    ON UPDATE NO ACTION);


-- -----------------------------------------------------
-- Table `technician_services`
-- -----------------------------------------------------
DROP TABLE IF EXISTS `technician_services` ;

CREATE TABLE IF NOT EXISTS `technician_services` (
  `technician_id` INT NOT NULL,
  `service_id` INT NOT NULL,
  PRIMARY KEY (`technician_id`, `service_id`),
  INDEX `fk_technician_has_service_service1_idx` (`service_id` ASC),
  INDEX `fk_technician_has_service_technician1_idx` (`technician_id` ASC),
  CONSTRAINT `fk_technician_has_service_technician1`
    FOREIGN KEY (`technician_id`)
    REFERENCES `technician` (`id`)
    ON DELETE NO ACTION
    ON UPDATE NO ACTION,
  CONSTRAINT `fk_technician_has_service_service1`
    FOREIGN KEY (`service_id`)
    REFERENCES `services` (`id`)
    ON DELETE NO ACTION
    ON UPDATE NO ACTION);

SET SQL_MODE = '';
DROP USER IF EXISTS automatic@localhost;
SET SQL_MODE='ONLY_FULL_GROUP_BY,STRICT_TRANS_TABLES,NO_ZERO_IN_DATE,NO_ZERO_DATE,ERROR_FOR_DIVISION_BY_ZERO,NO_ENGINE_SUBSTITUTION';
CREATE USER 'automatic'@'localhost' IDENTIFIED BY 'automatic';

GRANT SELECT, INSERT, TRIGGER, UPDATE, DELETE ON TABLE * TO 'automatic'@'localhost';

SET SQL_MODE=@OLD_SQL_MODE;
SET FOREIGN_KEY_CHECKS=@OLD_FOREIGN_KEY_CHECKS;
SET UNIQUE_CHECKS=@OLD_UNIQUE_CHECKS;

-- -----------------------------------------------------
-- Data for table `vehicle_type`
-- -----------------------------------------------------
START TRANSACTION;
USE `automaticDB`;
INSERT INTO `vehicle_type` (`id`, `type`) VALUES (1, 'Terry-Kozey');
INSERT INTO `vehicle_type` (`id`, `type`) VALUES (2, 'Reinger-Schaefer');
INSERT INTO `vehicle_type` (`id`, `type`) VALUES (3, 'Mosciski-Keebler');
INSERT INTO `vehicle_type` (`id`, `type`) VALUES (4, 'Treutel Inc');
INSERT INTO `vehicle_type` (`id`, `type`) VALUES (5, 'Keebler-Kling');

COMMIT;


-- -----------------------------------------------------
-- Data for table `vehicle`
-- -----------------------------------------------------
START TRANSACTION;
USE `automaticDB`;
INSERT INTO `vehicle` (`id`, `vin`, `make`, `model`, `year`, `color`, `created`, `updated`, `vehicle_type_id`) VALUES (1, '2C3CCAJTXCH262146', 'Ford', 'Excursion', 2004, 'Aquamarine', '2018-11-19 09:45:44', '2017-07-01 11:25:20', 1);
INSERT INTO `vehicle` (`id`, `vin`, `make`, `model`, `year`, `color`, `created`, `updated`, `vehicle_type_id`) VALUES (2, '1FTEW1CM3CK520823', 'Ford', 'F350', 1997, 'Pink', '2019-09-04 08:31:57', '2015-03-08 09:14:48', 1);
INSERT INTO `vehicle` (`id`, `vin`, `make`, `model`, `year`, `color`, `created`, `updated`, `vehicle_type_id`) VALUES (3, '19UUA76607A462678', 'Audi', '5000CS', 1988, 'Crimson', '2016-09-22 04:44:11', '2020-01-19 05:04:08', 1);
INSERT INTO `vehicle` (`id`, `vin`, `make`, `model`, `year`, `color`, `created`, `updated`, `vehicle_type_id`) VALUES (4, '19UUA8F23CA278980', 'Chevrolet', 'Sportvan G10', 1993, 'Teal', '2021-12-06 03:37:51', '2015-07-31 09:18:35', 5);
INSERT INTO `vehicle` (`id`, `vin`, `make`, `model`, `year`, `color`, `created`, `updated`, `vehicle_type_id`) VALUES (5, '3VWC17AU2FM447078', 'GMC', 'Suburban 1500', 1992, 'Red', '2020-05-22 02:37:06', '2014-04-04 10:27:30', 1);
INSERT INTO `vehicle` (`id`, `vin`, `make`, `model`, `year`, `color`, `created`, `updated`, `vehicle_type_id`) VALUES (6, '5FPYK1F60EB289508', 'Mercury', 'Grand Marquis', 1991, 'Violet', '2012-04-23 00:36:17', '2013-05-16 13:09:35', 4);
INSERT INTO `vehicle` (`id`, `vin`, `make`, `model`, `year`, `color`, `created`, `updated`, `vehicle_type_id`) VALUES (7, 'WVGAV7AX0CW204451', 'Lamborghini', 'Countach', 1986, 'Puce', '2021-01-01 16:42:47', '2019-08-14 10:48:24', 5);
INSERT INTO `vehicle` (`id`, `vin`, `make`, `model`, `year`, `color`, `created`, `updated`, `vehicle_type_id`) VALUES (8, 'KM8NU4CC2BU499933', 'Chevrolet', 'Silverado 2500', 2003, 'Aquamarine', '2018-07-19 21:27:31', '2013-06-05 21:00:30', 2);
INSERT INTO `vehicle` (`id`, `vin`, `make`, `model`, `year`, `color`, `created`, `updated`, `vehicle_type_id`) VALUES (9, '5N1AR2MM8FC380968', 'Mazda', 'Mazda3', 2008, 'Mauv', '2021-10-12 01:16:47', '2019-11-15 22:27:07', 4);
INSERT INTO `vehicle` (`id`, `vin`, `make`, `model`, `year`, `color`, `created`, `updated`, `vehicle_type_id`) VALUES (10, 'WAUGL78E17A754282', 'BMW', '7 Series', 1995, 'Orange', '2014-10-07 04:43:02', '2020-05-07 12:02:36', 3);
INSERT INTO `vehicle` (`id`, `vin`, `make`, `model`, `year`, `color`, `created`, `updated`, `vehicle_type_id`) VALUES (11, '1FTEW1CM1DK023688', 'Mazda', '929', 1988, 'Red', '2016-04-05 08:54:45', '2014-12-10 01:45:08', 3);
INSERT INTO `vehicle` (`id`, `vin`, `make`, `model`, `year`, `color`, `created`, `updated`, `vehicle_type_id`) VALUES (12, 'SCFBF03B58G157984', 'Mercury', 'Cougar', 1984, 'Puce', '2016-12-21 04:55:18', '2014-08-03 04:35:10', 5);
INSERT INTO `vehicle` (`id`, `vin`, `make`, `model`, `year`, `color`, `created`, `updated`, `vehicle_type_id`) VALUES (13, '5NPEB4AC6CH715405', 'Jaguar', 'XJ', 2012, 'Khaki', '2020-09-12 14:57:05', '2014-06-17 03:22:12', 2);
INSERT INTO `vehicle` (`id`, `vin`, `make`, `model`, `year`, `color`, `created`, `updated`, `vehicle_type_id`) VALUES (14, '1FAHP3EN9BW915956', 'Suzuki', 'Sidekick', 1998, 'Red', '2021-09-12 13:07:43', '2018-05-20 17:15:17', 4);
INSERT INTO `vehicle` (`id`, `vin`, `make`, `model`, `year`, `color`, `created`, `updated`, `vehicle_type_id`) VALUES (15, 'JTJBM7FX9C5719634', 'Ford', 'Thunderbird', 1996, 'Green', '2021-12-11 11:29:19', '2012-09-04 20:11:40', 5);
INSERT INTO `vehicle` (`id`, `vin`, `make`, `model`, `year`, `color`, `created`, `updated`, `vehicle_type_id`) VALUES (16, '5UXZV4C58D0819561', 'BMW', 'X5', 2004, 'Khaki', '2013-09-10 20:04:28', '2016-04-08 08:21:48', 1);
INSERT INTO `vehicle` (`id`, `vin`, `make`, `model`, `year`, `color`, `created`, `updated`, `vehicle_type_id`) VALUES (17, '2LMDJ6JK0DB102193', 'MINI', 'Clubman', 2012, 'Purple', '2020-01-25 13:31:23', '2019-05-11 05:58:25', 3);
INSERT INTO `vehicle` (`id`, `vin`, `make`, `model`, `year`, `color`, `created`, `updated`, `vehicle_type_id`) VALUES (18, 'WBA3A5C59DF869372', 'Ferrari', '599 GTB Fiorano', 2008, 'Pink', '2021-01-29 04:03:19', '2018-07-17 01:40:22', 3);
INSERT INTO `vehicle` (`id`, `vin`, `make`, `model`, `year`, `color`, `created`, `updated`, `vehicle_type_id`) VALUES (19, 'WAULFAFR7BA748147', 'Jeep', 'Compass', 2010, 'Teal', '2014-07-03 12:40:29', '2017-08-03 03:26:27', 5);
INSERT INTO `vehicle` (`id`, `vin`, `make`, `model`, `year`, `color`, `created`, `updated`, `vehicle_type_id`) VALUES (20, 'WAU2GAFC2CN845013', 'Pontiac', 'Trans Sport', 1996, 'Red', '2020-07-26 16:07:04', '2020-12-15 06:53:48', 1);
INSERT INTO `vehicle` (`id`, `vin`, `make`, `model`, `year`, `color`, `created`, `updated`, `vehicle_type_id`) VALUES (21, '1N6AF0KX1EN137341', 'Nissan', 'Versa', 2010, 'Turquoise', '2017-07-04 03:57:00', '2012-04-08 12:21:30', 1);
INSERT INTO `vehicle` (`id`, `vin`, `make`, `model`, `year`, `color`, `created`, `updated`, `vehicle_type_id`) VALUES (22, '1FMCU0F79DU822874', 'Oldsmobile', 'Custom Cruiser', 1992, 'Turquoise', '2021-10-01 22:33:36', '2020-11-28 15:26:20', 1);
INSERT INTO `vehicle` (`id`, `vin`, `make`, `model`, `year`, `color`, `created`, `updated`, `vehicle_type_id`) VALUES (23, 'WBA3A5C53DJ862608', 'Volkswagen', 'Fox', 1991, 'Crimson', '2017-12-27 09:13:04', '2017-08-15 21:47:19', 3);
INSERT INTO `vehicle` (`id`, `vin`, `make`, `model`, `year`, `color`, `created`, `updated`, `vehicle_type_id`) VALUES (24, '2T2BK1BA1DC363249', 'Pontiac', 'Solstice', 2006, 'Pink', '2020-01-12 13:11:02', '2017-07-18 22:54:30', 4);
INSERT INTO `vehicle` (`id`, `vin`, `make`, `model`, `year`, `color`, `created`, `updated`, `vehicle_type_id`) VALUES (25, '1FMEU7DE8AU450412', 'Ford', 'Excursion', 2003, 'Orange', '2015-01-22 03:30:59', '2013-07-21 22:25:26', 4);
INSERT INTO `vehicle` (`id`, `vin`, `make`, `model`, `year`, `color`, `created`, `updated`, `vehicle_type_id`) VALUES (26, '5NPDH4AE0BH500242', 'Ford', 'Thunderbird', 1992, 'Goldenrod', '2021-08-10 22:52:31', '2017-07-18 00:46:34', 1);
INSERT INTO `vehicle` (`id`, `vin`, `make`, `model`, `year`, `color`, `created`, `updated`, `vehicle_type_id`) VALUES (27, 'WAU3FAFR8BA005609', 'Mitsubishi', 'Mirage', 1988, 'Pink', '2019-08-03 16:15:35', '2015-11-08 03:21:39', 4);
INSERT INTO `vehicle` (`id`, `vin`, `make`, `model`, `year`, `color`, `created`, `updated`, `vehicle_type_id`) VALUES (28, 'JM1NC2LF0C0804747', 'Volvo', 'S40', 2000, 'Goldenrod', '2018-10-29 09:34:29', '2016-09-16 00:27:40', 3);
INSERT INTO `vehicle` (`id`, `vin`, `make`, `model`, `year`, `color`, `created`, `updated`, `vehicle_type_id`) VALUES (29, 'WAUHF68P36A534101', 'Mazda', 'RX-8', 2006, 'Puce', '2013-12-25 20:18:13', '2020-10-09 20:37:25', 5);
INSERT INTO `vehicle` (`id`, `vin`, `make`, `model`, `year`, `color`, `created`, `updated`, `vehicle_type_id`) VALUES (30, '5N1AN0NW0FN130595', 'Toyota', 'Tacoma', 2001, 'Maroon', '2014-11-22 20:10:51', '2016-04-20 12:39:44', 3);
INSERT INTO `vehicle` (`id`, `vin`, `make`, `model`, `year`, `color`, `created`, `updated`, `vehicle_type_id`) VALUES (31, '2C3CCABG0FH593873', 'Bentley', 'Arnage', 2005, 'Khaki', '2021-01-26 02:41:52', '2021-05-28 01:59:18', 3);
INSERT INTO `vehicle` (`id`, `vin`, `make`, `model`, `year`, `color`, `created`, `updated`, `vehicle_type_id`) VALUES (32, '2T1BU4EE4DC114524', 'Ford', 'Taurus', 1989, 'Red', '2014-11-01 15:29:13', '2016-12-13 18:10:01', 5);
INSERT INTO `vehicle` (`id`, `vin`, `make`, `model`, `year`, `color`, `created`, `updated`, `vehicle_type_id`) VALUES (33, 'WAUXL58E24A686364', 'Mercury', 'Villager', 2000, 'Orange', '2017-12-21 07:03:52', '2018-09-12 17:40:40', 1);
INSERT INTO `vehicle` (`id`, `vin`, `make`, `model`, `year`, `color`, `created`, `updated`, `vehicle_type_id`) VALUES (34, 'WAUJC68E75A767017', 'Plymouth', 'Neon', 2001, 'Indigo', '2020-03-20 21:32:14', '2012-10-16 04:13:56', 4);
INSERT INTO `vehicle` (`id`, `vin`, `make`, `model`, `year`, `color`, `created`, `updated`, `vehicle_type_id`) VALUES (35, 'JTJBM7FX5F5109363', 'Hyundai', 'Entourage', 2007, 'Yellow', '2016-01-16 04:43:51', '2019-12-14 02:32:01', 5);
INSERT INTO `vehicle` (`id`, `vin`, `make`, `model`, `year`, `color`, `created`, `updated`, `vehicle_type_id`) VALUES (36, 'WBAYE8C59FD843977', 'Saab', '9000', 1990, 'Orange', '2018-07-16 00:04:57', '2018-03-29 20:55:41', 5);
INSERT INTO `vehicle` (`id`, `vin`, `make`, `model`, `year`, `color`, `created`, `updated`, `vehicle_type_id`) VALUES (37, '2G4WD562651760624', 'Acura', 'CL', 2001, 'Violet', '2019-01-12 23:24:55', '2021-02-13 13:07:23', 2);
INSERT INTO `vehicle` (`id`, `vin`, `make`, `model`, `year`, `color`, `created`, `updated`, `vehicle_type_id`) VALUES (38, 'WA1LMAFE9DD110760', 'Pontiac', 'Trans Sport', 1992, 'Goldenrod', '2021-03-31 11:20:15', '2015-05-10 00:23:29', 1);
INSERT INTO `vehicle` (`id`, `vin`, `make`, `model`, `year`, `color`, `created`, `updated`, `vehicle_type_id`) VALUES (39, '1GYS4BEFXBR471104', 'Ford', 'Crown Victoria', 1992, 'Aquamarine', '2021-12-21 18:37:30', '2017-10-03 21:50:09', 2);
INSERT INTO `vehicle` (`id`, `vin`, `make`, `model`, `year`, `color`, `created`, `updated`, `vehicle_type_id`) VALUES (40, '1N6BF0KL5FN716335', 'Chevrolet', 'Corvette', 2005, 'Red', '2013-07-10 17:55:56', '2012-07-27 20:11:08', 4);
INSERT INTO `vehicle` (`id`, `vin`, `make`, `model`, `year`, `color`, `created`, `updated`, `vehicle_type_id`) VALUES (41, 'WAUAGAFDXEN190963', 'Chevrolet', 'Monza', 1975, 'Blue', '2015-05-18 03:41:31', '2013-12-04 09:48:01', 4);
INSERT INTO `vehicle` (`id`, `vin`, `make`, `model`, `year`, `color`, `created`, `updated`, `vehicle_type_id`) VALUES (42, 'JH4DB76511S552313', 'Mitsubishi', 'Galant', 2003, 'Yellow', '2019-07-31 14:40:33', '2012-02-05 07:43:16', 4);
INSERT INTO `vehicle` (`id`, `vin`, `make`, `model`, `year`, `color`, `created`, `updated`, `vehicle_type_id`) VALUES (43, 'WBA1K5C56FV250578', 'Mazda', 'MX-5', 2009, 'Green', '2015-03-23 11:29:28', '2019-06-21 12:55:18', 1);
INSERT INTO `vehicle` (`id`, `vin`, `make`, `model`, `year`, `color`, `created`, `updated`, `vehicle_type_id`) VALUES (44, 'WA1CMAFE1DD126144', 'Volkswagen', 'Fox', 1991, 'Goldenrod', '2015-11-21 22:43:32', '2014-02-22 14:02:05', 5);
INSERT INTO `vehicle` (`id`, `vin`, `make`, `model`, `year`, `color`, `created`, `updated`, `vehicle_type_id`) VALUES (45, '2HNYD18234H097600', 'Plymouth', 'Acclaim', 1995, 'Red', '2020-01-24 03:30:03', '2013-08-25 00:13:14', 3);
INSERT INTO `vehicle` (`id`, `vin`, `make`, `model`, `year`, `color`, `created`, `updated`, `vehicle_type_id`) VALUES (46, '3D73Y4CL3BG965135', 'Dodge', 'Viper', 1992, 'Mauv', '2016-12-21 11:30:52', '2018-09-26 05:54:33', 5);
INSERT INTO `vehicle` (`id`, `vin`, `make`, `model`, `year`, `color`, `created`, `updated`, `vehicle_type_id`) VALUES (47, 'WA1VMAFE1DD229542', 'Cadillac', 'Escalade ESV', 2011, 'Mauv', '2012-12-29 17:57:09', '2021-04-26 22:07:20', 3);
INSERT INTO `vehicle` (`id`, `vin`, `make`, `model`, `year`, `color`, `created`, `updated`, `vehicle_type_id`) VALUES (48, '1FTMF1CW5AK977305', 'Mazda', 'RX-8', 2005, 'Turquoise', '2012-05-26 10:35:53', '2021-12-04 12:06:28', 5);
INSERT INTO `vehicle` (`id`, `vin`, `make`, `model`, `year`, `color`, `created`, `updated`, `vehicle_type_id`) VALUES (49, 'JTHBF1D25F5314665', 'Ford', 'Econoline E350', 1995, 'Red', '2018-10-15 13:37:09', '2019-08-22 21:49:57', 5);
INSERT INTO `vehicle` (`id`, `vin`, `make`, `model`, `year`, `color`, `created`, `updated`, `vehicle_type_id`) VALUES (50, '2G61V5S84E9755481', 'Saab', '9000', 1990, 'Green', '2012-03-07 13:19:43', '2013-07-06 16:31:40', 4);
INSERT INTO `vehicle` (`id`, `vin`, `make`, `model`, `year`, `color`, `created`, `updated`, `vehicle_type_id`) VALUES (51, '1C4NJCBA1FD119980', 'GMC', 'Yukon XL 1500', 2013, 'Violet', '2020-07-18 13:08:44', '2016-08-02 06:41:29', 4);
INSERT INTO `vehicle` (`id`, `vin`, `make`, `model`, `year`, `color`, `created`, `updated`, `vehicle_type_id`) VALUES (52, 'JN8AZ1MU6CW274693', 'Nissan', 'Maxima', 1990, 'Pink', '2020-05-13 08:00:30', '2012-12-29 08:15:15', 2);
INSERT INTO `vehicle` (`id`, `vin`, `make`, `model`, `year`, `color`, `created`, `updated`, `vehicle_type_id`) VALUES (53, 'JN8AS1MU5CM365390', 'Land Rover', 'Range Rover', 2003, 'Goldenrod', '2013-02-06 17:15:01', '2020-07-25 22:03:57', 3);
INSERT INTO `vehicle` (`id`, `vin`, `make`, `model`, `year`, `color`, `created`, `updated`, `vehicle_type_id`) VALUES (54, '4T3BA3BB6AU466101', 'Nissan', 'Maxima', 2008, 'Violet', '2021-06-12 17:02:22', '2017-03-16 22:02:10', 2);
INSERT INTO `vehicle` (`id`, `vin`, `make`, `model`, `year`, `color`, `created`, `updated`, `vehicle_type_id`) VALUES (55, 'WVWAA7AJ6CW814849', 'Mercury', 'Mariner', 2005, 'Red', '2016-11-11 23:43:33', '2020-11-24 16:06:35', 5);
INSERT INTO `vehicle` (`id`, `vin`, `make`, `model`, `year`, `color`, `created`, `updated`, `vehicle_type_id`) VALUES (56, '1GD02ZCGXBZ231294', 'Acura', 'RDX', 2008, 'Purple', '2013-08-26 18:55:58', '2012-06-30 02:11:48', 2);
INSERT INTO `vehicle` (`id`, `vin`, `make`, `model`, `year`, `color`, `created`, `updated`, `vehicle_type_id`) VALUES (57, '1GYFK63888R813144', 'Chevrolet', 'Suburban 1500', 2003, 'Mauv', '2012-09-22 18:50:35', '2020-10-16 11:31:52', 1);
INSERT INTO `vehicle` (`id`, `vin`, `make`, `model`, `year`, `color`, `created`, `updated`, `vehicle_type_id`) VALUES (58, 'WVGAV7AX1AW873227', 'Hyundai', 'Genesis', 2010, 'Goldenrod', '2012-12-05 23:24:12', '2015-08-08 14:52:49', 2);
INSERT INTO `vehicle` (`id`, `vin`, `make`, `model`, `year`, `color`, `created`, `updated`, `vehicle_type_id`) VALUES (59, '3GYT4MEF2CG938825', 'Pontiac', 'Firefly', 1992, 'Green', '2019-05-27 14:30:17', '2018-02-17 23:36:46', 2);
INSERT INTO `vehicle` (`id`, `vin`, `make`, `model`, `year`, `color`, `created`, `updated`, `vehicle_type_id`) VALUES (60, '5XYKT3A16DG338172', 'BMW', '6 Series', 2008, 'Crimson', '2019-04-29 08:46:24', '2012-08-30 10:06:45', 1);
INSERT INTO `vehicle` (`id`, `vin`, `make`, `model`, `year`, `color`, `created`, `updated`, `vehicle_type_id`) VALUES (61, 'WBAEN33425E501342', 'Lincoln', 'MKS', 2010, 'Indigo', '2021-04-04 18:40:36', '2016-02-05 18:08:35', 3);
INSERT INTO `vehicle` (`id`, `vin`, `make`, `model`, `year`, `color`, `created`, `updated`, `vehicle_type_id`) VALUES (62, 'WAUFGBFB6BN542006', 'Ferrari', '612 Scaglietti', 2007, 'Red', '2020-06-09 08:33:58', '2012-11-26 04:40:55', 4);
INSERT INTO `vehicle` (`id`, `vin`, `make`, `model`, `year`, `color`, `created`, `updated`, `vehicle_type_id`) VALUES (63, 'JM1NC2SF7F0172190', 'Nissan', 'Sentra', 2005, 'Khaki', '2016-11-21 07:21:53', '2014-09-03 03:52:33', 3);
INSERT INTO `vehicle` (`id`, `vin`, `make`, `model`, `year`, `color`, `created`, `updated`, `vehicle_type_id`) VALUES (64, 'SALVE2BG2FH726586', 'Nissan', 'Armada', 2008, 'Indigo', '2020-11-30 05:52:52', '2021-08-27 21:29:51', 5);
INSERT INTO `vehicle` (`id`, `vin`, `make`, `model`, `year`, `color`, `created`, `updated`, `vehicle_type_id`) VALUES (65, 'SCFEBBCF6BG795451', 'Buick', 'Skylark', 1997, 'Purple', '2013-03-28 08:58:06', '2019-02-03 22:17:30', 1);
INSERT INTO `vehicle` (`id`, `vin`, `make`, `model`, `year`, `color`, `created`, `updated`, `vehicle_type_id`) VALUES (66, 'YV140MAB3F1154756', 'Mazda', 'MPV', 1995, 'Turquoise', '2020-10-01 03:15:44', '2021-04-15 00:29:18', 2);
INSERT INTO `vehicle` (`id`, `vin`, `make`, `model`, `year`, `color`, `created`, `updated`, `vehicle_type_id`) VALUES (67, 'WAUWFAFH3AN151380', 'BMW', 'M6', 2006, 'Mauv', '2017-04-12 16:12:07', '2019-12-15 13:50:03', 4);
INSERT INTO `vehicle` (`id`, `vin`, `make`, `model`, `year`, `color`, `created`, `updated`, `vehicle_type_id`) VALUES (68, '2HNYB1H69CH663055', 'Chevrolet', 'Camaro', 1997, 'Khaki', '2013-10-17 12:16:34', '2017-06-07 07:01:40', 4);
INSERT INTO `vehicle` (`id`, `vin`, `make`, `model`, `year`, `color`, `created`, `updated`, `vehicle_type_id`) VALUES (69, 'WBA5B1C54FG731962', 'Chevrolet', 'Colorado', 2012, 'Aquamarine', '2012-04-05 09:58:48', '2020-05-23 05:50:01', 3);
INSERT INTO `vehicle` (`id`, `vin`, `make`, `model`, `year`, `color`, `created`, `updated`, `vehicle_type_id`) VALUES (70, 'JTHBF1D24F5369740', 'Toyota', 'MR2', 2005, 'Fuscia', '2021-03-17 09:49:42', '2014-04-27 01:59:17', 3);
INSERT INTO `vehicle` (`id`, `vin`, `make`, `model`, `year`, `color`, `created`, `updated`, `vehicle_type_id`) VALUES (71, 'WAUAH68D91A967335', 'Ford', 'Explorer', 1995, 'Violet', '2019-06-08 15:24:45', '2018-04-01 05:40:42', 3);
INSERT INTO `vehicle` (`id`, `vin`, `make`, `model`, `year`, `color`, `created`, `updated`, `vehicle_type_id`) VALUES (72, '1FAHP2D80DG217898', 'Cadillac', 'XLR', 2007, 'Teal', '2019-04-10 13:19:36', '2017-01-28 16:33:58', 1);
INSERT INTO `vehicle` (`id`, `vin`, `make`, `model`, `year`, `color`, `created`, `updated`, `vehicle_type_id`) VALUES (73, 'YV1672MK5D2095771', 'Infiniti', 'QX56', 2009, 'Orange', '2012-07-27 10:13:11', '2012-05-08 08:31:56', 2);
INSERT INTO `vehicle` (`id`, `vin`, `make`, `model`, `year`, `color`, `created`, `updated`, `vehicle_type_id`) VALUES (74, '1G6AM1R31F0360207', 'GMC', '1500 Club Coupe', 1994, 'Violet', '2012-05-06 09:51:55', '2018-09-13 16:56:00', 3);
INSERT INTO `vehicle` (`id`, `vin`, `make`, `model`, `year`, `color`, `created`, `updated`, `vehicle_type_id`) VALUES (75, 'WA1MYAFE4AD645256', 'Pontiac', 'Firebird', 1998, 'Yellow', '2015-07-07 01:15:24', '2017-09-09 09:23:54', 5);
INSERT INTO `vehicle` (`id`, `vin`, `make`, `model`, `year`, `color`, `created`, `updated`, `vehicle_type_id`) VALUES (76, '1G6AD5S39E0813182', 'Oldsmobile', '98', 1993, 'Goldenrod', '2017-02-12 19:35:29', '2013-03-11 10:49:26', 4);
INSERT INTO `vehicle` (`id`, `vin`, `make`, `model`, `year`, `color`, `created`, `updated`, `vehicle_type_id`) VALUES (77, '1FTWW3B54AE551648', 'Honda', 'CR-V', 2004, 'Mauv', '2016-06-17 23:20:10', '2014-12-11 05:13:02', 1);
INSERT INTO `vehicle` (`id`, `vin`, `make`, `model`, `year`, `color`, `created`, `updated`, `vehicle_type_id`) VALUES (78, '5J6TF1H38DL469125', 'Mercury', 'Tracer', 1998, 'Khaki', '2017-09-28 17:33:50', '2018-05-07 12:57:56', 4);
INSERT INTO `vehicle` (`id`, `vin`, `make`, `model`, `year`, `color`, `created`, `updated`, `vehicle_type_id`) VALUES (79, 'JA32X8HW0EU831301', 'Lamborghini', 'Gallardo', 2006, 'Red', '2012-01-31 00:47:02', '2021-07-14 01:00:38', 1);
INSERT INTO `vehicle` (`id`, `vin`, `make`, `model`, `year`, `color`, `created`, `updated`, `vehicle_type_id`) VALUES (80, 'JM1GJ1T6XE1567870', 'Mitsubishi', 'Montero Sport', 1998, 'Maroon', '2020-04-22 20:17:05', '2020-04-16 10:04:12', 3);
INSERT INTO `vehicle` (`id`, `vin`, `make`, `model`, `year`, `color`, `created`, `updated`, `vehicle_type_id`) VALUES (81, '1GYS3CEF2BR937942', 'Isuzu', 'Stylus', 1993, 'Aquamarine', '2016-07-09 19:38:09', '2013-05-17 13:47:30', 4);
INSERT INTO `vehicle` (`id`, `vin`, `make`, `model`, `year`, `color`, `created`, `updated`, `vehicle_type_id`) VALUES (82, 'WAUMF68PX6A292843', 'Mercedes-Benz', 'SLK-Class', 2005, 'Red', '2016-05-11 12:24:28', '2021-05-10 12:05:58', 2);
INSERT INTO `vehicle` (`id`, `vin`, `make`, `model`, `year`, `color`, `created`, `updated`, `vehicle_type_id`) VALUES (83, '3C3CFFFH4CT361481', 'GMC', 'Yukon XL 1500', 2011, 'Pink', '2018-01-27 11:52:21', '2021-03-23 18:08:24', 5);
INSERT INTO `vehicle` (`id`, `vin`, `make`, `model`, `year`, `color`, `created`, `updated`, `vehicle_type_id`) VALUES (84, 'JTHBL1EF4B5865433', 'Hyundai', 'Elantra', 1997, 'Crimson', '2015-09-25 05:57:16', '2016-06-03 00:51:47', 4);
INSERT INTO `vehicle` (`id`, `vin`, `make`, `model`, `year`, `color`, `created`, `updated`, `vehicle_type_id`) VALUES (85, 'WAUDGBFL9CA769070', 'BMW', 'Z3', 1997, 'Blue', '2020-08-04 05:26:24', '2012-10-08 06:57:27', 5);
INSERT INTO `vehicle` (`id`, `vin`, `make`, `model`, `year`, `color`, `created`, `updated`, `vehicle_type_id`) VALUES (86, '3D7TT2HT3BG120765', 'Mercedes-Benz', '300CE', 1993, 'Aquamarine', '2018-02-19 11:29:33', '2019-07-27 15:59:59', 1);
INSERT INTO `vehicle` (`id`, `vin`, `make`, `model`, `year`, `color`, `created`, `updated`, `vehicle_type_id`) VALUES (87, '3C3CFFFH9FT651185', 'GMC', 'Sierra 1500', 2009, 'Maroon', '2021-01-27 10:08:31', '2019-10-29 01:54:05', 2);
INSERT INTO `vehicle` (`id`, `vin`, `make`, `model`, `year`, `color`, `created`, `updated`, `vehicle_type_id`) VALUES (88, 'WBABV13466J005573', 'Dodge', 'Charger', 2007, 'Green', '2016-08-25 06:55:57', '2014-07-21 18:55:38', 4);
INSERT INTO `vehicle` (`id`, `vin`, `make`, `model`, `year`, `color`, `created`, `updated`, `vehicle_type_id`) VALUES (89, 'WBA3K5C54EF950603', 'Mazda', 'MX-5', 1992, 'Puce', '2020-11-03 07:28:27', '2021-12-26 01:41:32', 5);
INSERT INTO `vehicle` (`id`, `vin`, `make`, `model`, `year`, `color`, `created`, `updated`, `vehicle_type_id`) VALUES (90, 'WA1WMBFE9DD628578', 'Hyundai', 'Genesis', 2012, 'Pink', '2014-03-28 00:40:45', '2021-03-23 04:43:15', 5);
INSERT INTO `vehicle` (`id`, `vin`, `make`, `model`, `year`, `color`, `created`, `updated`, `vehicle_type_id`) VALUES (91, 'YV1672MK8D2398995', 'Ford', 'Laser', 1987, 'Teal', '2013-03-02 07:43:11', '2015-10-14 07:55:51', 3);
INSERT INTO `vehicle` (`id`, `vin`, `make`, `model`, `year`, `color`, `created`, `updated`, `vehicle_type_id`) VALUES (92, '2C3CCADG1DH192634', 'Jaguar', 'XF', 2012, 'Yellow', '2019-12-30 07:16:57', '2017-10-08 16:05:32', 2);
INSERT INTO `vehicle` (`id`, `vin`, `make`, `model`, `year`, `color`, `created`, `updated`, `vehicle_type_id`) VALUES (93, '2B3CJ5DT8BH738639', 'Nissan', 'Pathfinder', 2003, 'Fuscia', '2019-06-21 14:26:43', '2013-12-04 11:41:30', 4);
INSERT INTO `vehicle` (`id`, `vin`, `make`, `model`, `year`, `color`, `created`, `updated`, `vehicle_type_id`) VALUES (94, '1GYUKEEJ1AR687782', 'Chevrolet', 'Camaro', 1970, 'Khaki', '2013-01-25 14:06:31', '2020-12-16 11:03:25', 2);
INSERT INTO `vehicle` (`id`, `vin`, `make`, `model`, `year`, `color`, `created`, `updated`, `vehicle_type_id`) VALUES (95, '1G6KD57Y97U355664', 'Lamborghini', 'Diablo', 1994, 'Violet', '2018-11-13 03:13:26', '2019-06-22 10:13:50', 3);
INSERT INTO `vehicle` (`id`, `vin`, `make`, `model`, `year`, `color`, `created`, `updated`, `vehicle_type_id`) VALUES (96, '5UMCN93452L650666', 'Audi', 'RS 4', 2008, 'Mauv', '2021-05-23 12:04:58', '2016-05-13 03:19:23', 1);
INSERT INTO `vehicle` (`id`, `vin`, `make`, `model`, `year`, `color`, `created`, `updated`, `vehicle_type_id`) VALUES (97, '5N1AA0NC8CN177192', 'Plymouth', 'Grand Voyager', 2000, 'Orange', '2020-02-24 22:30:36', '2017-05-09 01:40:38', 5);
INSERT INTO `vehicle` (`id`, `vin`, `make`, `model`, `year`, `color`, `created`, `updated`, `vehicle_type_id`) VALUES (98, '5J8TB4H5XGL659678', 'Daewoo', 'Leganza', 2000, 'Indigo', '2014-02-09 04:46:19', '2021-08-09 08:46:29', 3);
INSERT INTO `vehicle` (`id`, `vin`, `make`, `model`, `year`, `color`, `created`, `updated`, `vehicle_type_id`) VALUES (99, '1FTEX1CM3BK127819', 'Cadillac', 'Catera', 1997, 'Orange', '2017-09-29 18:01:55', '2013-01-31 13:53:56', 1);
INSERT INTO `vehicle` (`id`, `vin`, `make`, `model`, `year`, `color`, `created`, `updated`, `vehicle_type_id`) VALUES (100, 'WAUKGAFB9AN732521', 'Hyundai', 'Sonata', 2006, 'Fuscia', '2018-10-30 20:14:00', '2020-01-03 05:49:22', 1);

COMMIT;


-- -----------------------------------------------------
-- Data for table `services`
-- -----------------------------------------------------
START TRANSACTION;
USE `automaticDB`;
INSERT INTO `services` (`id`, `type`, `created`, `odometer`, `cost`) VALUES (1, 'Stucco Mason', '2018-05-24 12:39:13', 287846, 2506.29);
INSERT INTO `services` (`id`, `type`, `created`, `odometer`, `cost`) VALUES (2, 'Welder', '2020-05-03 23:31:14', 16841, 663.0);
INSERT INTO `services` (`id`, `type`, `created`, `odometer`, `cost`) VALUES (3, 'Concrete Finisher', '2019-11-04 22:56:30', 270223, 2077.4);
INSERT INTO `services` (`id`, `type`, `created`, `odometer`, `cost`) VALUES (4, 'Cement Mason', '2016-03-02 14:03:57', 232508, 4780.26);
INSERT INTO `services` (`id`, `type`, `created`, `odometer`, `cost`) VALUES (5, 'Plumber', '2017-08-06 04:58:12', 296070, 1736.35);
INSERT INTO `services` (`id`, `type`, `created`, `odometer`, `cost`) VALUES (6, 'Tile Setter', '2018-03-19 11:55:56', 299748, 3301.79);
INSERT INTO `services` (`id`, `type`, `created`, `odometer`, `cost`) VALUES (7, 'Sheet Metal Worker', '2017-07-24 04:53:02', 22929, 4485.92);
INSERT INTO `services` (`id`, `type`, `created`, `odometer`, `cost`) VALUES (8, 'Ironworker', '2019-07-29 02:37:02', 32284, 1921.48);
INSERT INTO `services` (`id`, `type`, `created`, `odometer`, `cost`) VALUES (9, 'Glazier', '2019-05-04 17:01:42', 48730, 2240.29);
INSERT INTO `services` (`id`, `type`, `created`, `odometer`, `cost`) VALUES (10, 'Boilermaker', '2016-03-23 20:14:55', 200743, 1561.77);
INSERT INTO `services` (`id`, `type`, `created`, `odometer`, `cost`) VALUES (11, 'Pipefitter', '2018-05-10 12:17:29', 205685, 3054.79);
INSERT INTO `services` (`id`, `type`, `created`, `odometer`, `cost`) VALUES (12, 'Plumber', '2014-04-10 01:05:21', 153718, 4862.16);
INSERT INTO `services` (`id`, `type`, `created`, `odometer`, `cost`) VALUES (13, 'Plasterers', '2013-11-13 21:50:13', 86570, 4272.0);
INSERT INTO `services` (`id`, `type`, `created`, `odometer`, `cost`) VALUES (14, 'Boilermaker', '2013-01-06 17:57:52', 172770, 2182.28);
INSERT INTO `services` (`id`, `type`, `created`, `odometer`, `cost`) VALUES (15, 'Laborer', '2016-04-18 01:30:31', 209617, 728.39);
INSERT INTO `services` (`id`, `type`, `created`, `odometer`, `cost`) VALUES (16, 'Concrete Finisher', '2021-11-08 09:32:56', 242124, 3565.87);
INSERT INTO `services` (`id`, `type`, `created`, `odometer`, `cost`) VALUES (17, 'HVAC', '2013-02-22 18:07:13', 86793, 4930.24);
INSERT INTO `services` (`id`, `type`, `created`, `odometer`, `cost`) VALUES (18, 'Boilermaker', '2012-02-15 11:37:28', 76964, 932.41);
INSERT INTO `services` (`id`, `type`, `created`, `odometer`, `cost`) VALUES (19, 'Concrete Finisher', '2019-08-30 16:43:30', 262649, 1829.88);
INSERT INTO `services` (`id`, `type`, `created`, `odometer`, `cost`) VALUES (20, 'Millwright', '2016-03-05 04:33:08', 24334, 679.1);
INSERT INTO `services` (`id`, `type`, `created`, `odometer`, `cost`) VALUES (21, 'Equipment Operator', '2017-10-20 23:38:18', 144383, 213.11);
INSERT INTO `services` (`id`, `type`, `created`, `odometer`, `cost`) VALUES (22, 'Brickmason', '2013-10-22 21:23:11', 224896, 1273.22);
INSERT INTO `services` (`id`, `type`, `created`, `odometer`, `cost`) VALUES (23, 'Tile Setter', '2019-11-28 02:23:50', 183877, 514.76);
INSERT INTO `services` (`id`, `type`, `created`, `odometer`, `cost`) VALUES (24, 'Waterproofer', '2013-03-30 11:10:51', 17923, 3350.76);
INSERT INTO `services` (`id`, `type`, `created`, `odometer`, `cost`) VALUES (25, 'Stucco Mason', '2019-09-09 02:34:19', 19802, 4981.54);
INSERT INTO `services` (`id`, `type`, `created`, `odometer`, `cost`) VALUES (26, 'Tile Setter', '2018-07-18 13:33:34', 27886, 3147.77);
INSERT INTO `services` (`id`, `type`, `created`, `odometer`, `cost`) VALUES (27, 'Terrazzo', '2018-07-23 19:40:09', 9781, 306.56);
INSERT INTO `services` (`id`, `type`, `created`, `odometer`, `cost`) VALUES (28, 'Boilermaker', '2013-04-29 23:03:19', 282104, 4176.21);
INSERT INTO `services` (`id`, `type`, `created`, `odometer`, `cost`) VALUES (29, 'Carpenter', '2018-09-27 07:51:50', 229174, 4220.41);
INSERT INTO `services` (`id`, `type`, `created`, `odometer`, `cost`) VALUES (30, 'Ironworker', '2015-06-05 04:39:03', 249570, 716.62);
INSERT INTO `services` (`id`, `type`, `created`, `odometer`, `cost`) VALUES (31, 'Ironworker', '2016-03-08 06:10:25', 282335, 1324.0);
INSERT INTO `services` (`id`, `type`, `created`, `odometer`, `cost`) VALUES (32, 'Waterproofer', '2021-04-20 18:18:19', 292678, 389.9);
INSERT INTO `services` (`id`, `type`, `created`, `odometer`, `cost`) VALUES (33, 'Carpenter', '2019-06-30 15:05:47', 45455, 4898.24);
INSERT INTO `services` (`id`, `type`, `created`, `odometer`, `cost`) VALUES (34, 'Glazier', '2021-07-23 03:05:47', 141674, 2361.2);
INSERT INTO `services` (`id`, `type`, `created`, `odometer`, `cost`) VALUES (35, 'Sheet Metal Worker', '2015-06-01 14:23:47', 172854, 551.84);
INSERT INTO `services` (`id`, `type`, `created`, `odometer`, `cost`) VALUES (36, 'Plasterers', '2021-03-21 19:21:43', 1082, 752.58);
INSERT INTO `services` (`id`, `type`, `created`, `odometer`, `cost`) VALUES (37, 'Linemen', '2017-01-12 20:30:48', 197249, 1533.96);
INSERT INTO `services` (`id`, `type`, `created`, `odometer`, `cost`) VALUES (38, 'Millwright', '2018-06-03 12:44:08', 152288, 4470.73);
INSERT INTO `services` (`id`, `type`, `created`, `odometer`, `cost`) VALUES (39, 'Cement Mason', '2018-03-08 13:25:30', 182319, 4110.13);
INSERT INTO `services` (`id`, `type`, `created`, `odometer`, `cost`) VALUES (40, 'Linemen', '2021-06-15 14:29:36', 65457, 1219.55);
INSERT INTO `services` (`id`, `type`, `created`, `odometer`, `cost`) VALUES (41, 'Painter', '2019-07-31 11:49:26', 14712, 617.8);
INSERT INTO `services` (`id`, `type`, `created`, `odometer`, `cost`) VALUES (42, 'Terrazzo', '2012-05-19 21:45:18', 58328, 1982.23);
INSERT INTO `services` (`id`, `type`, `created`, `odometer`, `cost`) VALUES (43, 'Ironworker', '2015-01-12 03:28:02', 201482, 4618.29);
INSERT INTO `services` (`id`, `type`, `created`, `odometer`, `cost`) VALUES (44, 'Stucco Mason', '2020-09-21 05:21:16', 273810, 418.52);
INSERT INTO `services` (`id`, `type`, `created`, `odometer`, `cost`) VALUES (45, 'Equipment Operator', '2013-08-01 17:20:14', 91853, 947.84);
INSERT INTO `services` (`id`, `type`, `created`, `odometer`, `cost`) VALUES (46, 'Tile Setter', '2019-02-03 07:32:59', 120021, 671.69);
INSERT INTO `services` (`id`, `type`, `created`, `odometer`, `cost`) VALUES (47, 'Painter', '2021-06-15 04:17:57', 54585, 4794.95);
INSERT INTO `services` (`id`, `type`, `created`, `odometer`, `cost`) VALUES (48, 'Plumber', '2020-07-08 01:21:28', 152524, 3890.97);
INSERT INTO `services` (`id`, `type`, `created`, `odometer`, `cost`) VALUES (49, 'Electrician', '2020-03-06 12:32:58', 102428, 4239.69);
INSERT INTO `services` (`id`, `type`, `created`, `odometer`, `cost`) VALUES (50, 'Equipment Operator', '2015-01-11 03:09:17', 275403, 1827.73);
INSERT INTO `services` (`id`, `type`, `created`, `odometer`, `cost`) VALUES (51, 'Millwright', '2015-12-03 01:15:02', 146063, 1392.22);
INSERT INTO `services` (`id`, `type`, `created`, `odometer`, `cost`) VALUES (52, 'Laborer', '2016-05-28 10:38:13', 40892, 1509.49);
INSERT INTO `services` (`id`, `type`, `created`, `odometer`, `cost`) VALUES (53, 'Sheet Metal Worker', '2019-05-19 11:08:42', 248250, 3831.31);
INSERT INTO `services` (`id`, `type`, `created`, `odometer`, `cost`) VALUES (54, 'Tile Setter', '2019-04-22 05:23:51', 140130, 3441.56);
INSERT INTO `services` (`id`, `type`, `created`, `odometer`, `cost`) VALUES (55, 'Millwright', '2021-05-26 07:49:46', 239295, 4517.69);
INSERT INTO `services` (`id`, `type`, `created`, `odometer`, `cost`) VALUES (56, 'HVAC', '2017-03-11 11:38:34', 31531, 1833.06);
INSERT INTO `services` (`id`, `type`, `created`, `odometer`, `cost`) VALUES (57, 'Painter', '2017-10-11 21:11:37', 167687, 4744.36);
INSERT INTO `services` (`id`, `type`, `created`, `odometer`, `cost`) VALUES (58, 'Electrician', '2018-09-01 22:43:43', 224235, 554.01);
INSERT INTO `services` (`id`, `type`, `created`, `odometer`, `cost`) VALUES (59, 'Brickmason', '2018-02-07 03:56:43', 217987, 2236.73);
INSERT INTO `services` (`id`, `type`, `created`, `odometer`, `cost`) VALUES (60, 'Glazier', '2015-12-06 18:33:33', 283449, 46.48);
INSERT INTO `services` (`id`, `type`, `created`, `odometer`, `cost`) VALUES (61, 'Stucco Mason', '2014-05-26 07:44:40', 38898, 1296.01);
INSERT INTO `services` (`id`, `type`, `created`, `odometer`, `cost`) VALUES (62, 'Cement Mason', '2020-06-04 14:47:20', 272838, 4544.79);
INSERT INTO `services` (`id`, `type`, `created`, `odometer`, `cost`) VALUES (63, 'Landscaper', '2015-05-29 04:58:36', 31204, 100.83);
INSERT INTO `services` (`id`, `type`, `created`, `odometer`, `cost`) VALUES (64, 'Terrazzo', '2012-02-21 18:43:39', 102399, 3769.66);
INSERT INTO `services` (`id`, `type`, `created`, `odometer`, `cost`) VALUES (65, 'Ironworker', '2019-11-14 11:54:41', 241880, 4362.09);
INSERT INTO `services` (`id`, `type`, `created`, `odometer`, `cost`) VALUES (66, 'Boilermaker', '2015-01-18 03:43:37', 155443, 1880.9);
INSERT INTO `services` (`id`, `type`, `created`, `odometer`, `cost`) VALUES (67, 'Terrazzo', '2021-06-11 19:43:08', 10512, 343.19);
INSERT INTO `services` (`id`, `type`, `created`, `odometer`, `cost`) VALUES (68, 'Ironworker', '2013-05-27 17:58:26', 137940, 3543.71);
INSERT INTO `services` (`id`, `type`, `created`, `odometer`, `cost`) VALUES (69, 'Ironworker', '2021-09-20 16:08:03', 5715, 4066.66);
INSERT INTO `services` (`id`, `type`, `created`, `odometer`, `cost`) VALUES (70, 'Waterproofer', '2015-07-20 14:56:18', 33560, 3312.48);
INSERT INTO `services` (`id`, `type`, `created`, `odometer`, `cost`) VALUES (71, 'Millwright', '2014-06-27 19:03:54', 97585, 3142.85);
INSERT INTO `services` (`id`, `type`, `created`, `odometer`, `cost`) VALUES (72, 'Laborer', '2019-10-21 07:01:52', 56922, 2100.77);
INSERT INTO `services` (`id`, `type`, `created`, `odometer`, `cost`) VALUES (73, 'Boilermaker', '2014-01-02 11:47:56', 267272, 4836.6);
INSERT INTO `services` (`id`, `type`, `created`, `odometer`, `cost`) VALUES (74, 'Pipefitter', '2014-01-28 06:07:20', 107767, 2981.58);
INSERT INTO `services` (`id`, `type`, `created`, `odometer`, `cost`) VALUES (75, 'Pipelayer', '2014-01-09 01:19:58', 286427, 842.48);
INSERT INTO `services` (`id`, `type`, `created`, `odometer`, `cost`) VALUES (76, 'Painter', '2017-06-21 17:35:33', 79960, 4455.7);
INSERT INTO `services` (`id`, `type`, `created`, `odometer`, `cost`) VALUES (77, 'Painter', '2017-07-27 00:04:15', 24419, 878.9);
INSERT INTO `services` (`id`, `type`, `created`, `odometer`, `cost`) VALUES (78, 'Concrete Finisher', '2021-12-07 19:50:59', 147559, 3842.47);
INSERT INTO `services` (`id`, `type`, `created`, `odometer`, `cost`) VALUES (79, 'Equipment Operator', '2020-12-19 00:22:19', 106708, 1312.85);
INSERT INTO `services` (`id`, `type`, `created`, `odometer`, `cost`) VALUES (80, 'Pipefitter', '2021-03-30 15:53:04', 252751, 2620.56);
INSERT INTO `services` (`id`, `type`, `created`, `odometer`, `cost`) VALUES (81, 'Terrazzo', '2018-10-27 03:44:50', 187102, 4589.18);
INSERT INTO `services` (`id`, `type`, `created`, `odometer`, `cost`) VALUES (82, 'Pipelayer', '2019-05-06 04:35:08', 91325, 747.07);
INSERT INTO `services` (`id`, `type`, `created`, `odometer`, `cost`) VALUES (83, 'Tile Setter', '2019-08-30 04:45:40', 113569, 1571.58);
INSERT INTO `services` (`id`, `type`, `created`, `odometer`, `cost`) VALUES (84, 'Welder', '2012-08-22 09:03:42', 249393, 2705.79);
INSERT INTO `services` (`id`, `type`, `created`, `odometer`, `cost`) VALUES (85, 'Painter', '2016-09-29 16:03:23', 261322, 4283.93);
INSERT INTO `services` (`id`, `type`, `created`, `odometer`, `cost`) VALUES (86, 'Landscaper', '2013-09-22 17:29:13', 77385, 1831.3);
INSERT INTO `services` (`id`, `type`, `created`, `odometer`, `cost`) VALUES (87, 'Tile Setter', '2013-02-02 14:52:10', 170112, 3744.5);
INSERT INTO `services` (`id`, `type`, `created`, `odometer`, `cost`) VALUES (88, 'Stucco Mason', '2018-01-30 17:54:23', 89943, 2306.85);
INSERT INTO `services` (`id`, `type`, `created`, `odometer`, `cost`) VALUES (89, 'Cement Mason', '2020-11-01 17:43:52', 154063, 2790.26);
INSERT INTO `services` (`id`, `type`, `created`, `odometer`, `cost`) VALUES (90, 'Waterproofer', '2017-02-16 18:18:28', 229633, 1023.18);
INSERT INTO `services` (`id`, `type`, `created`, `odometer`, `cost`) VALUES (91, 'Pipelayer', '2021-07-30 07:34:08', 198883, 1321.24);
INSERT INTO `services` (`id`, `type`, `created`, `odometer`, `cost`) VALUES (92, 'Terrazzo', '2016-09-21 00:59:52', 43539, 4063.5);
INSERT INTO `services` (`id`, `type`, `created`, `odometer`, `cost`) VALUES (93, 'Pipelayer', '2020-03-19 17:53:22', 48269, 4354.48);
INSERT INTO `services` (`id`, `type`, `created`, `odometer`, `cost`) VALUES (94, 'Cement Mason', '2015-10-31 19:16:27', 105987, 2117.62);
INSERT INTO `services` (`id`, `type`, `created`, `odometer`, `cost`) VALUES (95, 'Plumber', '2021-09-15 14:17:23', 222566, 1444.93);
INSERT INTO `services` (`id`, `type`, `created`, `odometer`, `cost`) VALUES (96, 'Cement Mason', '2014-09-03 18:37:11', 67524, 725.88);
INSERT INTO `services` (`id`, `type`, `created`, `odometer`, `cost`) VALUES (97, 'Plumber', '2013-04-15 23:37:56', 262520, 2946.14);
INSERT INTO `services` (`id`, `type`, `created`, `odometer`, `cost`) VALUES (98, 'HVAC', '2015-04-10 23:51:14', 16371, 2432.74);
INSERT INTO `services` (`id`, `type`, `created`, `odometer`, `cost`) VALUES (99, 'Safety Officer', '2012-07-05 19:02:38', 282100, 1629.42);
INSERT INTO `services` (`id`, `type`, `created`, `odometer`, `cost`) VALUES (100, 'Waterproofer', '2014-03-17 13:08:20', 129681, 564.03);
INSERT INTO `services` (`id`, `type`, `created`, `odometer`, `cost`) VALUES (101, 'Waterproofer', '2016-08-06 21:45:22', 209421, 4665.01);
INSERT INTO `services` (`id`, `type`, `created`, `odometer`, `cost`) VALUES (102, 'Refridgeration', '2015-07-25 15:10:26', 64507, 2418.84);
INSERT INTO `services` (`id`, `type`, `created`, `odometer`, `cost`) VALUES (103, 'Safety Officer', '2018-09-25 06:02:57', 253689, 2422.63);
INSERT INTO `services` (`id`, `type`, `created`, `odometer`, `cost`) VALUES (104, 'Pipefitter', '2015-12-04 04:44:37', 106054, 1673.19);
INSERT INTO `services` (`id`, `type`, `created`, `odometer`, `cost`) VALUES (105, 'Plasterers', '2014-03-12 13:57:46', 160323, 4878.01);
INSERT INTO `services` (`id`, `type`, `created`, `odometer`, `cost`) VALUES (106, 'Pipelayer', '2019-03-03 09:59:55', 150238, 1498.12);
INSERT INTO `services` (`id`, `type`, `created`, `odometer`, `cost`) VALUES (107, 'Carpenter', '2015-11-09 04:38:37', 247808, 4993.83);
INSERT INTO `services` (`id`, `type`, `created`, `odometer`, `cost`) VALUES (108, 'Terrazzo', '2015-04-09 01:50:08', 249832, 198.57);
INSERT INTO `services` (`id`, `type`, `created`, `odometer`, `cost`) VALUES (109, 'Ironworker', '2015-05-12 23:50:20', 218644, 1310.59);
INSERT INTO `services` (`id`, `type`, `created`, `odometer`, `cost`) VALUES (110, 'Cement Mason', '2020-08-12 12:39:24', 165188, 4348.57);
INSERT INTO `services` (`id`, `type`, `created`, `odometer`, `cost`) VALUES (111, 'Safety Officer', '2014-10-02 20:30:59', 12356, 3510.17);
INSERT INTO `services` (`id`, `type`, `created`, `odometer`, `cost`) VALUES (112, 'Linemen', '2019-08-14 00:36:12', 295147, 2403.85);
INSERT INTO `services` (`id`, `type`, `created`, `odometer`, `cost`) VALUES (113, 'Linemen', '2020-11-25 01:14:53', 64698, 432.28);
INSERT INTO `services` (`id`, `type`, `created`, `odometer`, `cost`) VALUES (114, 'Plumber', '2020-03-18 10:00:24', 35455, 2981.65);
INSERT INTO `services` (`id`, `type`, `created`, `odometer`, `cost`) VALUES (115, 'Linemen', '2016-03-02 09:47:27', 186990, 2703.12);
INSERT INTO `services` (`id`, `type`, `created`, `odometer`, `cost`) VALUES (116, 'Cement Mason', '2020-05-21 07:31:40', 50772, 62.41);
INSERT INTO `services` (`id`, `type`, `created`, `odometer`, `cost`) VALUES (117, 'Stucco Mason', '2016-07-21 22:01:06', 8669, 3198.51);
INSERT INTO `services` (`id`, `type`, `created`, `odometer`, `cost`) VALUES (118, 'Linemen', '2013-10-05 02:19:13', 32540, 4057.57);
INSERT INTO `services` (`id`, `type`, `created`, `odometer`, `cost`) VALUES (119, 'Welder', '2014-04-18 16:14:32', 74158, 3506.86);
INSERT INTO `services` (`id`, `type`, `created`, `odometer`, `cost`) VALUES (120, 'Linemen', '2020-08-09 05:50:18', 97872, 3814.83);
INSERT INTO `services` (`id`, `type`, `created`, `odometer`, `cost`) VALUES (121, 'Welder', '2019-09-25 08:17:59', 95296, 731.97);
INSERT INTO `services` (`id`, `type`, `created`, `odometer`, `cost`) VALUES (122, 'Refridgeration', '2019-04-27 20:57:10', 104147, 763.21);
INSERT INTO `services` (`id`, `type`, `created`, `odometer`, `cost`) VALUES (123, 'Glazier', '2015-03-21 10:14:27', 239962, 2679.4);
INSERT INTO `services` (`id`, `type`, `created`, `odometer`, `cost`) VALUES (124, 'Equipment Operator', '2012-07-26 22:30:03', 202387, 28.75);
INSERT INTO `services` (`id`, `type`, `created`, `odometer`, `cost`) VALUES (125, 'Glazier', '2020-08-20 08:42:26', 34820, 600.72);
INSERT INTO `services` (`id`, `type`, `created`, `odometer`, `cost`) VALUES (126, 'Linemen', '2014-03-27 04:03:28', 28178, 1407.5);
INSERT INTO `services` (`id`, `type`, `created`, `odometer`, `cost`) VALUES (127, 'Electrician', '2017-02-01 20:54:11', 4250, 477.2);
INSERT INTO `services` (`id`, `type`, `created`, `odometer`, `cost`) VALUES (128, 'Millwright', '2019-06-25 04:00:34', 42819, 3697.77);
INSERT INTO `services` (`id`, `type`, `created`, `odometer`, `cost`) VALUES (129, 'Safety Officer', '2014-11-08 04:09:02', 37394, 2320.96);
INSERT INTO `services` (`id`, `type`, `created`, `odometer`, `cost`) VALUES (130, 'Landscaper', '2015-07-11 09:01:26', 227044, 354.02);
INSERT INTO `services` (`id`, `type`, `created`, `odometer`, `cost`) VALUES (131, 'Millwright', '2014-05-15 11:41:41', 7924, 4461.65);
INSERT INTO `services` (`id`, `type`, `created`, `odometer`, `cost`) VALUES (132, 'Linemen', '2021-05-11 22:55:14', 242703, 4228.7);
INSERT INTO `services` (`id`, `type`, `created`, `odometer`, `cost`) VALUES (133, 'Glazier', '2017-04-30 06:45:41', 269209, 4740.28);
INSERT INTO `services` (`id`, `type`, `created`, `odometer`, `cost`) VALUES (134, 'Equipment Operator', '2013-09-14 14:47:31', 213966, 622.52);
INSERT INTO `services` (`id`, `type`, `created`, `odometer`, `cost`) VALUES (135, 'Plumber', '2016-06-10 13:45:44', 127560, 250.84);
INSERT INTO `services` (`id`, `type`, `created`, `odometer`, `cost`) VALUES (136, 'Refridgeration', '2021-06-07 03:35:06', 219993, 1366.32);
INSERT INTO `services` (`id`, `type`, `created`, `odometer`, `cost`) VALUES (137, 'Welder', '2017-06-05 15:04:18', 128918, 2961.34);
INSERT INTO `services` (`id`, `type`, `created`, `odometer`, `cost`) VALUES (138, 'Welder', '2021-05-11 14:17:50', 182191, 278.85);
INSERT INTO `services` (`id`, `type`, `created`, `odometer`, `cost`) VALUES (139, 'Ironworker', '2015-01-01 22:15:29', 288297, 4048.23);
INSERT INTO `services` (`id`, `type`, `created`, `odometer`, `cost`) VALUES (140, 'Glazier', '2018-12-22 11:15:19', 73388, 1433.86);
INSERT INTO `services` (`id`, `type`, `created`, `odometer`, `cost`) VALUES (141, 'Landscaper', '2012-09-05 19:58:24', 250232, 4934.05);
INSERT INTO `services` (`id`, `type`, `created`, `odometer`, `cost`) VALUES (142, 'Refridgeration', '2014-05-20 13:10:20', 271953, 3567.94);
INSERT INTO `services` (`id`, `type`, `created`, `odometer`, `cost`) VALUES (143, 'Glazier', '2018-03-01 20:25:53', 128933, 408.26);
INSERT INTO `services` (`id`, `type`, `created`, `odometer`, `cost`) VALUES (144, 'Ironworker', '2016-10-03 17:33:19', 204164, 4166.01);
INSERT INTO `services` (`id`, `type`, `created`, `odometer`, `cost`) VALUES (145, 'Painter', '2013-11-25 22:02:41', 288401, 4611.04);
INSERT INTO `services` (`id`, `type`, `created`, `odometer`, `cost`) VALUES (146, 'Concrete Finisher', '2016-03-23 13:39:57', 129227, 218.09);
INSERT INTO `services` (`id`, `type`, `created`, `odometer`, `cost`) VALUES (147, 'Plasterers', '2017-10-31 16:32:02', 167913, 73.22);
INSERT INTO `services` (`id`, `type`, `created`, `odometer`, `cost`) VALUES (148, 'Concrete Finisher', '2016-12-12 15:04:11', 56247, 4807.28);
INSERT INTO `services` (`id`, `type`, `created`, `odometer`, `cost`) VALUES (149, 'Terrazzo', '2017-11-04 10:40:27', 146578, 4715.47);
INSERT INTO `services` (`id`, `type`, `created`, `odometer`, `cost`) VALUES (150, 'Stucco Mason', '2020-10-11 00:30:57', 155495, 3413.92);
INSERT INTO `services` (`id`, `type`, `created`, `odometer`, `cost`) VALUES (151, 'Millwright', '2021-11-07 01:27:03', 179324, 86.92);
INSERT INTO `services` (`id`, `type`, `created`, `odometer`, `cost`) VALUES (152, 'Electrician', '2021-03-03 09:56:32', 33588, 83.29);
INSERT INTO `services` (`id`, `type`, `created`, `odometer`, `cost`) VALUES (153, 'Ironworker', '2014-10-20 01:08:09', 30258, 3605.64);
INSERT INTO `services` (`id`, `type`, `created`, `odometer`, `cost`) VALUES (154, 'Terrazzo', '2018-05-28 09:52:20', 10312, 2661.04);
INSERT INTO `services` (`id`, `type`, `created`, `odometer`, `cost`) VALUES (155, 'Linemen', '2020-05-31 05:06:27', 80589, 3448.36);
INSERT INTO `services` (`id`, `type`, `created`, `odometer`, `cost`) VALUES (156, 'Welder', '2017-11-20 08:05:06', 150424, 610.38);
INSERT INTO `services` (`id`, `type`, `created`, `odometer`, `cost`) VALUES (157, 'Glazier', '2020-05-30 13:56:04', 157586, 4715.47);
INSERT INTO `services` (`id`, `type`, `created`, `odometer`, `cost`) VALUES (158, 'Brickmason', '2018-08-09 02:57:14', 137298, 3645.32);
INSERT INTO `services` (`id`, `type`, `created`, `odometer`, `cost`) VALUES (159, 'Tile Setter', '2015-05-29 01:54:32', 215503, 3919.76);
INSERT INTO `services` (`id`, `type`, `created`, `odometer`, `cost`) VALUES (160, 'Plasterers', '2021-01-16 13:45:10', 216208, 2376.1);
INSERT INTO `services` (`id`, `type`, `created`, `odometer`, `cost`) VALUES (161, 'Plumber', '2014-03-08 02:34:17', 27581, 2031.43);
INSERT INTO `services` (`id`, `type`, `created`, `odometer`, `cost`) VALUES (162, 'Pipefitter', '2016-04-20 18:54:39', 106240, 2518.42);
INSERT INTO `services` (`id`, `type`, `created`, `odometer`, `cost`) VALUES (163, 'Stucco Mason', '2017-04-28 08:32:38', 31266, 2511.55);
INSERT INTO `services` (`id`, `type`, `created`, `odometer`, `cost`) VALUES (164, 'Equipment Operator', '2016-11-05 13:53:19', 63381, 1864.87);
INSERT INTO `services` (`id`, `type`, `created`, `odometer`, `cost`) VALUES (165, 'Ironworker', '2020-12-21 10:50:20', 166501, 2387.0);
INSERT INTO `services` (`id`, `type`, `created`, `odometer`, `cost`) VALUES (166, 'Boilermaker', '2018-05-20 04:06:39', 104686, 714.76);
INSERT INTO `services` (`id`, `type`, `created`, `odometer`, `cost`) VALUES (167, 'Landscaper', '2020-12-25 23:57:32', 156159, 3363.55);
INSERT INTO `services` (`id`, `type`, `created`, `odometer`, `cost`) VALUES (168, 'Pipefitter', '2021-06-30 07:23:28', 76246, 1958.4);
INSERT INTO `services` (`id`, `type`, `created`, `odometer`, `cost`) VALUES (169, 'Plasterers', '2019-05-01 11:34:04', 265968, 1408.2);
INSERT INTO `services` (`id`, `type`, `created`, `odometer`, `cost`) VALUES (170, 'Landscaper', '2014-12-13 18:35:48', 169921, 1259.5);
INSERT INTO `services` (`id`, `type`, `created`, `odometer`, `cost`) VALUES (171, 'Carpenter', '2017-07-31 00:52:10', 11427, 134.75);
INSERT INTO `services` (`id`, `type`, `created`, `odometer`, `cost`) VALUES (172, 'Glazier', '2019-06-04 13:57:49', 95237, 4596.65);
INSERT INTO `services` (`id`, `type`, `created`, `odometer`, `cost`) VALUES (173, 'Carpenter', '2018-04-14 01:39:52', 100345, 2864.1);
INSERT INTO `services` (`id`, `type`, `created`, `odometer`, `cost`) VALUES (174, 'Pipefitter', '2016-07-19 20:28:53', 200113, 1431.17);
INSERT INTO `services` (`id`, `type`, `created`, `odometer`, `cost`) VALUES (175, 'Sheet Metal Worker', '2018-12-18 00:09:26', 42459, 2582.03);
INSERT INTO `services` (`id`, `type`, `created`, `odometer`, `cost`) VALUES (176, 'Welder', '2013-10-04 02:37:54', 271354, 2872.23);
INSERT INTO `services` (`id`, `type`, `created`, `odometer`, `cost`) VALUES (177, 'Stucco Mason', '2016-05-03 17:35:26', 16252, 2520.13);
INSERT INTO `services` (`id`, `type`, `created`, `odometer`, `cost`) VALUES (178, 'Pipelayer', '2014-02-12 02:34:50', 58121, 3658.11);
INSERT INTO `services` (`id`, `type`, `created`, `odometer`, `cost`) VALUES (179, 'Landscaper', '2018-06-06 01:57:25', 43635, 4729.43);
INSERT INTO `services` (`id`, `type`, `created`, `odometer`, `cost`) VALUES (180, 'Refridgeration', '2018-12-28 22:51:54', 297430, 3500.5);
INSERT INTO `services` (`id`, `type`, `created`, `odometer`, `cost`) VALUES (181, 'Boilermaker', '2021-03-26 04:52:29', 169202, 1546.22);
INSERT INTO `services` (`id`, `type`, `created`, `odometer`, `cost`) VALUES (182, 'Refridgeration', '2014-12-24 07:37:50', 146352, 2093.12);
INSERT INTO `services` (`id`, `type`, `created`, `odometer`, `cost`) VALUES (183, 'Ironworker', '2013-08-12 17:45:07', 226873, 3379.6);
INSERT INTO `services` (`id`, `type`, `created`, `odometer`, `cost`) VALUES (184, 'Welder', '2015-12-05 14:03:01', 143176, 466.01);
INSERT INTO `services` (`id`, `type`, `created`, `odometer`, `cost`) VALUES (185, 'Tile Setter', '2015-04-01 01:33:06', 232464, 4689.31);
INSERT INTO `services` (`id`, `type`, `created`, `odometer`, `cost`) VALUES (186, 'Terrazzo', '2020-01-11 03:18:35', 209017, 4381.6);
INSERT INTO `services` (`id`, `type`, `created`, `odometer`, `cost`) VALUES (187, 'Safety Officer', '2018-08-17 10:47:49', 88501, 2286.21);
INSERT INTO `services` (`id`, `type`, `created`, `odometer`, `cost`) VALUES (188, 'Painter', '2021-05-01 18:52:22', 98178, 3412.49);
INSERT INTO `services` (`id`, `type`, `created`, `odometer`, `cost`) VALUES (189, 'Waterproofer', '2021-08-08 06:34:09', 160556, 3102.9);
INSERT INTO `services` (`id`, `type`, `created`, `odometer`, `cost`) VALUES (190, 'Cement Mason', '2014-08-15 03:01:53', 112379, 1434.67);
INSERT INTO `services` (`id`, `type`, `created`, `odometer`, `cost`) VALUES (191, 'Millwright', '2015-07-13 16:59:20', 238864, 3826.43);
INSERT INTO `services` (`id`, `type`, `created`, `odometer`, `cost`) VALUES (192, 'Plasterers', '2019-11-01 04:37:34', 47844, 4569.04);
INSERT INTO `services` (`id`, `type`, `created`, `odometer`, `cost`) VALUES (193, 'Cement Mason', '2012-08-17 21:08:34', 63188, 2936.9);
INSERT INTO `services` (`id`, `type`, `created`, `odometer`, `cost`) VALUES (194, 'Linemen', '2021-08-13 01:31:48', 258775, 1893.89);
INSERT INTO `services` (`id`, `type`, `created`, `odometer`, `cost`) VALUES (195, 'Pipelayer', '2016-05-13 18:16:07', 141834, 2321.19);
INSERT INTO `services` (`id`, `type`, `created`, `odometer`, `cost`) VALUES (196, 'Laborer', '2018-12-06 13:00:19', 75625, 4374.43);
INSERT INTO `services` (`id`, `type`, `created`, `odometer`, `cost`) VALUES (197, 'Linemen', '2012-07-04 05:29:21', 100623, 754.49);
INSERT INTO `services` (`id`, `type`, `created`, `odometer`, `cost`) VALUES (198, 'Ironworker', '2017-06-07 20:51:43', 118041, 3872.63);
INSERT INTO `services` (`id`, `type`, `created`, `odometer`, `cost`) VALUES (199, 'Carpenter', '2016-01-13 16:02:48', 77309, 574.41);
INSERT INTO `services` (`id`, `type`, `created`, `odometer`, `cost`) VALUES (200, 'Boilermaker', '2015-02-08 00:39:01', 159956, 4974.52);
INSERT INTO `services` (`id`, `type`, `created`, `odometer`, `cost`) VALUES (201, 'HVAC', '2021-05-13 00:11:10', 255127, 631.03);
INSERT INTO `services` (`id`, `type`, `created`, `odometer`, `cost`) VALUES (202, 'Electrician', '2018-01-06 17:14:15', 120697, 4812.03);
INSERT INTO `services` (`id`, `type`, `created`, `odometer`, `cost`) VALUES (203, 'Terrazzo', '2016-12-27 13:11:00', 191144, 3065.84);
INSERT INTO `services` (`id`, `type`, `created`, `odometer`, `cost`) VALUES (204, 'Brickmason', '2016-09-03 02:09:17', 264248, 3821.89);
INSERT INTO `services` (`id`, `type`, `created`, `odometer`, `cost`) VALUES (205, 'Millwright', '2019-09-14 18:43:36', 220732, 589.29);
INSERT INTO `services` (`id`, `type`, `created`, `odometer`, `cost`) VALUES (206, 'Stucco Mason', '2015-06-17 15:27:18', 63230, 1146.53);
INSERT INTO `services` (`id`, `type`, `created`, `odometer`, `cost`) VALUES (207, 'Millwright', '2017-12-07 02:14:23', 133488, 1798.06);
INSERT INTO `services` (`id`, `type`, `created`, `odometer`, `cost`) VALUES (208, 'Terrazzo', '2016-03-03 12:48:54', 15318, 2953.48);
INSERT INTO `services` (`id`, `type`, `created`, `odometer`, `cost`) VALUES (209, 'Welder', '2017-09-26 01:09:21', 6393, 1584.33);
INSERT INTO `services` (`id`, `type`, `created`, `odometer`, `cost`) VALUES (210, 'Ironworker', '2016-09-15 07:08:30', 55371, 1519.75);
INSERT INTO `services` (`id`, `type`, `created`, `odometer`, `cost`) VALUES (211, 'Pipefitter', '2018-05-22 10:18:52', 98114, 556.6);
INSERT INTO `services` (`id`, `type`, `created`, `odometer`, `cost`) VALUES (212, 'Terrazzo', '2012-06-01 06:23:10', 291878, 4024.01);
INSERT INTO `services` (`id`, `type`, `created`, `odometer`, `cost`) VALUES (213, 'Carpenter', '2018-06-06 07:07:50', 88614, 4178.78);
INSERT INTO `services` (`id`, `type`, `created`, `odometer`, `cost`) VALUES (214, 'Refridgeration', '2017-01-23 11:07:51', 203574, 3059.39);
INSERT INTO `services` (`id`, `type`, `created`, `odometer`, `cost`) VALUES (215, 'Pipelayer', '2012-01-24 17:56:45', 210414, 3152.26);
INSERT INTO `services` (`id`, `type`, `created`, `odometer`, `cost`) VALUES (216, 'Linemen', '2012-09-14 14:02:00', 253398, 4907.2);
INSERT INTO `services` (`id`, `type`, `created`, `odometer`, `cost`) VALUES (217, 'Brickmason', '2016-07-23 21:13:51', 39520, 4673.64);
INSERT INTO `services` (`id`, `type`, `created`, `odometer`, `cost`) VALUES (218, 'Welder', '2017-02-18 04:46:36', 179210, 839.85);
INSERT INTO `services` (`id`, `type`, `created`, `odometer`, `cost`) VALUES (219, 'Safety Officer', '2015-07-02 08:41:09', 77388, 3489.46);
INSERT INTO `services` (`id`, `type`, `created`, `odometer`, `cost`) VALUES (220, 'Stucco Mason', '2015-01-05 10:54:25', 249817, 854.68);
INSERT INTO `services` (`id`, `type`, `created`, `odometer`, `cost`) VALUES (221, 'Plasterers', '2017-09-15 04:40:26', 82502, 176.8);
INSERT INTO `services` (`id`, `type`, `created`, `odometer`, `cost`) VALUES (222, 'Cement Mason', '2017-07-01 22:39:31', 104676, 1879.21);
INSERT INTO `services` (`id`, `type`, `created`, `odometer`, `cost`) VALUES (223, 'Waterproofer', '2017-01-05 15:51:01', 49837, 3004.64);
INSERT INTO `services` (`id`, `type`, `created`, `odometer`, `cost`) VALUES (224, 'Millwright', '2021-10-15 22:10:54', 26748, 4434.86);
INSERT INTO `services` (`id`, `type`, `created`, `odometer`, `cost`) VALUES (225, 'Sheet Metal Worker', '2020-05-21 19:15:14', 23791, 4246.47);
INSERT INTO `services` (`id`, `type`, `created`, `odometer`, `cost`) VALUES (226, 'Landscaper', '2021-04-16 02:59:44', 35496, 3419.34);
INSERT INTO `services` (`id`, `type`, `created`, `odometer`, `cost`) VALUES (227, 'Welder', '2021-08-20 16:48:47', 122707, 1662.5);
INSERT INTO `services` (`id`, `type`, `created`, `odometer`, `cost`) VALUES (228, 'Concrete Finisher', '2017-01-01 06:32:12', 147686, 3277.56);
INSERT INTO `services` (`id`, `type`, `created`, `odometer`, `cost`) VALUES (229, 'Ironworker', '2021-05-22 00:25:19', 298590, 4102.92);
INSERT INTO `services` (`id`, `type`, `created`, `odometer`, `cost`) VALUES (230, 'Stucco Mason', '2019-10-12 01:58:56', 288565, 411.08);
INSERT INTO `services` (`id`, `type`, `created`, `odometer`, `cost`) VALUES (231, 'Plumber', '2019-01-14 17:38:50', 125266, 2791.59);
INSERT INTO `services` (`id`, `type`, `created`, `odometer`, `cost`) VALUES (232, 'Glazier', '2013-08-31 21:43:53', 170794, 4958.27);
INSERT INTO `services` (`id`, `type`, `created`, `odometer`, `cost`) VALUES (233, 'Electrician', '2016-12-12 17:21:13', 299648, 607.05);
INSERT INTO `services` (`id`, `type`, `created`, `odometer`, `cost`) VALUES (234, 'Refridgeration', '2013-02-11 22:13:34', 172954, 2702.84);
INSERT INTO `services` (`id`, `type`, `created`, `odometer`, `cost`) VALUES (235, 'Linemen', '2020-05-11 05:21:49', 85448, 1222.12);
INSERT INTO `services` (`id`, `type`, `created`, `odometer`, `cost`) VALUES (236, 'Plasterers', '2020-03-20 00:41:22', 267336, 997.03);
INSERT INTO `services` (`id`, `type`, `created`, `odometer`, `cost`) VALUES (237, 'Pipelayer', '2021-06-25 21:25:53', 165942, 4923.49);
INSERT INTO `services` (`id`, `type`, `created`, `odometer`, `cost`) VALUES (238, 'Painter', '2020-04-15 12:32:26', 171564, 1293.27);
INSERT INTO `services` (`id`, `type`, `created`, `odometer`, `cost`) VALUES (239, 'Tile Setter', '2017-10-27 18:20:33', 277465, 169.09);
INSERT INTO `services` (`id`, `type`, `created`, `odometer`, `cost`) VALUES (240, 'Sheet Metal Worker', '2012-10-15 13:10:59', 268651, 4737.35);
INSERT INTO `services` (`id`, `type`, `created`, `odometer`, `cost`) VALUES (241, 'Linemen', '2016-06-11 03:02:43', 18399, 3643.41);
INSERT INTO `services` (`id`, `type`, `created`, `odometer`, `cost`) VALUES (242, 'Welder', '2020-08-15 21:29:32', 239261, 3027.1);
INSERT INTO `services` (`id`, `type`, `created`, `odometer`, `cost`) VALUES (243, 'Tile Setter', '2016-02-27 02:28:40', 104196, 4610.31);
INSERT INTO `services` (`id`, `type`, `created`, `odometer`, `cost`) VALUES (244, 'Cement Mason', '2018-02-02 10:14:30', 133897, 4267.1);
INSERT INTO `services` (`id`, `type`, `created`, `odometer`, `cost`) VALUES (245, 'Glazier', '2016-11-21 23:26:07', 23440, 1603.89);
INSERT INTO `services` (`id`, `type`, `created`, `odometer`, `cost`) VALUES (246, 'Terrazzo', '2014-07-10 02:12:19', 114351, 4551.25);
INSERT INTO `services` (`id`, `type`, `created`, `odometer`, `cost`) VALUES (247, 'Waterproofer', '2014-03-07 13:26:26', 205690, 2150.77);
INSERT INTO `services` (`id`, `type`, `created`, `odometer`, `cost`) VALUES (248, 'Linemen', '2012-03-04 19:12:48', 170225, 4637.43);
INSERT INTO `services` (`id`, `type`, `created`, `odometer`, `cost`) VALUES (249, 'Electrician', '2021-01-14 07:32:47', 137002, 341.15);
INSERT INTO `services` (`id`, `type`, `created`, `odometer`, `cost`) VALUES (250, 'Boilermaker', '2016-01-27 00:53:33', 16456, 1391.39);
INSERT INTO `services` (`id`, `type`, `created`, `odometer`, `cost`) VALUES (251, 'Safety Officer', '2021-03-16 05:43:24', 199033, 3741.14);
INSERT INTO `services` (`id`, `type`, `created`, `odometer`, `cost`) VALUES (252, 'Laborer', '2016-11-11 10:44:29', 99619, 2468.17);
INSERT INTO `services` (`id`, `type`, `created`, `odometer`, `cost`) VALUES (253, 'Concrete Finisher', '2016-06-15 17:59:47', 253983, 4161.94);
INSERT INTO `services` (`id`, `type`, `created`, `odometer`, `cost`) VALUES (254, 'Sheet Metal Worker', '2013-08-23 03:44:35', 159219, 676.65);
INSERT INTO `services` (`id`, `type`, `created`, `odometer`, `cost`) VALUES (255, 'Waterproofer', '2015-06-05 19:40:53', 264665, 4693.21);
INSERT INTO `services` (`id`, `type`, `created`, `odometer`, `cost`) VALUES (256, 'HVAC', '2017-06-14 15:49:33', 43076, 567.97);
INSERT INTO `services` (`id`, `type`, `created`, `odometer`, `cost`) VALUES (257, 'Painter', '2015-08-04 13:18:37', 290479, 4580.25);
INSERT INTO `services` (`id`, `type`, `created`, `odometer`, `cost`) VALUES (258, 'Terrazzo', '2016-09-20 23:26:39', 93376, 3770.98);
INSERT INTO `services` (`id`, `type`, `created`, `odometer`, `cost`) VALUES (259, 'Cement Mason', '2013-06-17 11:28:29', 264842, 3629.35);
INSERT INTO `services` (`id`, `type`, `created`, `odometer`, `cost`) VALUES (260, 'Cement Mason', '2016-11-01 02:10:43', 83618, 1045.31);
INSERT INTO `services` (`id`, `type`, `created`, `odometer`, `cost`) VALUES (261, 'Cement Mason', '2017-02-18 08:12:08', 287451, 3238.31);
INSERT INTO `services` (`id`, `type`, `created`, `odometer`, `cost`) VALUES (262, 'Pipelayer', '2017-05-07 15:51:05', 259248, 3038.52);
INSERT INTO `services` (`id`, `type`, `created`, `odometer`, `cost`) VALUES (263, 'Brickmason', '2016-03-04 10:19:17', 141605, 3628.2);
INSERT INTO `services` (`id`, `type`, `created`, `odometer`, `cost`) VALUES (264, 'Laborer', '2013-05-19 04:07:55', 46492, 3943.02);
INSERT INTO `services` (`id`, `type`, `created`, `odometer`, `cost`) VALUES (265, 'Concrete Finisher', '2017-09-23 23:16:34', 170478, 4682.18);
INSERT INTO `services` (`id`, `type`, `created`, `odometer`, `cost`) VALUES (266, 'Refridgeration', '2016-05-10 03:12:08', 166029, 2238.26);
INSERT INTO `services` (`id`, `type`, `created`, `odometer`, `cost`) VALUES (267, 'Pipelayer', '2018-12-15 03:09:16', 106510, 3665.37);
INSERT INTO `services` (`id`, `type`, `created`, `odometer`, `cost`) VALUES (268, 'Tile Setter', '2018-05-17 13:36:14', 64662, 1659.44);
INSERT INTO `services` (`id`, `type`, `created`, `odometer`, `cost`) VALUES (269, 'Landscaper', '2020-09-06 01:50:09', 95634, 66.57);
INSERT INTO `services` (`id`, `type`, `created`, `odometer`, `cost`) VALUES (270, 'Electrician', '2021-09-28 17:55:10', 294561, 4960.44);
INSERT INTO `services` (`id`, `type`, `created`, `odometer`, `cost`) VALUES (271, 'Landscaper', '2015-05-06 08:41:50', 86007, 4578.07);
INSERT INTO `services` (`id`, `type`, `created`, `odometer`, `cost`) VALUES (272, 'Sheet Metal Worker', '2016-12-28 02:22:12', 42213, 901.95);
INSERT INTO `services` (`id`, `type`, `created`, `odometer`, `cost`) VALUES (273, 'Pipefitter', '2019-08-17 16:48:13', 213514, 1461.69);
INSERT INTO `services` (`id`, `type`, `created`, `odometer`, `cost`) VALUES (274, 'Welder', '2020-07-02 18:03:51', 128591, 4994.04);
INSERT INTO `services` (`id`, `type`, `created`, `odometer`, `cost`) VALUES (275, 'Waterproofer', '2013-10-23 09:27:16', 28852, 4961.55);
INSERT INTO `services` (`id`, `type`, `created`, `odometer`, `cost`) VALUES (276, 'Painter', '2014-09-01 01:39:45', 225727, 4312.45);
INSERT INTO `services` (`id`, `type`, `created`, `odometer`, `cost`) VALUES (277, 'Terrazzo', '2017-08-06 23:04:25', 274320, 568.89);
INSERT INTO `services` (`id`, `type`, `created`, `odometer`, `cost`) VALUES (278, 'Landscaper', '2018-08-05 12:41:18', 192848, 2399.95);
INSERT INTO `services` (`id`, `type`, `created`, `odometer`, `cost`) VALUES (279, 'Cement Mason', '2016-12-17 02:59:41', 28832, 425.5);
INSERT INTO `services` (`id`, `type`, `created`, `odometer`, `cost`) VALUES (280, 'Stucco Mason', '2021-07-13 22:16:42', 9335, 2360.72);
INSERT INTO `services` (`id`, `type`, `created`, `odometer`, `cost`) VALUES (281, 'Pipefitter', '2013-01-31 23:38:00', 155466, 1168.97);
INSERT INTO `services` (`id`, `type`, `created`, `odometer`, `cost`) VALUES (282, 'Equipment Operator', '2020-02-02 15:44:17', 144067, 771.32);
INSERT INTO `services` (`id`, `type`, `created`, `odometer`, `cost`) VALUES (283, 'HVAC', '2012-08-06 12:01:10', 264070, 1461.02);
INSERT INTO `services` (`id`, `type`, `created`, `odometer`, `cost`) VALUES (284, 'Carpenter', '2016-04-19 03:44:52', 266450, 917.62);
INSERT INTO `services` (`id`, `type`, `created`, `odometer`, `cost`) VALUES (285, 'Plumber', '2021-04-02 12:38:08', 100977, 4326.63);
INSERT INTO `services` (`id`, `type`, `created`, `odometer`, `cost`) VALUES (286, 'Stucco Mason', '2015-09-22 02:10:34', 286103, 2209.68);
INSERT INTO `services` (`id`, `type`, `created`, `odometer`, `cost`) VALUES (287, 'Stucco Mason', '2013-10-08 16:23:50', 216522, 4699.7);
INSERT INTO `services` (`id`, `type`, `created`, `odometer`, `cost`) VALUES (288, 'Plasterers', '2019-05-21 01:14:03', 240195, 4253.62);
INSERT INTO `services` (`id`, `type`, `created`, `odometer`, `cost`) VALUES (289, 'Stucco Mason', '2020-11-21 08:21:28', 233249, 3773.8);
INSERT INTO `services` (`id`, `type`, `created`, `odometer`, `cost`) VALUES (290, 'Pipefitter', '2020-10-15 06:21:32', 139578, 2340.32);
INSERT INTO `services` (`id`, `type`, `created`, `odometer`, `cost`) VALUES (291, 'Carpenter', '2018-11-08 22:58:48', 239197, 3277.86);
INSERT INTO `services` (`id`, `type`, `created`, `odometer`, `cost`) VALUES (292, 'Pipelayer', '2016-05-03 07:54:09', 142625, 416.4);
INSERT INTO `services` (`id`, `type`, `created`, `odometer`, `cost`) VALUES (293, 'Welder', '2015-06-29 05:07:00', 12495, 2785.32);
INSERT INTO `services` (`id`, `type`, `created`, `odometer`, `cost`) VALUES (294, 'Equipment Operator', '2018-03-10 16:58:47', 214046, 2797.8);
INSERT INTO `services` (`id`, `type`, `created`, `odometer`, `cost`) VALUES (295, 'Equipment Operator', '2018-05-18 09:03:43', 160355, 2784.54);
INSERT INTO `services` (`id`, `type`, `created`, `odometer`, `cost`) VALUES (296, 'Terrazzo', '2012-05-08 08:25:30', 14979, 3870.36);
INSERT INTO `services` (`id`, `type`, `created`, `odometer`, `cost`) VALUES (297, 'Pipefitter', '2017-12-30 07:41:25', 31920, 2462.89);
INSERT INTO `services` (`id`, `type`, `created`, `odometer`, `cost`) VALUES (298, 'Electrician', '2015-01-25 16:42:04', 276478, 1282.48);
INSERT INTO `services` (`id`, `type`, `created`, `odometer`, `cost`) VALUES (299, 'Ironworker', '2016-03-31 07:14:01', 211692, 2968.26);
INSERT INTO `services` (`id`, `type`, `created`, `odometer`, `cost`) VALUES (300, 'Welder', '2021-04-19 21:35:16', 255498, 436.6);
INSERT INTO `services` (`id`, `type`, `created`, `odometer`, `cost`) VALUES (301, 'Sheet Metal Worker', '2020-12-26 20:14:12', 70793, 2071.3);
INSERT INTO `services` (`id`, `type`, `created`, `odometer`, `cost`) VALUES (302, 'Sheet Metal Worker', '2015-04-08 16:39:39', 17828, 3184.24);
INSERT INTO `services` (`id`, `type`, `created`, `odometer`, `cost`) VALUES (303, 'Welder', '2015-02-04 11:08:18', 26536, 4965.68);
INSERT INTO `services` (`id`, `type`, `created`, `odometer`, `cost`) VALUES (304, 'Concrete Finisher', '2013-07-30 08:54:12', 137430, 2554.4);
INSERT INTO `services` (`id`, `type`, `created`, `odometer`, `cost`) VALUES (305, 'Linemen', '2017-05-18 20:05:40', 116117, 3753.38);
INSERT INTO `services` (`id`, `type`, `created`, `odometer`, `cost`) VALUES (306, 'Waterproofer', '2013-07-25 14:43:42', 153463, 4019.08);
INSERT INTO `services` (`id`, `type`, `created`, `odometer`, `cost`) VALUES (307, 'Boilermaker', '2017-06-29 22:59:59', 150340, 3445.17);
INSERT INTO `services` (`id`, `type`, `created`, `odometer`, `cost`) VALUES (308, 'Cement Mason', '2015-06-21 04:30:47', 88712, 538.45);
INSERT INTO `services` (`id`, `type`, `created`, `odometer`, `cost`) VALUES (309, 'Pipelayer', '2012-08-27 12:33:02', 190210, 3374.28);
INSERT INTO `services` (`id`, `type`, `created`, `odometer`, `cost`) VALUES (310, 'Stucco Mason', '2017-07-13 02:06:46', 608, 2428.35);
INSERT INTO `services` (`id`, `type`, `created`, `odometer`, `cost`) VALUES (311, 'Painter', '2020-04-14 00:37:49', 51224, 3404.16);
INSERT INTO `services` (`id`, `type`, `created`, `odometer`, `cost`) VALUES (312, 'Plumber', '2019-09-12 16:28:20', 11717, 3970.1);
INSERT INTO `services` (`id`, `type`, `created`, `odometer`, `cost`) VALUES (313, 'Cement Mason', '2018-11-27 07:26:19', 93314, 834.12);
INSERT INTO `services` (`id`, `type`, `created`, `odometer`, `cost`) VALUES (314, 'Electrician', '2014-07-03 09:07:47', 298281, 500.19);
INSERT INTO `services` (`id`, `type`, `created`, `odometer`, `cost`) VALUES (315, 'Plumber', '2021-01-11 00:44:08', 297731, 3535.59);
INSERT INTO `services` (`id`, `type`, `created`, `odometer`, `cost`) VALUES (316, 'Carpenter', '2012-07-06 14:37:35', 76769, 3087.81);
INSERT INTO `services` (`id`, `type`, `created`, `odometer`, `cost`) VALUES (317, 'Equipment Operator', '2013-01-15 05:25:13', 115212, 2158.49);
INSERT INTO `services` (`id`, `type`, `created`, `odometer`, `cost`) VALUES (318, 'Terrazzo', '2012-12-18 13:59:19', 132087, 420.31);
INSERT INTO `services` (`id`, `type`, `created`, `odometer`, `cost`) VALUES (319, 'Plumber', '2013-10-10 16:48:42', 63494, 441.55);
INSERT INTO `services` (`id`, `type`, `created`, `odometer`, `cost`) VALUES (320, 'Concrete Finisher', '2013-05-30 07:13:47', 251776, 3935.7);
INSERT INTO `services` (`id`, `type`, `created`, `odometer`, `cost`) VALUES (321, 'Safety Officer', '2013-10-17 05:31:02', 161583, 4377.98);
INSERT INTO `services` (`id`, `type`, `created`, `odometer`, `cost`) VALUES (322, 'Boilermaker', '2021-06-28 21:34:21', 173767, 3610.35);
INSERT INTO `services` (`id`, `type`, `created`, `odometer`, `cost`) VALUES (323, 'Concrete Finisher', '2013-09-04 00:10:11', 138953, 3891.82);
INSERT INTO `services` (`id`, `type`, `created`, `odometer`, `cost`) VALUES (324, 'Waterproofer', '2014-08-21 07:09:35', 60297, 546.36);
INSERT INTO `services` (`id`, `type`, `created`, `odometer`, `cost`) VALUES (325, 'Electrician', '2015-10-15 06:47:00', 105821, 1212.34);
INSERT INTO `services` (`id`, `type`, `created`, `odometer`, `cost`) VALUES (326, 'Terrazzo', '2013-03-22 09:01:47', 149710, 1223.27);
INSERT INTO `services` (`id`, `type`, `created`, `odometer`, `cost`) VALUES (327, 'Pipelayer', '2017-06-06 20:33:02', 212376, 356.99);
INSERT INTO `services` (`id`, `type`, `created`, `odometer`, `cost`) VALUES (328, 'Pipefitter', '2014-05-27 15:14:38', 35703, 713.97);
INSERT INTO `services` (`id`, `type`, `created`, `odometer`, `cost`) VALUES (329, 'Welder', '2019-09-18 11:14:04', 250969, 3981.99);
INSERT INTO `services` (`id`, `type`, `created`, `odometer`, `cost`) VALUES (330, 'Brickmason', '2015-08-03 07:48:10', 268433, 151.08);
INSERT INTO `services` (`id`, `type`, `created`, `odometer`, `cost`) VALUES (331, 'Refridgeration', '2017-08-02 14:53:04', 186518, 1379.45);
INSERT INTO `services` (`id`, `type`, `created`, `odometer`, `cost`) VALUES (332, 'Electrician', '2017-07-20 11:48:52', 136106, 3521.32);
INSERT INTO `services` (`id`, `type`, `created`, `odometer`, `cost`) VALUES (333, 'Equipment Operator', '2012-11-11 18:30:01', 87716, 1047.47);
INSERT INTO `services` (`id`, `type`, `created`, `odometer`, `cost`) VALUES (334, 'Ironworker', '2012-01-10 16:35:32', 182904, 2799.93);
INSERT INTO `services` (`id`, `type`, `created`, `odometer`, `cost`) VALUES (335, 'Stucco Mason', '2013-03-15 03:56:31', 128091, 1014.33);
INSERT INTO `services` (`id`, `type`, `created`, `odometer`, `cost`) VALUES (336, 'Painter', '2016-08-01 09:31:36', 40046, 2029.71);
INSERT INTO `services` (`id`, `type`, `created`, `odometer`, `cost`) VALUES (337, 'Plumber', '2021-03-29 12:53:40', 14472, 4536.14);
INSERT INTO `services` (`id`, `type`, `created`, `odometer`, `cost`) VALUES (338, 'Linemen', '2014-01-10 09:53:32', 148891, 2714.2);
INSERT INTO `services` (`id`, `type`, `created`, `odometer`, `cost`) VALUES (339, 'Equipment Operator', '2014-11-16 18:04:21', 283451, 586.26);
INSERT INTO `services` (`id`, `type`, `created`, `odometer`, `cost`) VALUES (340, 'Electrician', '2021-09-20 21:43:24', 83274, 1709.05);
INSERT INTO `services` (`id`, `type`, `created`, `odometer`, `cost`) VALUES (341, 'Refridgeration', '2013-01-03 12:05:47', 135128, 4639.5);
INSERT INTO `services` (`id`, `type`, `created`, `odometer`, `cost`) VALUES (342, 'Equipment Operator', '2015-07-02 09:04:08', 254068, 2313.15);
INSERT INTO `services` (`id`, `type`, `created`, `odometer`, `cost`) VALUES (343, 'Glazier', '2019-10-26 06:05:06', 156315, 542.44);
INSERT INTO `services` (`id`, `type`, `created`, `odometer`, `cost`) VALUES (344, 'Linemen', '2020-06-15 22:09:18', 186989, 2729.16);
INSERT INTO `services` (`id`, `type`, `created`, `odometer`, `cost`) VALUES (345, 'Tile Setter', '2017-12-17 01:17:20', 69543, 5.58);
INSERT INTO `services` (`id`, `type`, `created`, `odometer`, `cost`) VALUES (346, 'Brickmason', '2017-01-18 18:52:21', 51550, 1774.36);
INSERT INTO `services` (`id`, `type`, `created`, `odometer`, `cost`) VALUES (347, 'Electrician', '2016-01-01 15:30:12', 247425, 3286.86);
INSERT INTO `services` (`id`, `type`, `created`, `odometer`, `cost`) VALUES (348, 'Painter', '2017-06-25 23:18:17', 90227, 4917.54);
INSERT INTO `services` (`id`, `type`, `created`, `odometer`, `cost`) VALUES (349, 'Waterproofer', '2012-04-03 11:39:46', 226778, 609.63);
INSERT INTO `services` (`id`, `type`, `created`, `odometer`, `cost`) VALUES (350, 'Plasterers', '2013-03-11 06:54:06', 27126, 4916.04);
INSERT INTO `services` (`id`, `type`, `created`, `odometer`, `cost`) VALUES (351, 'Brickmason', '2017-06-10 18:55:14', 225903, 1925.09);
INSERT INTO `services` (`id`, `type`, `created`, `odometer`, `cost`) VALUES (352, 'Electrician', '2014-10-30 06:31:53', 92632, 1686.78);
INSERT INTO `services` (`id`, `type`, `created`, `odometer`, `cost`) VALUES (353, 'Welder', '2021-09-27 12:37:05', 65552, 2699.52);
INSERT INTO `services` (`id`, `type`, `created`, `odometer`, `cost`) VALUES (354, 'Ironworker', '2012-12-16 05:02:10', 132285, 1353.39);
INSERT INTO `services` (`id`, `type`, `created`, `odometer`, `cost`) VALUES (355, 'Carpenter', '2022-01-03 07:47:16', 164235, 4116.09);
INSERT INTO `services` (`id`, `type`, `created`, `odometer`, `cost`) VALUES (356, 'Glazier', '2017-07-08 02:50:29', 166570, 4666.43);
INSERT INTO `services` (`id`, `type`, `created`, `odometer`, `cost`) VALUES (357, 'Waterproofer', '2012-06-03 01:56:32', 126023, 1484.75);
INSERT INTO `services` (`id`, `type`, `created`, `odometer`, `cost`) VALUES (358, 'Sheet Metal Worker', '2013-02-11 15:38:59', 64527, 4352.05);
INSERT INTO `services` (`id`, `type`, `created`, `odometer`, `cost`) VALUES (359, 'Cement Mason', '2016-01-14 14:21:14', 189933, 1726.77);
INSERT INTO `services` (`id`, `type`, `created`, `odometer`, `cost`) VALUES (360, 'Pipefitter', '2021-04-29 19:06:29', 87717, 2775.06);
INSERT INTO `services` (`id`, `type`, `created`, `odometer`, `cost`) VALUES (361, 'Brickmason', '2017-12-01 19:18:04', 12378, 1361.3);
INSERT INTO `services` (`id`, `type`, `created`, `odometer`, `cost`) VALUES (362, 'Tile Setter', '2016-06-30 04:47:09', 5338, 3639.98);
INSERT INTO `services` (`id`, `type`, `created`, `odometer`, `cost`) VALUES (363, 'Boilermaker', '2019-10-30 05:21:09', 143800, 751.14);
INSERT INTO `services` (`id`, `type`, `created`, `odometer`, `cost`) VALUES (364, 'Brickmason', '2018-06-29 20:20:27', 207863, 3050.54);
INSERT INTO `services` (`id`, `type`, `created`, `odometer`, `cost`) VALUES (365, 'Waterproofer', '2014-07-16 18:32:39', 140907, 2480.52);
INSERT INTO `services` (`id`, `type`, `created`, `odometer`, `cost`) VALUES (366, 'Boilermaker', '2021-03-12 07:11:19', 45788, 4092.59);
INSERT INTO `services` (`id`, `type`, `created`, `odometer`, `cost`) VALUES (367, 'Tile Setter', '2015-07-02 16:33:33', 47019, 741.42);
INSERT INTO `services` (`id`, `type`, `created`, `odometer`, `cost`) VALUES (368, 'Tile Setter', '2018-01-30 06:38:36', 180698, 4999.62);
INSERT INTO `services` (`id`, `type`, `created`, `odometer`, `cost`) VALUES (369, 'Linemen', '2014-02-02 09:00:11', 184463, 3998.41);
INSERT INTO `services` (`id`, `type`, `created`, `odometer`, `cost`) VALUES (370, 'Plasterers', '2013-10-25 19:32:16', 132277, 2465.06);
INSERT INTO `services` (`id`, `type`, `created`, `odometer`, `cost`) VALUES (371, 'Terrazzo', '2015-12-02 04:09:03', 167206, 3870.64);
INSERT INTO `services` (`id`, `type`, `created`, `odometer`, `cost`) VALUES (372, 'Landscaper', '2015-09-09 08:33:06', 104962, 2782.08);
INSERT INTO `services` (`id`, `type`, `created`, `odometer`, `cost`) VALUES (373, 'Pipelayer', '2021-08-06 17:57:18', 210523, 2469.44);
INSERT INTO `services` (`id`, `type`, `created`, `odometer`, `cost`) VALUES (374, 'Safety Officer', '2012-08-30 12:54:39', 133056, 147.34);
INSERT INTO `services` (`id`, `type`, `created`, `odometer`, `cost`) VALUES (375, 'Stucco Mason', '2012-02-20 10:02:20', 144632, 2604.07);
INSERT INTO `services` (`id`, `type`, `created`, `odometer`, `cost`) VALUES (376, 'Plumber', '2018-03-22 16:02:07', 277319, 131.76);
INSERT INTO `services` (`id`, `type`, `created`, `odometer`, `cost`) VALUES (377, 'Plasterers', '2015-04-22 21:40:24', 182161, 2611.28);
INSERT INTO `services` (`id`, `type`, `created`, `odometer`, `cost`) VALUES (378, 'Pipelayer', '2014-07-13 10:36:46', 294837, 1567.86);
INSERT INTO `services` (`id`, `type`, `created`, `odometer`, `cost`) VALUES (379, 'Safety Officer', '2016-11-07 22:07:18', 235923, 2347.43);
INSERT INTO `services` (`id`, `type`, `created`, `odometer`, `cost`) VALUES (380, 'Glazier', '2012-12-25 11:49:12', 115729, 2391.91);
INSERT INTO `services` (`id`, `type`, `created`, `odometer`, `cost`) VALUES (381, 'Carpenter', '2017-04-15 06:26:44', 126713, 2304.34);
INSERT INTO `services` (`id`, `type`, `created`, `odometer`, `cost`) VALUES (382, 'Tile Setter', '2018-01-20 20:47:13', 3203, 1618.63);
INSERT INTO `services` (`id`, `type`, `created`, `odometer`, `cost`) VALUES (383, 'Millwright', '2016-01-04 21:52:47', 238105, 519.38);
INSERT INTO `services` (`id`, `type`, `created`, `odometer`, `cost`) VALUES (384, 'Landscaper', '2017-08-20 07:25:30', 249158, 3783.07);
INSERT INTO `services` (`id`, `type`, `created`, `odometer`, `cost`) VALUES (385, 'Ironworker', '2014-03-25 15:18:48', 152571, 3514.25);
INSERT INTO `services` (`id`, `type`, `created`, `odometer`, `cost`) VALUES (386, 'Pipefitter', '2016-05-21 20:26:53', 49418, 3182.9);
INSERT INTO `services` (`id`, `type`, `created`, `odometer`, `cost`) VALUES (387, 'Equipment Operator', '2016-10-09 19:16:26', 108191, 307.5);
INSERT INTO `services` (`id`, `type`, `created`, `odometer`, `cost`) VALUES (388, 'Pipefitter', '2019-08-29 19:30:39', 291140, 3424.28);
INSERT INTO `services` (`id`, `type`, `created`, `odometer`, `cost`) VALUES (389, 'Stucco Mason', '2015-02-05 10:47:45', 41206, 1598.91);
INSERT INTO `services` (`id`, `type`, `created`, `odometer`, `cost`) VALUES (390, 'Boilermaker', '2015-04-04 00:10:17', 290024, 356.87);
INSERT INTO `services` (`id`, `type`, `created`, `odometer`, `cost`) VALUES (391, 'Linemen', '2013-11-12 08:40:51', 25160, 1690.02);
INSERT INTO `services` (`id`, `type`, `created`, `odometer`, `cost`) VALUES (392, 'Plumber', '2016-04-14 12:52:58', 133471, 4703.2);
INSERT INTO `services` (`id`, `type`, `created`, `odometer`, `cost`) VALUES (393, 'Sheet Metal Worker', '2020-09-12 09:39:56', 99141, 5.68);
INSERT INTO `services` (`id`, `type`, `created`, `odometer`, `cost`) VALUES (394, 'Concrete Finisher', '2012-04-20 09:45:21', 162349, 4111.38);
INSERT INTO `services` (`id`, `type`, `created`, `odometer`, `cost`) VALUES (395, 'Sheet Metal Worker', '2015-02-08 20:05:53', 154996, 125.75);
INSERT INTO `services` (`id`, `type`, `created`, `odometer`, `cost`) VALUES (396, 'Concrete Finisher', '2013-04-20 01:53:44', 281606, 1954.0);
INSERT INTO `services` (`id`, `type`, `created`, `odometer`, `cost`) VALUES (397, 'Millwright', '2013-03-04 06:02:54', 46598, 1916.0);
INSERT INTO `services` (`id`, `type`, `created`, `odometer`, `cost`) VALUES (398, 'Stucco Mason', '2012-08-11 17:01:27', 77131, 4918.97);
INSERT INTO `services` (`id`, `type`, `created`, `odometer`, `cost`) VALUES (399, 'Pipefitter', '2021-08-16 19:55:56', 208690, 808.69);
INSERT INTO `services` (`id`, `type`, `created`, `odometer`, `cost`) VALUES (400, 'Refridgeration', '2020-08-19 20:03:46', 248857, 322.71);
INSERT INTO `services` (`id`, `type`, `created`, `odometer`, `cost`) VALUES (401, 'Millwright', '2016-03-31 20:27:02', 15655, 4901.85);
INSERT INTO `services` (`id`, `type`, `created`, `odometer`, `cost`) VALUES (402, 'Glazier', '2015-09-23 00:33:05', 87833, 988.27);
INSERT INTO `services` (`id`, `type`, `created`, `odometer`, `cost`) VALUES (403, 'Pipefitter', '2017-03-04 23:57:35', 278702, 3347.42);
INSERT INTO `services` (`id`, `type`, `created`, `odometer`, `cost`) VALUES (404, 'Ironworker', '2021-11-22 20:47:42', 287731, 4787.66);
INSERT INTO `services` (`id`, `type`, `created`, `odometer`, `cost`) VALUES (405, 'Ironworker', '2013-10-12 10:58:01', 278701, 407.22);
INSERT INTO `services` (`id`, `type`, `created`, `odometer`, `cost`) VALUES (406, 'Ironworker', '2021-05-20 22:05:01', 64906, 2129.9);
INSERT INTO `services` (`id`, `type`, `created`, `odometer`, `cost`) VALUES (407, 'Plasterers', '2017-04-26 18:01:55', 90746, 4307.97);
INSERT INTO `services` (`id`, `type`, `created`, `odometer`, `cost`) VALUES (408, 'Cement Mason', '2018-02-07 02:56:38', 141290, 660.99);
INSERT INTO `services` (`id`, `type`, `created`, `odometer`, `cost`) VALUES (409, 'Painter', '2019-11-28 18:13:21', 285326, 1780.52);
INSERT INTO `services` (`id`, `type`, `created`, `odometer`, `cost`) VALUES (410, 'Welder', '2021-04-10 00:19:25', 128096, 4512.37);
INSERT INTO `services` (`id`, `type`, `created`, `odometer`, `cost`) VALUES (411, 'Ironworker', '2019-01-23 22:23:08', 179037, 4888.63);
INSERT INTO `services` (`id`, `type`, `created`, `odometer`, `cost`) VALUES (412, 'Ironworker', '2018-12-31 07:14:13', 31649, 470.33);
INSERT INTO `services` (`id`, `type`, `created`, `odometer`, `cost`) VALUES (413, 'Boilermaker', '2021-08-10 19:43:02', 150710, 4890.15);
INSERT INTO `services` (`id`, `type`, `created`, `odometer`, `cost`) VALUES (414, 'Welder', '2020-06-17 04:06:59', 61821, 4513.92);
INSERT INTO `services` (`id`, `type`, `created`, `odometer`, `cost`) VALUES (415, 'Laborer', '2019-06-11 00:13:38', 140684, 425.6);
INSERT INTO `services` (`id`, `type`, `created`, `odometer`, `cost`) VALUES (416, 'HVAC', '2013-04-08 07:32:47', 77901, 670.28);
INSERT INTO `services` (`id`, `type`, `created`, `odometer`, `cost`) VALUES (417, 'Glazier', '2020-01-06 09:48:31', 76529, 2424.66);
INSERT INTO `services` (`id`, `type`, `created`, `odometer`, `cost`) VALUES (418, 'Equipment Operator', '2017-08-19 10:27:51', 123066, 2781.65);
INSERT INTO `services` (`id`, `type`, `created`, `odometer`, `cost`) VALUES (419, 'Plumber', '2019-04-23 01:18:36', 284306, 4290.05);
INSERT INTO `services` (`id`, `type`, `created`, `odometer`, `cost`) VALUES (420, 'Cement Mason', '2017-01-03 16:42:05', 186534, 2786.24);
INSERT INTO `services` (`id`, `type`, `created`, `odometer`, `cost`) VALUES (421, 'Ironworker', '2014-07-30 22:31:56', 235248, 686.4);
INSERT INTO `services` (`id`, `type`, `created`, `odometer`, `cost`) VALUES (422, 'Electrician', '2020-09-28 07:35:43', 162871, 4681.45);
INSERT INTO `services` (`id`, `type`, `created`, `odometer`, `cost`) VALUES (423, 'Glazier', '2018-03-20 07:42:00', 235251, 3872.68);
INSERT INTO `services` (`id`, `type`, `created`, `odometer`, `cost`) VALUES (424, 'Concrete Finisher', '2013-08-25 05:56:38', 61826, 3262.18);
INSERT INTO `services` (`id`, `type`, `created`, `odometer`, `cost`) VALUES (425, 'Painter', '2015-06-03 17:33:52', 99861, 2791.02);
INSERT INTO `services` (`id`, `type`, `created`, `odometer`, `cost`) VALUES (426, 'Safety Officer', '2020-01-10 18:28:03', 181344, 2300.6);
INSERT INTO `services` (`id`, `type`, `created`, `odometer`, `cost`) VALUES (427, 'Welder', '2020-09-03 22:00:43', 96104, 653.03);
INSERT INTO `services` (`id`, `type`, `created`, `odometer`, `cost`) VALUES (428, 'Cement Mason', '2016-08-25 21:41:22', 58953, 4717.78);
INSERT INTO `services` (`id`, `type`, `created`, `odometer`, `cost`) VALUES (429, 'Brickmason', '2021-09-26 10:38:20', 162177, 4741.29);
INSERT INTO `services` (`id`, `type`, `created`, `odometer`, `cost`) VALUES (430, 'Glazier', '2017-01-18 03:09:36', 103970, 4923.12);
INSERT INTO `services` (`id`, `type`, `created`, `odometer`, `cost`) VALUES (431, 'Stucco Mason', '2012-12-21 00:34:49', 264376, 3386.88);
INSERT INTO `services` (`id`, `type`, `created`, `odometer`, `cost`) VALUES (432, 'HVAC', '2020-11-10 06:12:56', 134429, 3736.23);
INSERT INTO `services` (`id`, `type`, `created`, `odometer`, `cost`) VALUES (433, 'Tile Setter', '2014-03-06 10:26:48', 198788, 4139.0);
INSERT INTO `services` (`id`, `type`, `created`, `odometer`, `cost`) VALUES (434, 'Concrete Finisher', '2019-12-27 11:44:40', 54611, 4366.0);
INSERT INTO `services` (`id`, `type`, `created`, `odometer`, `cost`) VALUES (435, 'Painter', '2012-05-22 02:25:15', 113242, 3771.53);
INSERT INTO `services` (`id`, `type`, `created`, `odometer`, `cost`) VALUES (436, 'Ironworker', '2017-10-01 00:00:34', 80083, 3638.41);
INSERT INTO `services` (`id`, `type`, `created`, `odometer`, `cost`) VALUES (437, 'Terrazzo', '2019-12-15 12:31:22', 221252, 4138.04);
INSERT INTO `services` (`id`, `type`, `created`, `odometer`, `cost`) VALUES (438, 'Sheet Metal Worker', '2016-05-30 12:55:00', 127868, 2462.93);
INSERT INTO `services` (`id`, `type`, `created`, `odometer`, `cost`) VALUES (439, 'Pipefitter', '2015-09-25 21:10:27', 16431, 1696.77);
INSERT INTO `services` (`id`, `type`, `created`, `odometer`, `cost`) VALUES (440, 'Glazier', '2021-05-01 06:34:52', 178182, 490.29);
INSERT INTO `services` (`id`, `type`, `created`, `odometer`, `cost`) VALUES (441, 'Pipelayer', '2019-07-25 00:57:52', 210094, 4293.83);
INSERT INTO `services` (`id`, `type`, `created`, `odometer`, `cost`) VALUES (442, 'Concrete Finisher', '2014-04-23 07:25:04', 226351, 1009.9);
INSERT INTO `services` (`id`, `type`, `created`, `odometer`, `cost`) VALUES (443, 'Welder', '2016-12-19 04:27:38', 63277, 4644.98);
INSERT INTO `services` (`id`, `type`, `created`, `odometer`, `cost`) VALUES (444, 'Pipefitter', '2019-12-27 01:02:24', 277654, 3233.89);
INSERT INTO `services` (`id`, `type`, `created`, `odometer`, `cost`) VALUES (445, 'Tile Setter', '2021-09-24 00:09:00', 15669, 82.73);
INSERT INTO `services` (`id`, `type`, `created`, `odometer`, `cost`) VALUES (446, 'Tile Setter', '2012-06-02 09:54:40', 233810, 3964.33);
INSERT INTO `services` (`id`, `type`, `created`, `odometer`, `cost`) VALUES (447, 'Tile Setter', '2019-09-30 02:21:03', 174379, 3754.23);
INSERT INTO `services` (`id`, `type`, `created`, `odometer`, `cost`) VALUES (448, 'Boilermaker', '2018-04-20 03:26:05', 206299, 3828.91);
INSERT INTO `services` (`id`, `type`, `created`, `odometer`, `cost`) VALUES (449, 'Cement Mason', '2020-07-30 21:05:22', 61318, 3334.64);
INSERT INTO `services` (`id`, `type`, `created`, `odometer`, `cost`) VALUES (450, 'Ironworker', '2012-09-29 08:39:09', 83442, 1569.17);
INSERT INTO `services` (`id`, `type`, `created`, `odometer`, `cost`) VALUES (451, 'Linemen', '2015-08-02 16:09:57', 196738, 2392.65);
INSERT INTO `services` (`id`, `type`, `created`, `odometer`, `cost`) VALUES (452, 'Glazier', '2019-05-28 05:54:30', 178315, 2819.48);
INSERT INTO `services` (`id`, `type`, `created`, `odometer`, `cost`) VALUES (453, 'Electrician', '2015-11-13 13:12:55', 120676, 3330.78);
INSERT INTO `services` (`id`, `type`, `created`, `odometer`, `cost`) VALUES (454, 'Terrazzo', '2015-12-12 09:54:02', 202460, 2979.78);
INSERT INTO `services` (`id`, `type`, `created`, `odometer`, `cost`) VALUES (455, 'Millwright', '2015-07-11 22:16:32', 176995, 3658.97);
INSERT INTO `services` (`id`, `type`, `created`, `odometer`, `cost`) VALUES (456, 'Cement Mason', '2015-11-01 17:38:24', 172781, 644.21);
INSERT INTO `services` (`id`, `type`, `created`, `odometer`, `cost`) VALUES (457, 'Pipelayer', '2016-07-06 17:27:53', 231685, 205.74);
INSERT INTO `services` (`id`, `type`, `created`, `odometer`, `cost`) VALUES (458, 'Welder', '2012-07-07 14:49:54', 203214, 426.46);
INSERT INTO `services` (`id`, `type`, `created`, `odometer`, `cost`) VALUES (459, 'Tile Setter', '2013-02-22 00:29:14', 264231, 2989.29);
INSERT INTO `services` (`id`, `type`, `created`, `odometer`, `cost`) VALUES (460, 'Glazier', '2012-01-09 08:01:26', 56800, 4406.45);
INSERT INTO `services` (`id`, `type`, `created`, `odometer`, `cost`) VALUES (461, 'Brickmason', '2015-04-21 16:09:00', 256444, 1617.14);
INSERT INTO `services` (`id`, `type`, `created`, `odometer`, `cost`) VALUES (462, 'Terrazzo', '2016-10-17 14:38:08', 170621, 2623.61);
INSERT INTO `services` (`id`, `type`, `created`, `odometer`, `cost`) VALUES (463, 'Pipefitter', '2019-07-15 02:51:44', 7566, 3448.64);
INSERT INTO `services` (`id`, `type`, `created`, `odometer`, `cost`) VALUES (464, 'Plasterers', '2014-12-11 12:34:42', 39464, 254.46);
INSERT INTO `services` (`id`, `type`, `created`, `odometer`, `cost`) VALUES (465, 'Electrician', '2018-09-10 00:00:35', 22592, 3313.99);
INSERT INTO `services` (`id`, `type`, `created`, `odometer`, `cost`) VALUES (466, 'Landscaper', '2014-07-18 02:41:48', 168171, 1720.84);
INSERT INTO `services` (`id`, `type`, `created`, `odometer`, `cost`) VALUES (467, 'Sheet Metal Worker', '2012-05-28 07:53:29', 8632, 2127.04);
INSERT INTO `services` (`id`, `type`, `created`, `odometer`, `cost`) VALUES (468, 'Ironworker', '2020-03-28 01:30:08', 9856, 809.28);
INSERT INTO `services` (`id`, `type`, `created`, `odometer`, `cost`) VALUES (469, 'Equipment Operator', '2022-01-01 13:28:13', 207076, 1183.65);
INSERT INTO `services` (`id`, `type`, `created`, `odometer`, `cost`) VALUES (470, 'Laborer', '2019-06-21 23:42:16', 230231, 2567.48);
INSERT INTO `services` (`id`, `type`, `created`, `odometer`, `cost`) VALUES (471, 'Waterproofer', '2016-05-23 17:54:04', 289021, 4489.25);
INSERT INTO `services` (`id`, `type`, `created`, `odometer`, `cost`) VALUES (472, 'Waterproofer', '2018-09-28 18:35:20', 234049, 227.57);
INSERT INTO `services` (`id`, `type`, `created`, `odometer`, `cost`) VALUES (473, 'HVAC', '2018-03-17 09:07:15', 251039, 3935.5);
INSERT INTO `services` (`id`, `type`, `created`, `odometer`, `cost`) VALUES (474, 'Sheet Metal Worker', '2020-06-02 06:48:33', 101143, 2378.16);
INSERT INTO `services` (`id`, `type`, `created`, `odometer`, `cost`) VALUES (475, 'Millwright', '2015-08-31 23:45:21', 95671, 2566.44);
INSERT INTO `services` (`id`, `type`, `created`, `odometer`, `cost`) VALUES (476, 'Linemen', '2014-02-02 22:31:00', 257725, 3786.6);
INSERT INTO `services` (`id`, `type`, `created`, `odometer`, `cost`) VALUES (477, 'HVAC', '2015-02-19 02:02:17', 298270, 4478.38);
INSERT INTO `services` (`id`, `type`, `created`, `odometer`, `cost`) VALUES (478, 'Refridgeration', '2016-01-31 16:45:27', 48032, 3110.09);
INSERT INTO `services` (`id`, `type`, `created`, `odometer`, `cost`) VALUES (479, 'Pipelayer', '2016-09-06 09:36:16', 279289, 4639.47);
INSERT INTO `services` (`id`, `type`, `created`, `odometer`, `cost`) VALUES (480, 'Tile Setter', '2021-01-03 22:17:19', 147387, 2058.27);
INSERT INTO `services` (`id`, `type`, `created`, `odometer`, `cost`) VALUES (481, 'Tile Setter', '2021-03-20 12:38:45', 36211, 2140.91);
INSERT INTO `services` (`id`, `type`, `created`, `odometer`, `cost`) VALUES (482, 'Welder', '2012-01-28 13:07:25', 112770, 3488.73);
INSERT INTO `services` (`id`, `type`, `created`, `odometer`, `cost`) VALUES (483, 'Sheet Metal Worker', '2018-12-07 09:26:15', 168849, 3098.24);
INSERT INTO `services` (`id`, `type`, `created`, `odometer`, `cost`) VALUES (484, 'Refridgeration', '2018-11-21 16:51:07', 150250, 1972.64);
INSERT INTO `services` (`id`, `type`, `created`, `odometer`, `cost`) VALUES (485, 'Brickmason', '2021-01-13 13:45:32', 66984, 1380.36);
INSERT INTO `services` (`id`, `type`, `created`, `odometer`, `cost`) VALUES (486, 'HVAC', '2013-06-07 23:56:44', 112822, 1857.39);
INSERT INTO `services` (`id`, `type`, `created`, `odometer`, `cost`) VALUES (487, 'Plumber', '2020-09-01 17:18:52', 3603, 14.48);
INSERT INTO `services` (`id`, `type`, `created`, `odometer`, `cost`) VALUES (488, 'Carpenter', '2016-12-10 21:35:34', 45348, 1006.75);
INSERT INTO `services` (`id`, `type`, `created`, `odometer`, `cost`) VALUES (489, 'Pipefitter', '2015-11-17 03:39:27', 285214, 3748.82);
INSERT INTO `services` (`id`, `type`, `created`, `odometer`, `cost`) VALUES (490, 'Ironworker', '2013-09-16 01:29:31', 201046, 4633.54);
INSERT INTO `services` (`id`, `type`, `created`, `odometer`, `cost`) VALUES (491, 'Waterproofer', '2015-07-25 06:05:32', 43044, 3996.94);
INSERT INTO `services` (`id`, `type`, `created`, `odometer`, `cost`) VALUES (492, 'Boilermaker', '2019-08-20 02:04:24', 298076, 2813.13);
INSERT INTO `services` (`id`, `type`, `created`, `odometer`, `cost`) VALUES (493, 'Electrician', '2021-12-03 14:05:46', 291972, 2458.4);
INSERT INTO `services` (`id`, `type`, `created`, `odometer`, `cost`) VALUES (494, 'Brickmason', '2021-09-10 01:28:28', 14157, 243.99);
INSERT INTO `services` (`id`, `type`, `created`, `odometer`, `cost`) VALUES (495, 'Boilermaker', '2018-04-17 01:25:10', 285658, 2271.18);
INSERT INTO `services` (`id`, `type`, `created`, `odometer`, `cost`) VALUES (496, 'Equipment Operator', '2020-06-28 09:43:07', 117954, 2596.05);
INSERT INTO `services` (`id`, `type`, `created`, `odometer`, `cost`) VALUES (497, 'Millwright', '2017-10-23 16:27:15', 78660, 2335.78);
INSERT INTO `services` (`id`, `type`, `created`, `odometer`, `cost`) VALUES (498, 'Pipefitter', '2015-06-04 01:39:05', 1443, 2026.26);
INSERT INTO `services` (`id`, `type`, `created`, `odometer`, `cost`) VALUES (499, 'Carpenter', '2012-06-27 15:32:23', 75988, 708.95);
INSERT INTO `services` (`id`, `type`, `created`, `odometer`, `cost`) VALUES (500, 'Painter', '2013-10-05 00:47:27', 197392, 4914.37);
INSERT INTO `services` (`id`, `type`, `created`, `odometer`, `cost`) VALUES (501, 'Pipefitter', '2020-02-17 23:49:04', 59912, 2693.91);
INSERT INTO `services` (`id`, `type`, `created`, `odometer`, `cost`) VALUES (502, 'Boilermaker', '2021-04-18 05:06:11', 154874, 1165.19);
INSERT INTO `services` (`id`, `type`, `created`, `odometer`, `cost`) VALUES (503, 'Refridgeration', '2021-09-08 23:58:16', 75406, 4764.02);
INSERT INTO `services` (`id`, `type`, `created`, `odometer`, `cost`) VALUES (504, 'Plumber', '2018-10-24 07:22:47', 164141, 947.33);
INSERT INTO `services` (`id`, `type`, `created`, `odometer`, `cost`) VALUES (505, 'Ironworker', '2018-12-28 11:07:52', 21886, 3977.08);
INSERT INTO `services` (`id`, `type`, `created`, `odometer`, `cost`) VALUES (506, 'Refridgeration', '2014-07-30 11:57:14', 63457, 4253.89);
INSERT INTO `services` (`id`, `type`, `created`, `odometer`, `cost`) VALUES (507, 'Millwright', '2019-05-17 03:11:42', 88765, 2423.51);
INSERT INTO `services` (`id`, `type`, `created`, `odometer`, `cost`) VALUES (508, 'Terrazzo', '2013-10-31 06:04:14', 266136, 1113.95);
INSERT INTO `services` (`id`, `type`, `created`, `odometer`, `cost`) VALUES (509, 'Plumber', '2019-04-16 18:45:23', 220244, 4955.17);
INSERT INTO `services` (`id`, `type`, `created`, `odometer`, `cost`) VALUES (510, 'Carpenter', '2013-01-25 17:06:41', 182145, 4413.18);
INSERT INTO `services` (`id`, `type`, `created`, `odometer`, `cost`) VALUES (511, 'Concrete Finisher', '2018-03-11 12:42:07', 299135, 760.56);
INSERT INTO `services` (`id`, `type`, `created`, `odometer`, `cost`) VALUES (512, 'Sheet Metal Worker', '2018-12-08 12:21:36', 127514, 2479.02);
INSERT INTO `services` (`id`, `type`, `created`, `odometer`, `cost`) VALUES (513, 'Stucco Mason', '2015-11-27 02:41:01', 100725, 3787.7);
INSERT INTO `services` (`id`, `type`, `created`, `odometer`, `cost`) VALUES (514, 'Linemen', '2016-10-01 16:19:21', 98528, 193.33);
INSERT INTO `services` (`id`, `type`, `created`, `odometer`, `cost`) VALUES (515, 'Boilermaker', '2019-08-10 21:21:20', 152033, 1682.04);
INSERT INTO `services` (`id`, `type`, `created`, `odometer`, `cost`) VALUES (516, 'Landscaper', '2017-05-19 22:55:07', 144260, 1380.72);
INSERT INTO `services` (`id`, `type`, `created`, `odometer`, `cost`) VALUES (517, 'Tile Setter', '2014-02-21 01:42:11', 10440, 4095.27);
INSERT INTO `services` (`id`, `type`, `created`, `odometer`, `cost`) VALUES (518, 'Terrazzo', '2015-08-10 01:08:06', 181859, 4054.35);
INSERT INTO `services` (`id`, `type`, `created`, `odometer`, `cost`) VALUES (519, 'Refridgeration', '2020-12-21 00:56:24', 297423, 3427.57);
INSERT INTO `services` (`id`, `type`, `created`, `odometer`, `cost`) VALUES (520, 'Tile Setter', '2018-03-01 06:36:33', 111901, 596.15);
INSERT INTO `services` (`id`, `type`, `created`, `odometer`, `cost`) VALUES (521, 'Tile Setter', '2020-02-12 10:52:42', 176412, 3937.14);
INSERT INTO `services` (`id`, `type`, `created`, `odometer`, `cost`) VALUES (522, 'Tile Setter', '2021-11-25 06:11:12', 137535, 3009.86);
INSERT INTO `services` (`id`, `type`, `created`, `odometer`, `cost`) VALUES (523, 'Millwright', '2017-08-02 09:19:24', 11690, 2132.42);
INSERT INTO `services` (`id`, `type`, `created`, `odometer`, `cost`) VALUES (524, 'Carpenter', '2012-06-13 11:50:37', 60493, 4832.62);
INSERT INTO `services` (`id`, `type`, `created`, `odometer`, `cost`) VALUES (525, 'Painter', '2019-06-13 07:13:31', 104762, 3950.86);
INSERT INTO `services` (`id`, `type`, `created`, `odometer`, `cost`) VALUES (526, 'Electrician', '2016-06-30 22:40:55', 206007, 276.25);
INSERT INTO `services` (`id`, `type`, `created`, `odometer`, `cost`) VALUES (527, 'Concrete Finisher', '2013-05-11 08:47:40', 57382, 2774.19);
INSERT INTO `services` (`id`, `type`, `created`, `odometer`, `cost`) VALUES (528, 'Pipelayer', '2018-04-24 20:40:58', 30957, 4057.83);
INSERT INTO `services` (`id`, `type`, `created`, `odometer`, `cost`) VALUES (529, 'Landscaper', '2021-04-05 03:41:52', 166762, 2168.52);
INSERT INTO `services` (`id`, `type`, `created`, `odometer`, `cost`) VALUES (530, 'Millwright', '2021-05-28 11:22:17', 178825, 1311.23);
INSERT INTO `services` (`id`, `type`, `created`, `odometer`, `cost`) VALUES (531, 'Boilermaker', '2015-09-23 17:24:56', 163662, 248.01);
INSERT INTO `services` (`id`, `type`, `created`, `odometer`, `cost`) VALUES (532, 'Painter', '2017-12-04 20:05:44', 59841, 946.9);
INSERT INTO `services` (`id`, `type`, `created`, `odometer`, `cost`) VALUES (533, 'Landscaper', '2015-05-23 03:24:54', 4937, 2228.88);
INSERT INTO `services` (`id`, `type`, `created`, `odometer`, `cost`) VALUES (534, 'Concrete Finisher', '2015-10-03 04:19:07', 136683, 2378.72);
INSERT INTO `services` (`id`, `type`, `created`, `odometer`, `cost`) VALUES (535, 'Pipelayer', '2018-06-12 02:51:42', 60121, 3301.86);
INSERT INTO `services` (`id`, `type`, `created`, `odometer`, `cost`) VALUES (536, 'Plumber', '2016-12-28 13:30:27', 33869, 652.37);
INSERT INTO `services` (`id`, `type`, `created`, `odometer`, `cost`) VALUES (537, 'Stucco Mason', '2020-03-20 23:04:03', 30016, 4952.3);
INSERT INTO `services` (`id`, `type`, `created`, `odometer`, `cost`) VALUES (538, 'Glazier', '2012-10-16 16:18:01', 164844, 1070.14);
INSERT INTO `services` (`id`, `type`, `created`, `odometer`, `cost`) VALUES (539, 'Safety Officer', '2012-05-30 18:31:13', 54999, 1999.27);
INSERT INTO `services` (`id`, `type`, `created`, `odometer`, `cost`) VALUES (540, 'Concrete Finisher', '2020-06-02 15:22:56', 137577, 983.11);
INSERT INTO `services` (`id`, `type`, `created`, `odometer`, `cost`) VALUES (541, 'Landscaper', '2013-11-20 21:17:25', 268104, 3366.24);
INSERT INTO `services` (`id`, `type`, `created`, `odometer`, `cost`) VALUES (542, 'Waterproofer', '2016-02-19 14:05:37', 24317, 1750.04);
INSERT INTO `services` (`id`, `type`, `created`, `odometer`, `cost`) VALUES (543, 'Carpenter', '2012-01-27 06:03:42', 136490, 1549.68);
INSERT INTO `services` (`id`, `type`, `created`, `odometer`, `cost`) VALUES (544, 'Sheet Metal Worker', '2018-04-21 01:19:54', 229096, 1746.01);
INSERT INTO `services` (`id`, `type`, `created`, `odometer`, `cost`) VALUES (545, 'Landscaper', '2013-07-14 09:53:31', 154520, 3346.63);
INSERT INTO `services` (`id`, `type`, `created`, `odometer`, `cost`) VALUES (546, 'Refridgeration', '2015-12-13 21:05:47', 72586, 4138.24);
INSERT INTO `services` (`id`, `type`, `created`, `odometer`, `cost`) VALUES (547, 'Pipefitter', '2015-06-07 00:39:14', 173518, 4075.9);
INSERT INTO `services` (`id`, `type`, `created`, `odometer`, `cost`) VALUES (548, 'Equipment Operator', '2020-12-30 17:25:42', 161522, 3516.1);
INSERT INTO `services` (`id`, `type`, `created`, `odometer`, `cost`) VALUES (549, 'HVAC', '2018-08-23 23:51:53', 21625, 514.3);
INSERT INTO `services` (`id`, `type`, `created`, `odometer`, `cost`) VALUES (550, 'Carpenter', '2016-06-09 02:54:36', 170665, 906.88);
INSERT INTO `services` (`id`, `type`, `created`, `odometer`, `cost`) VALUES (551, 'Stucco Mason', '2021-12-06 08:29:21', 288283, 2283.29);
INSERT INTO `services` (`id`, `type`, `created`, `odometer`, `cost`) VALUES (552, 'Welder', '2020-10-09 05:56:25', 284139, 1141.02);
INSERT INTO `services` (`id`, `type`, `created`, `odometer`, `cost`) VALUES (553, 'Tile Setter', '2021-04-24 20:16:35', 37691, 805.47);
INSERT INTO `services` (`id`, `type`, `created`, `odometer`, `cost`) VALUES (554, 'Ironworker', '2019-08-14 14:42:30', 63484, 2166.79);
INSERT INTO `services` (`id`, `type`, `created`, `odometer`, `cost`) VALUES (555, 'Glazier', '2021-02-20 12:00:15', 252912, 2961.72);
INSERT INTO `services` (`id`, `type`, `created`, `odometer`, `cost`) VALUES (556, 'Sheet Metal Worker', '2021-10-20 12:59:53', 169534, 1294.56);
INSERT INTO `services` (`id`, `type`, `created`, `odometer`, `cost`) VALUES (557, 'Glazier', '2015-05-14 04:44:29', 188013, 2795.67);
INSERT INTO `services` (`id`, `type`, `created`, `odometer`, `cost`) VALUES (558, 'Safety Officer', '2015-06-24 16:30:27', 34301, 1554.86);
INSERT INTO `services` (`id`, `type`, `created`, `odometer`, `cost`) VALUES (559, 'Laborer', '2014-01-02 04:46:41', 72990, 2881.91);
INSERT INTO `services` (`id`, `type`, `created`, `odometer`, `cost`) VALUES (560, 'Plasterers', '2015-04-28 07:32:17', 44940, 888.65);
INSERT INTO `services` (`id`, `type`, `created`, `odometer`, `cost`) VALUES (561, 'Plumber', '2017-04-30 00:58:51', 238467, 1259.19);
INSERT INTO `services` (`id`, `type`, `created`, `odometer`, `cost`) VALUES (562, 'Ironworker', '2021-02-11 03:19:07', 191746, 3937.83);
INSERT INTO `services` (`id`, `type`, `created`, `odometer`, `cost`) VALUES (563, 'Tile Setter', '2018-01-21 14:09:44', 132776, 1525.91);
INSERT INTO `services` (`id`, `type`, `created`, `odometer`, `cost`) VALUES (564, 'Stucco Mason', '2017-12-09 17:28:08', 45033, 4386.47);
INSERT INTO `services` (`id`, `type`, `created`, `odometer`, `cost`) VALUES (565, 'Cement Mason', '2015-06-08 09:47:45', 132915, 2387.0);
INSERT INTO `services` (`id`, `type`, `created`, `odometer`, `cost`) VALUES (566, 'Millwright', '2019-03-06 11:01:48', 78069, 662.75);
INSERT INTO `services` (`id`, `type`, `created`, `odometer`, `cost`) VALUES (567, 'Painter', '2020-12-02 21:18:44', 226432, 3409.95);
INSERT INTO `services` (`id`, `type`, `created`, `odometer`, `cost`) VALUES (568, 'Refridgeration', '2017-09-23 04:57:31', 153093, 2555.11);
INSERT INTO `services` (`id`, `type`, `created`, `odometer`, `cost`) VALUES (569, 'Tile Setter', '2016-05-20 13:36:23', 164787, 4671.43);
INSERT INTO `services` (`id`, `type`, `created`, `odometer`, `cost`) VALUES (570, 'Millwright', '2021-08-16 01:35:43', 180204, 412.87);
INSERT INTO `services` (`id`, `type`, `created`, `odometer`, `cost`) VALUES (571, 'Landscaper', '2013-11-18 15:46:09', 211026, 286.99);
INSERT INTO `services` (`id`, `type`, `created`, `odometer`, `cost`) VALUES (572, 'Electrician', '2019-09-26 00:15:41', 104270, 4069.69);
INSERT INTO `services` (`id`, `type`, `created`, `odometer`, `cost`) VALUES (573, 'Tile Setter', '2020-03-23 21:19:42', 18335, 810.6);
INSERT INTO `services` (`id`, `type`, `created`, `odometer`, `cost`) VALUES (574, 'Laborer', '2020-01-15 04:59:48', 276756, 1082.6);
INSERT INTO `services` (`id`, `type`, `created`, `odometer`, `cost`) VALUES (575, 'Waterproofer', '2012-02-29 21:31:23', 153468, 4634.73);
INSERT INTO `services` (`id`, `type`, `created`, `odometer`, `cost`) VALUES (576, 'Electrician', '2014-03-24 01:44:01', 191745, 2649.53);
INSERT INTO `services` (`id`, `type`, `created`, `odometer`, `cost`) VALUES (577, 'Pipefitter', '2020-05-16 01:38:45', 187472, 3553.47);
INSERT INTO `services` (`id`, `type`, `created`, `odometer`, `cost`) VALUES (578, 'Glazier', '2021-09-16 10:21:27', 69128, 3880.6);
INSERT INTO `services` (`id`, `type`, `created`, `odometer`, `cost`) VALUES (579, 'Brickmason', '2018-04-19 22:48:16', 15861, 2338.79);
INSERT INTO `services` (`id`, `type`, `created`, `odometer`, `cost`) VALUES (580, 'Terrazzo', '2013-07-26 18:30:22', 156274, 432.84);
INSERT INTO `services` (`id`, `type`, `created`, `odometer`, `cost`) VALUES (581, 'Waterproofer', '2016-06-13 11:45:05', 103774, 263.7);
INSERT INTO `services` (`id`, `type`, `created`, `odometer`, `cost`) VALUES (582, 'Stucco Mason', '2016-09-20 05:56:16', 268691, 4063.48);
INSERT INTO `services` (`id`, `type`, `created`, `odometer`, `cost`) VALUES (583, 'Landscaper', '2017-10-13 09:52:10', 29527, 1834.6);
INSERT INTO `services` (`id`, `type`, `created`, `odometer`, `cost`) VALUES (584, 'Tile Setter', '2013-09-12 16:41:03', 244514, 4935.08);
INSERT INTO `services` (`id`, `type`, `created`, `odometer`, `cost`) VALUES (585, 'Glazier', '2016-10-19 05:22:55', 213657, 154.77);
INSERT INTO `services` (`id`, `type`, `created`, `odometer`, `cost`) VALUES (586, 'Cement Mason', '2015-03-08 06:17:03', 179734, 3706.01);
INSERT INTO `services` (`id`, `type`, `created`, `odometer`, `cost`) VALUES (587, 'Brickmason', '2014-02-20 19:51:29', 220409, 2184.76);
INSERT INTO `services` (`id`, `type`, `created`, `odometer`, `cost`) VALUES (588, 'Boilermaker', '2019-08-29 20:12:34', 142198, 3321.48);
INSERT INTO `services` (`id`, `type`, `created`, `odometer`, `cost`) VALUES (589, 'Safety Officer', '2021-09-05 16:16:57', 266076, 3170.37);
INSERT INTO `services` (`id`, `type`, `created`, `odometer`, `cost`) VALUES (590, 'Millwright', '2016-11-08 22:31:18', 16969, 3649.37);
INSERT INTO `services` (`id`, `type`, `created`, `odometer`, `cost`) VALUES (591, 'Linemen', '2017-05-08 11:02:13', 352, 717.18);
INSERT INTO `services` (`id`, `type`, `created`, `odometer`, `cost`) VALUES (592, 'Painter', '2021-07-11 01:46:08', 47612, 3052.12);
INSERT INTO `services` (`id`, `type`, `created`, `odometer`, `cost`) VALUES (593, 'Boilermaker', '2016-12-15 02:47:43', 29591, 2671.73);
INSERT INTO `services` (`id`, `type`, `created`, `odometer`, `cost`) VALUES (594, 'Terrazzo', '2015-03-11 05:41:30', 221859, 2075.96);
INSERT INTO `services` (`id`, `type`, `created`, `odometer`, `cost`) VALUES (595, 'Ironworker', '2013-03-16 07:08:00', 191860, 3566.38);
INSERT INTO `services` (`id`, `type`, `created`, `odometer`, `cost`) VALUES (596, 'Laborer', '2020-12-22 08:55:58', 152731, 3310.79);
INSERT INTO `services` (`id`, `type`, `created`, `odometer`, `cost`) VALUES (597, 'Cement Mason', '2016-12-18 12:25:18', 194458, 1401.3);
INSERT INTO `services` (`id`, `type`, `created`, `odometer`, `cost`) VALUES (598, 'Cement Mason', '2014-09-14 12:18:17', 285757, 268.98);
INSERT INTO `services` (`id`, `type`, `created`, `odometer`, `cost`) VALUES (599, 'HVAC', '2016-03-31 08:20:40', 241313, 3141.67);
INSERT INTO `services` (`id`, `type`, `created`, `odometer`, `cost`) VALUES (600, 'Painter', '2013-12-09 14:03:44', 201427, 3122.4);
INSERT INTO `services` (`id`, `type`, `created`, `odometer`, `cost`) VALUES (601, 'Sheet Metal Worker', '2015-05-30 07:32:20', 287448, 4258.79);
INSERT INTO `services` (`id`, `type`, `created`, `odometer`, `cost`) VALUES (602, 'Plasterers', '2020-04-11 22:11:18', 295106, 2378.1);
INSERT INTO `services` (`id`, `type`, `created`, `odometer`, `cost`) VALUES (603, 'Laborer', '2020-09-30 20:14:51', 272590, 2512.15);
INSERT INTO `services` (`id`, `type`, `created`, `odometer`, `cost`) VALUES (604, 'Plasterers', '2018-10-13 16:31:18', 104115, 335.55);
INSERT INTO `services` (`id`, `type`, `created`, `odometer`, `cost`) VALUES (605, 'Carpenter', '2019-01-18 21:07:34', 88958, 1923.79);
INSERT INTO `services` (`id`, `type`, `created`, `odometer`, `cost`) VALUES (606, 'Carpenter', '2016-12-13 16:35:48', 216176, 2136.05);
INSERT INTO `services` (`id`, `type`, `created`, `odometer`, `cost`) VALUES (607, 'Electrician', '2012-12-06 21:41:13', 283653, 4892.34);
INSERT INTO `services` (`id`, `type`, `created`, `odometer`, `cost`) VALUES (608, 'Carpenter', '2019-07-07 09:40:57', 199305, 4266.23);
INSERT INTO `services` (`id`, `type`, `created`, `odometer`, `cost`) VALUES (609, 'HVAC', '2021-04-18 21:52:11', 55601, 4800.42);
INSERT INTO `services` (`id`, `type`, `created`, `odometer`, `cost`) VALUES (610, 'Concrete Finisher', '2014-01-10 19:18:33', 23266, 2628.88);
INSERT INTO `services` (`id`, `type`, `created`, `odometer`, `cost`) VALUES (611, 'Terrazzo', '2021-06-18 17:08:04', 139061, 1614.95);
INSERT INTO `services` (`id`, `type`, `created`, `odometer`, `cost`) VALUES (612, 'Welder', '2021-04-05 18:58:10', 170264, 3165.62);
INSERT INTO `services` (`id`, `type`, `created`, `odometer`, `cost`) VALUES (613, 'Pipefitter', '2015-12-20 00:19:02', 153873, 492.2);
INSERT INTO `services` (`id`, `type`, `created`, `odometer`, `cost`) VALUES (614, 'HVAC', '2021-04-02 19:20:13', 247977, 3153.08);
INSERT INTO `services` (`id`, `type`, `created`, `odometer`, `cost`) VALUES (615, 'Electrician', '2018-03-03 01:37:57', 63458, 4942.86);
INSERT INTO `services` (`id`, `type`, `created`, `odometer`, `cost`) VALUES (616, 'Millwright', '2021-06-20 02:05:17', 75350, 74.86);
INSERT INTO `services` (`id`, `type`, `created`, `odometer`, `cost`) VALUES (617, 'HVAC', '2014-01-04 18:22:05', 21541, 1200.36);
INSERT INTO `services` (`id`, `type`, `created`, `odometer`, `cost`) VALUES (618, 'Cement Mason', '2013-09-11 18:31:43', 156500, 456.78);
INSERT INTO `services` (`id`, `type`, `created`, `odometer`, `cost`) VALUES (619, 'Safety Officer', '2015-02-26 16:42:44', 113456, 1210.24);
INSERT INTO `services` (`id`, `type`, `created`, `odometer`, `cost`) VALUES (620, 'Refridgeration', '2016-05-21 23:03:16', 121107, 509.56);
INSERT INTO `services` (`id`, `type`, `created`, `odometer`, `cost`) VALUES (621, 'Safety Officer', '2016-03-14 00:00:49', 59969, 3631.41);
INSERT INTO `services` (`id`, `type`, `created`, `odometer`, `cost`) VALUES (622, 'Cement Mason', '2012-01-22 03:25:58', 177570, 3412.62);
INSERT INTO `services` (`id`, `type`, `created`, `odometer`, `cost`) VALUES (623, 'Boilermaker', '2019-07-05 04:39:04', 239132, 4307.48);
INSERT INTO `services` (`id`, `type`, `created`, `odometer`, `cost`) VALUES (624, 'Electrician', '2020-11-29 09:46:17', 274962, 3512.8);
INSERT INTO `services` (`id`, `type`, `created`, `odometer`, `cost`) VALUES (625, 'Linemen', '2016-08-24 14:06:01', 85997, 43.98);
INSERT INTO `services` (`id`, `type`, `created`, `odometer`, `cost`) VALUES (626, 'Millwright', '2016-03-03 13:10:15', 37276, 2741.89);
INSERT INTO `services` (`id`, `type`, `created`, `odometer`, `cost`) VALUES (627, 'Concrete Finisher', '2012-01-24 16:47:40', 176192, 1940.11);
INSERT INTO `services` (`id`, `type`, `created`, `odometer`, `cost`) VALUES (628, 'Stucco Mason', '2013-11-21 03:13:55', 157983, 3871.38);
INSERT INTO `services` (`id`, `type`, `created`, `odometer`, `cost`) VALUES (629, 'Plumber', '2015-02-17 13:29:55', 130884, 2317.49);
INSERT INTO `services` (`id`, `type`, `created`, `odometer`, `cost`) VALUES (630, 'Tile Setter', '2017-08-29 15:18:21', 114250, 3822.18);
INSERT INTO `services` (`id`, `type`, `created`, `odometer`, `cost`) VALUES (631, 'Glazier', '2014-11-27 10:57:26', 255193, 900.52);
INSERT INTO `services` (`id`, `type`, `created`, `odometer`, `cost`) VALUES (632, 'Pipelayer', '2020-04-18 04:42:26', 58321, 2239.1);
INSERT INTO `services` (`id`, `type`, `created`, `odometer`, `cost`) VALUES (633, 'Waterproofer', '2017-06-17 14:47:21', 149119, 849.51);
INSERT INTO `services` (`id`, `type`, `created`, `odometer`, `cost`) VALUES (634, 'Painter', '2018-02-24 00:02:53', 258368, 97.15);
INSERT INTO `services` (`id`, `type`, `created`, `odometer`, `cost`) VALUES (635, 'Plasterers', '2013-06-02 04:18:52', 245295, 461.27);
INSERT INTO `services` (`id`, `type`, `created`, `odometer`, `cost`) VALUES (636, 'Welder', '2012-11-22 20:10:16', 17977, 1329.83);
INSERT INTO `services` (`id`, `type`, `created`, `odometer`, `cost`) VALUES (637, 'Sheet Metal Worker', '2013-11-21 21:16:48', 18659, 3503.53);
INSERT INTO `services` (`id`, `type`, `created`, `odometer`, `cost`) VALUES (638, 'Landscaper', '2012-07-27 18:33:15', 282695, 4070.71);
INSERT INTO `services` (`id`, `type`, `created`, `odometer`, `cost`) VALUES (639, 'Concrete Finisher', '2015-09-24 22:20:40', 61752, 3878.8);
INSERT INTO `services` (`id`, `type`, `created`, `odometer`, `cost`) VALUES (640, 'Glazier', '2016-11-14 15:48:55', 176625, 449.37);
INSERT INTO `services` (`id`, `type`, `created`, `odometer`, `cost`) VALUES (641, 'Cement Mason', '2018-07-26 23:04:39', 104941, 1207.59);
INSERT INTO `services` (`id`, `type`, `created`, `odometer`, `cost`) VALUES (642, 'Waterproofer', '2012-12-19 19:55:55', 129004, 2433.62);
INSERT INTO `services` (`id`, `type`, `created`, `odometer`, `cost`) VALUES (643, 'Glazier', '2019-10-08 00:47:00', 181212, 3504.26);
INSERT INTO `services` (`id`, `type`, `created`, `odometer`, `cost`) VALUES (644, 'Brickmason', '2012-09-15 15:19:34', 176859, 3550.08);
INSERT INTO `services` (`id`, `type`, `created`, `odometer`, `cost`) VALUES (645, 'Waterproofer', '2018-04-19 20:00:05', 80608, 1409.34);
INSERT INTO `services` (`id`, `type`, `created`, `odometer`, `cost`) VALUES (646, 'Terrazzo', '2018-04-13 14:59:44', 121796, 3333.98);
INSERT INTO `services` (`id`, `type`, `created`, `odometer`, `cost`) VALUES (647, 'Plasterers', '2014-02-19 13:26:18', 197948, 1644.92);
INSERT INTO `services` (`id`, `type`, `created`, `odometer`, `cost`) VALUES (648, 'Concrete Finisher', '2020-01-24 19:41:13', 286904, 3879.11);
INSERT INTO `services` (`id`, `type`, `created`, `odometer`, `cost`) VALUES (649, 'Ironworker', '2018-09-01 14:22:38', 193012, 3915.16);
INSERT INTO `services` (`id`, `type`, `created`, `odometer`, `cost`) VALUES (650, 'Electrician', '2013-08-11 20:57:09', 222182, 9.95);
INSERT INTO `services` (`id`, `type`, `created`, `odometer`, `cost`) VALUES (651, 'Brickmason', '2015-09-26 00:18:59', 239512, 2711.94);
INSERT INTO `services` (`id`, `type`, `created`, `odometer`, `cost`) VALUES (652, 'Pipefitter', '2014-03-12 04:07:49', 74151, 3024.59);
INSERT INTO `services` (`id`, `type`, `created`, `odometer`, `cost`) VALUES (653, 'Cement Mason', '2017-08-11 04:30:23', 45956, 3154.46);
INSERT INTO `services` (`id`, `type`, `created`, `odometer`, `cost`) VALUES (654, 'Terrazzo', '2013-07-13 01:12:05', 234102, 1438.55);
INSERT INTO `services` (`id`, `type`, `created`, `odometer`, `cost`) VALUES (655, 'Tile Setter', '2018-10-04 05:48:59', 210920, 3975.52);
INSERT INTO `services` (`id`, `type`, `created`, `odometer`, `cost`) VALUES (656, 'Painter', '2018-01-16 05:28:13', 48219, 3932.51);
INSERT INTO `services` (`id`, `type`, `created`, `odometer`, `cost`) VALUES (657, 'Sheet Metal Worker', '2018-08-08 21:54:40', 209403, 2261.48);
INSERT INTO `services` (`id`, `type`, `created`, `odometer`, `cost`) VALUES (658, 'Stucco Mason', '2017-05-14 18:55:10', 203502, 1298.91);
INSERT INTO `services` (`id`, `type`, `created`, `odometer`, `cost`) VALUES (659, 'Carpenter', '2012-08-19 09:13:47', 182984, 1444.99);
INSERT INTO `services` (`id`, `type`, `created`, `odometer`, `cost`) VALUES (660, 'Millwright', '2013-07-27 03:36:46', 181941, 4761.0);
INSERT INTO `services` (`id`, `type`, `created`, `odometer`, `cost`) VALUES (661, 'Waterproofer', '2012-04-10 14:04:51', 210628, 1260.45);
INSERT INTO `services` (`id`, `type`, `created`, `odometer`, `cost`) VALUES (662, 'Carpenter', '2018-10-24 00:51:22', 49439, 578.95);
INSERT INTO `services` (`id`, `type`, `created`, `odometer`, `cost`) VALUES (663, 'HVAC', '2012-12-20 20:50:17', 53981, 3463.43);
INSERT INTO `services` (`id`, `type`, `created`, `odometer`, `cost`) VALUES (664, 'HVAC', '2017-02-08 14:04:18', 108561, 3012.08);
INSERT INTO `services` (`id`, `type`, `created`, `odometer`, `cost`) VALUES (665, 'Pipelayer', '2016-12-29 09:19:03', 35787, 2533.03);
INSERT INTO `services` (`id`, `type`, `created`, `odometer`, `cost`) VALUES (666, 'Stucco Mason', '2017-11-12 02:11:23', 34309, 4746.48);
INSERT INTO `services` (`id`, `type`, `created`, `odometer`, `cost`) VALUES (667, 'Landscaper', '2021-08-30 05:54:55', 243197, 1226.16);
INSERT INTO `services` (`id`, `type`, `created`, `odometer`, `cost`) VALUES (668, 'Pipefitter', '2019-05-28 17:18:35', 31076, 902.15);
INSERT INTO `services` (`id`, `type`, `created`, `odometer`, `cost`) VALUES (669, 'Electrician', '2015-11-13 07:06:18', 145370, 3328.38);
INSERT INTO `services` (`id`, `type`, `created`, `odometer`, `cost`) VALUES (670, 'Plasterers', '2018-12-30 03:13:46', 237831, 2576.62);
INSERT INTO `services` (`id`, `type`, `created`, `odometer`, `cost`) VALUES (671, 'Plumber', '2018-11-02 20:53:12', 121426, 544.74);
INSERT INTO `services` (`id`, `type`, `created`, `odometer`, `cost`) VALUES (672, 'Ironworker', '2013-11-24 05:05:31', 225967, 114.76);
INSERT INTO `services` (`id`, `type`, `created`, `odometer`, `cost`) VALUES (673, 'Stucco Mason', '2019-12-19 08:12:12', 277347, 626.95);
INSERT INTO `services` (`id`, `type`, `created`, `odometer`, `cost`) VALUES (674, 'Pipelayer', '2017-04-08 22:23:01', 162428, 428.11);
INSERT INTO `services` (`id`, `type`, `created`, `odometer`, `cost`) VALUES (675, 'Equipment Operator', '2012-06-13 06:54:00', 2777, 2031.64);
INSERT INTO `services` (`id`, `type`, `created`, `odometer`, `cost`) VALUES (676, 'Refridgeration', '2021-05-07 23:26:39', 87167, 2380.68);
INSERT INTO `services` (`id`, `type`, `created`, `odometer`, `cost`) VALUES (677, 'Landscaper', '2021-03-18 13:35:25', 43343, 1862.43);
INSERT INTO `services` (`id`, `type`, `created`, `odometer`, `cost`) VALUES (678, 'Tile Setter', '2016-05-22 21:00:08', 173949, 4245.04);
INSERT INTO `services` (`id`, `type`, `created`, `odometer`, `cost`) VALUES (679, 'Pipefitter', '2020-07-07 05:54:21', 232656, 3130.34);
INSERT INTO `services` (`id`, `type`, `created`, `odometer`, `cost`) VALUES (680, 'Plumber', '2020-12-30 16:35:39', 135306, 1121.19);
INSERT INTO `services` (`id`, `type`, `created`, `odometer`, `cost`) VALUES (681, 'Electrician', '2017-01-31 20:00:39', 153361, 962.5);
INSERT INTO `services` (`id`, `type`, `created`, `odometer`, `cost`) VALUES (682, 'Sheet Metal Worker', '2016-01-16 01:25:28', 286438, 144.15);
INSERT INTO `services` (`id`, `type`, `created`, `odometer`, `cost`) VALUES (683, 'Electrician', '2017-01-03 11:29:14', 35009, 1149.47);
INSERT INTO `services` (`id`, `type`, `created`, `odometer`, `cost`) VALUES (684, 'Sheet Metal Worker', '2020-06-19 07:42:38', 130481, 4008.4);
INSERT INTO `services` (`id`, `type`, `created`, `odometer`, `cost`) VALUES (685, 'Stucco Mason', '2016-04-27 22:22:13', 124129, 3224.33);
INSERT INTO `services` (`id`, `type`, `created`, `odometer`, `cost`) VALUES (686, 'HVAC', '2013-08-13 13:14:10', 251647, 2668.96);
INSERT INTO `services` (`id`, `type`, `created`, `odometer`, `cost`) VALUES (687, 'Laborer', '2013-06-12 00:45:49', 214847, 2319.58);
INSERT INTO `services` (`id`, `type`, `created`, `odometer`, `cost`) VALUES (688, 'Landscaper', '2013-06-21 23:55:29', 187390, 238.32);
INSERT INTO `services` (`id`, `type`, `created`, `odometer`, `cost`) VALUES (689, 'Plasterers', '2018-11-06 11:18:26', 25226, 4287.51);
INSERT INTO `services` (`id`, `type`, `created`, `odometer`, `cost`) VALUES (690, 'Tile Setter', '2018-12-01 15:20:15', 246411, 4547.67);
INSERT INTO `services` (`id`, `type`, `created`, `odometer`, `cost`) VALUES (691, 'Plasterers', '2021-08-19 02:01:32', 264959, 4021.72);
INSERT INTO `services` (`id`, `type`, `created`, `odometer`, `cost`) VALUES (692, 'Boilermaker', '2019-09-21 01:28:07', 103161, 3888.2);
INSERT INTO `services` (`id`, `type`, `created`, `odometer`, `cost`) VALUES (693, 'Ironworker', '2016-08-17 09:14:16', 134469, 1071.34);
INSERT INTO `services` (`id`, `type`, `created`, `odometer`, `cost`) VALUES (694, 'Waterproofer', '2019-10-13 05:23:46', 80319, 319.56);
INSERT INTO `services` (`id`, `type`, `created`, `odometer`, `cost`) VALUES (695, 'Boilermaker', '2017-09-02 19:49:20', 126110, 1648.43);
INSERT INTO `services` (`id`, `type`, `created`, `odometer`, `cost`) VALUES (696, 'Glazier', '2017-10-16 04:33:37', 252109, 4139.78);
INSERT INTO `services` (`id`, `type`, `created`, `odometer`, `cost`) VALUES (697, 'Welder', '2016-01-23 12:39:26', 79474, 1968.57);
INSERT INTO `services` (`id`, `type`, `created`, `odometer`, `cost`) VALUES (698, 'Tile Setter', '2020-12-17 05:13:24', 76602, 2020.14);
INSERT INTO `services` (`id`, `type`, `created`, `odometer`, `cost`) VALUES (699, 'Safety Officer', '2020-08-18 22:17:14', 247435, 3921.73);
INSERT INTO `services` (`id`, `type`, `created`, `odometer`, `cost`) VALUES (700, 'Painter', '2013-07-31 05:38:11', 68999, 438.18);
INSERT INTO `services` (`id`, `type`, `created`, `odometer`, `cost`) VALUES (701, 'Equipment Operator', '2014-02-27 20:51:17', 197433, 1222.94);
INSERT INTO `services` (`id`, `type`, `created`, `odometer`, `cost`) VALUES (702, 'Millwright', '2013-03-31 01:04:18', 194140, 3428.09);
INSERT INTO `services` (`id`, `type`, `created`, `odometer`, `cost`) VALUES (703, 'Boilermaker', '2020-10-29 21:04:30', 179878, 4085.69);
INSERT INTO `services` (`id`, `type`, `created`, `odometer`, `cost`) VALUES (704, 'Plumber', '2019-01-17 15:09:27', 195283, 2559.24);
INSERT INTO `services` (`id`, `type`, `created`, `odometer`, `cost`) VALUES (705, 'Tile Setter', '2019-09-11 20:49:22', 89876, 3752.92);
INSERT INTO `services` (`id`, `type`, `created`, `odometer`, `cost`) VALUES (706, 'Refridgeration', '2015-12-23 02:29:57', 148018, 4622.88);
INSERT INTO `services` (`id`, `type`, `created`, `odometer`, `cost`) VALUES (707, 'Sheet Metal Worker', '2012-08-11 12:11:00', 78430, 4295.78);
INSERT INTO `services` (`id`, `type`, `created`, `odometer`, `cost`) VALUES (708, 'Equipment Operator', '2012-07-07 18:56:05', 161022, 432.49);
INSERT INTO `services` (`id`, `type`, `created`, `odometer`, `cost`) VALUES (709, 'Plumber', '2015-06-01 11:13:11', 81938, 2217.5);
INSERT INTO `services` (`id`, `type`, `created`, `odometer`, `cost`) VALUES (710, 'Pipefitter', '2015-12-21 01:57:52', 181238, 3263.0);
INSERT INTO `services` (`id`, `type`, `created`, `odometer`, `cost`) VALUES (711, 'Terrazzo', '2020-07-06 06:22:07', 96249, 135.66);
INSERT INTO `services` (`id`, `type`, `created`, `odometer`, `cost`) VALUES (712, 'Pipefitter', '2021-09-27 23:49:29', 229881, 1682.5);
INSERT INTO `services` (`id`, `type`, `created`, `odometer`, `cost`) VALUES (713, 'Terrazzo', '2020-06-08 15:02:30', 278351, 2771.16);
INSERT INTO `services` (`id`, `type`, `created`, `odometer`, `cost`) VALUES (714, 'Glazier', '2021-09-15 03:33:09', 53865, 2273.84);
INSERT INTO `services` (`id`, `type`, `created`, `odometer`, `cost`) VALUES (715, 'Electrician', '2014-08-13 02:31:41', 146187, 4413.94);
INSERT INTO `services` (`id`, `type`, `created`, `odometer`, `cost`) VALUES (716, 'Landscaper', '2014-02-20 08:22:40', 35666, 313.59);
INSERT INTO `services` (`id`, `type`, `created`, `odometer`, `cost`) VALUES (717, 'Tile Setter', '2018-06-27 15:48:39', 83232, 966.82);
INSERT INTO `services` (`id`, `type`, `created`, `odometer`, `cost`) VALUES (718, 'HVAC', '2017-10-09 08:41:22', 207450, 3641.7);
INSERT INTO `services` (`id`, `type`, `created`, `odometer`, `cost`) VALUES (719, 'Plasterers', '2017-09-29 02:01:15', 69948, 2065.13);
INSERT INTO `services` (`id`, `type`, `created`, `odometer`, `cost`) VALUES (720, 'Plumber', '2016-10-25 23:35:20', 23999, 3675.67);
INSERT INTO `services` (`id`, `type`, `created`, `odometer`, `cost`) VALUES (721, 'Safety Officer', '2017-04-23 05:34:26', 208598, 4909.18);
INSERT INTO `services` (`id`, `type`, `created`, `odometer`, `cost`) VALUES (722, 'Equipment Operator', '2022-01-01 09:04:36', 61009, 4887.9);
INSERT INTO `services` (`id`, `type`, `created`, `odometer`, `cost`) VALUES (723, 'Welder', '2013-08-01 00:44:58', 39113, 3615.82);
INSERT INTO `services` (`id`, `type`, `created`, `odometer`, `cost`) VALUES (724, 'Cement Mason', '2014-04-08 18:27:05', 11451, 2953.54);
INSERT INTO `services` (`id`, `type`, `created`, `odometer`, `cost`) VALUES (725, 'Brickmason', '2018-08-13 15:02:01', 256636, 2230.52);
INSERT INTO `services` (`id`, `type`, `created`, `odometer`, `cost`) VALUES (726, 'Terrazzo', '2017-01-26 20:15:40', 49095, 4189.95);
INSERT INTO `services` (`id`, `type`, `created`, `odometer`, `cost`) VALUES (727, 'Landscaper', '2019-01-15 09:53:00', 21602, 1729.46);
INSERT INTO `services` (`id`, `type`, `created`, `odometer`, `cost`) VALUES (728, 'Plasterers', '2018-01-22 08:27:58', 162508, 2464.83);
INSERT INTO `services` (`id`, `type`, `created`, `odometer`, `cost`) VALUES (729, 'Welder', '2014-08-23 14:22:02', 23581, 1780.42);
INSERT INTO `services` (`id`, `type`, `created`, `odometer`, `cost`) VALUES (730, 'Linemen', '2016-03-26 16:59:44', 134081, 1277.53);
INSERT INTO `services` (`id`, `type`, `created`, `odometer`, `cost`) VALUES (731, 'Welder', '2013-05-07 22:00:58', 103897, 3847.39);
INSERT INTO `services` (`id`, `type`, `created`, `odometer`, `cost`) VALUES (732, 'Refridgeration', '2020-07-07 16:30:11', 159503, 3757.46);
INSERT INTO `services` (`id`, `type`, `created`, `odometer`, `cost`) VALUES (733, 'Carpenter', '2021-03-03 19:39:00', 7642, 4890.24);
INSERT INTO `services` (`id`, `type`, `created`, `odometer`, `cost`) VALUES (734, 'Concrete Finisher', '2017-10-07 17:56:05', 229954, 1192.35);
INSERT INTO `services` (`id`, `type`, `created`, `odometer`, `cost`) VALUES (735, 'HVAC', '2020-12-19 08:05:24', 229479, 2196.22);
INSERT INTO `services` (`id`, `type`, `created`, `odometer`, `cost`) VALUES (736, 'Landscaper', '2018-10-06 21:01:35', 156750, 2390.01);
INSERT INTO `services` (`id`, `type`, `created`, `odometer`, `cost`) VALUES (737, 'Carpenter', '2012-02-14 06:56:10', 238352, 3072.05);
INSERT INTO `services` (`id`, `type`, `created`, `odometer`, `cost`) VALUES (738, 'Painter', '2016-02-18 17:31:56', 28009, 3329.28);
INSERT INTO `services` (`id`, `type`, `created`, `odometer`, `cost`) VALUES (739, 'Equipment Operator', '2013-03-12 05:08:07', 79215, 1276.99);
INSERT INTO `services` (`id`, `type`, `created`, `odometer`, `cost`) VALUES (740, 'Plumber', '2013-05-11 15:50:53', 41204, 2596.52);
INSERT INTO `services` (`id`, `type`, `created`, `odometer`, `cost`) VALUES (741, 'Pipefitter', '2016-11-26 21:19:14', 294107, 2579.0);
INSERT INTO `services` (`id`, `type`, `created`, `odometer`, `cost`) VALUES (742, 'Carpenter', '2017-05-23 19:31:31', 152164, 3906.34);
INSERT INTO `services` (`id`, `type`, `created`, `odometer`, `cost`) VALUES (743, 'Carpenter', '2016-08-24 11:38:00', 18402, 4055.63);
INSERT INTO `services` (`id`, `type`, `created`, `odometer`, `cost`) VALUES (744, 'Pipefitter', '2014-11-25 15:20:56', 244844, 656.63);
INSERT INTO `services` (`id`, `type`, `created`, `odometer`, `cost`) VALUES (745, 'Refridgeration', '2012-07-24 13:19:04', 231503, 2353.16);
INSERT INTO `services` (`id`, `type`, `created`, `odometer`, `cost`) VALUES (746, 'Electrician', '2020-10-18 03:28:23', 136893, 4851.87);
INSERT INTO `services` (`id`, `type`, `created`, `odometer`, `cost`) VALUES (747, 'Brickmason', '2015-05-26 07:17:49', 280617, 1562.54);
INSERT INTO `services` (`id`, `type`, `created`, `odometer`, `cost`) VALUES (748, 'Pipelayer', '2015-06-04 11:58:22', 291794, 487.6);
INSERT INTO `services` (`id`, `type`, `created`, `odometer`, `cost`) VALUES (749, 'Painter', '2017-11-04 01:19:04', 176315, 581.46);
INSERT INTO `services` (`id`, `type`, `created`, `odometer`, `cost`) VALUES (750, 'Equipment Operator', '2021-07-31 09:30:41', 37324, 2594.72);
INSERT INTO `services` (`id`, `type`, `created`, `odometer`, `cost`) VALUES (751, 'Refridgeration', '2021-09-04 11:01:36', 67061, 1879.21);
INSERT INTO `services` (`id`, `type`, `created`, `odometer`, `cost`) VALUES (752, 'Pipelayer', '2013-08-24 14:06:28', 143956, 1476.23);
INSERT INTO `services` (`id`, `type`, `created`, `odometer`, `cost`) VALUES (753, 'Ironworker', '2018-06-01 12:26:42', 52383, 4449.09);
INSERT INTO `services` (`id`, `type`, `created`, `odometer`, `cost`) VALUES (754, 'Landscaper', '2012-12-11 10:02:28', 138799, 2292.38);
INSERT INTO `services` (`id`, `type`, `created`, `odometer`, `cost`) VALUES (755, 'Landscaper', '2013-10-15 08:43:10', 75082, 1339.68);
INSERT INTO `services` (`id`, `type`, `created`, `odometer`, `cost`) VALUES (756, 'Laborer', '2018-11-07 14:33:09', 125528, 2344.87);
INSERT INTO `services` (`id`, `type`, `created`, `odometer`, `cost`) VALUES (757, 'Terrazzo', '2020-03-26 07:27:07', 205082, 2636.65);
INSERT INTO `services` (`id`, `type`, `created`, `odometer`, `cost`) VALUES (758, 'Welder', '2021-10-09 01:34:45', 265919, 1329.43);
INSERT INTO `services` (`id`, `type`, `created`, `odometer`, `cost`) VALUES (759, 'Linemen', '2020-09-01 17:00:23', 57060, 1668.06);
INSERT INTO `services` (`id`, `type`, `created`, `odometer`, `cost`) VALUES (760, 'HVAC', '2014-11-13 12:21:52', 100744, 1315.25);
INSERT INTO `services` (`id`, `type`, `created`, `odometer`, `cost`) VALUES (761, 'Stucco Mason', '2017-06-15 00:31:10', 117145, 4217.21);
INSERT INTO `services` (`id`, `type`, `created`, `odometer`, `cost`) VALUES (762, 'Plumber', '2015-07-11 01:35:30', 85985, 1893.6);
INSERT INTO `services` (`id`, `type`, `created`, `odometer`, `cost`) VALUES (763, 'Carpenter', '2016-06-24 15:33:17', 5145, 1656.73);
INSERT INTO `services` (`id`, `type`, `created`, `odometer`, `cost`) VALUES (764, 'Safety Officer', '2020-03-10 16:36:29', 61465, 1356.89);
INSERT INTO `services` (`id`, `type`, `created`, `odometer`, `cost`) VALUES (765, 'Carpenter', '2021-03-04 11:35:58', 287107, 39.31);
INSERT INTO `services` (`id`, `type`, `created`, `odometer`, `cost`) VALUES (766, 'Brickmason', '2014-10-06 15:10:40', 133054, 1993.13);
INSERT INTO `services` (`id`, `type`, `created`, `odometer`, `cost`) VALUES (767, 'Carpenter', '2021-02-16 15:46:04', 4448, 3704.11);
INSERT INTO `services` (`id`, `type`, `created`, `odometer`, `cost`) VALUES (768, 'Sheet Metal Worker', '2015-08-15 14:30:42', 140379, 4353.33);
INSERT INTO `services` (`id`, `type`, `created`, `odometer`, `cost`) VALUES (769, 'Brickmason', '2015-08-24 13:22:52', 179883, 1615.17);
INSERT INTO `services` (`id`, `type`, `created`, `odometer`, `cost`) VALUES (770, 'Landscaper', '2015-11-23 13:39:48', 265440, 4256.38);
INSERT INTO `services` (`id`, `type`, `created`, `odometer`, `cost`) VALUES (771, 'Cement Mason', '2020-02-17 01:39:48', 52307, 605.61);
INSERT INTO `services` (`id`, `type`, `created`, `odometer`, `cost`) VALUES (772, 'Refridgeration', '2012-08-31 21:20:14', 102181, 366.1);
INSERT INTO `services` (`id`, `type`, `created`, `odometer`, `cost`) VALUES (773, 'Electrician', '2014-11-02 17:26:04', 140076, 3322.09);
INSERT INTO `services` (`id`, `type`, `created`, `odometer`, `cost`) VALUES (774, 'Refridgeration', '2017-06-30 15:32:33', 229524, 808.61);
INSERT INTO `services` (`id`, `type`, `created`, `odometer`, `cost`) VALUES (775, 'Pipefitter', '2016-09-30 20:03:17', 149165, 4229.13);
INSERT INTO `services` (`id`, `type`, `created`, `odometer`, `cost`) VALUES (776, 'Waterproofer', '2016-05-29 13:56:08', 22458, 2463.18);
INSERT INTO `services` (`id`, `type`, `created`, `odometer`, `cost`) VALUES (777, 'Laborer', '2016-09-12 02:00:13', 95732, 3239.54);
INSERT INTO `services` (`id`, `type`, `created`, `odometer`, `cost`) VALUES (778, 'Terrazzo', '2016-06-04 04:44:30', 122819, 4292.56);
INSERT INTO `services` (`id`, `type`, `created`, `odometer`, `cost`) VALUES (779, 'Carpenter', '2017-12-30 06:20:11', 7599, 4197.05);
INSERT INTO `services` (`id`, `type`, `created`, `odometer`, `cost`) VALUES (780, 'Pipefitter', '2019-10-11 06:12:59', 51945, 4543.13);
INSERT INTO `services` (`id`, `type`, `created`, `odometer`, `cost`) VALUES (781, 'Terrazzo', '2018-06-17 20:18:35', 93004, 4157.15);
INSERT INTO `services` (`id`, `type`, `created`, `odometer`, `cost`) VALUES (782, 'Glazier', '2018-01-22 01:55:04', 132757, 1443.76);
INSERT INTO `services` (`id`, `type`, `created`, `odometer`, `cost`) VALUES (783, 'Ironworker', '2020-12-11 13:25:00', 266722, 3418.01);
INSERT INTO `services` (`id`, `type`, `created`, `odometer`, `cost`) VALUES (784, 'Carpenter', '2017-11-02 10:36:51', 45640, 1922.5);
INSERT INTO `services` (`id`, `type`, `created`, `odometer`, `cost`) VALUES (785, 'HVAC', '2013-10-22 19:28:53', 111191, 4203.29);
INSERT INTO `services` (`id`, `type`, `created`, `odometer`, `cost`) VALUES (786, 'Painter', '2013-11-08 21:21:47', 104367, 675.91);
INSERT INTO `services` (`id`, `type`, `created`, `odometer`, `cost`) VALUES (787, 'Linemen', '2013-08-02 19:40:04', 116716, 4862.91);
INSERT INTO `services` (`id`, `type`, `created`, `odometer`, `cost`) VALUES (788, 'Carpenter', '2019-09-02 05:30:11', 246494, 4268.09);
INSERT INTO `services` (`id`, `type`, `created`, `odometer`, `cost`) VALUES (789, 'Painter', '2013-01-02 00:47:33', 188583, 2385.06);
INSERT INTO `services` (`id`, `type`, `created`, `odometer`, `cost`) VALUES (790, 'Refridgeration', '2021-10-23 11:43:55', 135292, 1314.13);
INSERT INTO `services` (`id`, `type`, `created`, `odometer`, `cost`) VALUES (791, 'Landscaper', '2016-08-30 10:45:29', 213150, 3396.25);
INSERT INTO `services` (`id`, `type`, `created`, `odometer`, `cost`) VALUES (792, 'Stucco Mason', '2014-12-23 21:19:19', 106676, 3233.27);
INSERT INTO `services` (`id`, `type`, `created`, `odometer`, `cost`) VALUES (793, 'Welder', '2013-07-22 00:46:12', 212040, 1624.44);
INSERT INTO `services` (`id`, `type`, `created`, `odometer`, `cost`) VALUES (794, 'Refridgeration', '2017-03-12 13:00:07', 161197, 2133.85);
INSERT INTO `services` (`id`, `type`, `created`, `odometer`, `cost`) VALUES (795, 'Pipefitter', '2020-11-07 08:53:51', 229236, 4916.47);
INSERT INTO `services` (`id`, `type`, `created`, `odometer`, `cost`) VALUES (796, 'Carpenter', '2014-08-18 05:24:58', 34394, 185.96);
INSERT INTO `services` (`id`, `type`, `created`, `odometer`, `cost`) VALUES (797, 'Safety Officer', '2014-06-25 16:05:55', 178219, 167.32);
INSERT INTO `services` (`id`, `type`, `created`, `odometer`, `cost`) VALUES (798, 'Plumber', '2020-02-27 07:12:23', 31072, 4522.03);
INSERT INTO `services` (`id`, `type`, `created`, `odometer`, `cost`) VALUES (799, 'Laborer', '2014-12-07 03:04:38', 256951, 1391.89);
INSERT INTO `services` (`id`, `type`, `created`, `odometer`, `cost`) VALUES (800, 'Linemen', '2020-08-19 11:11:19', 83312, 2790.22);
INSERT INTO `services` (`id`, `type`, `created`, `odometer`, `cost`) VALUES (801, 'Pipelayer', '2020-07-22 17:33:32', 150452, 3126.29);
INSERT INTO `services` (`id`, `type`, `created`, `odometer`, `cost`) VALUES (802, 'Safety Officer', '2019-03-14 14:24:41', 234507, 14.58);
INSERT INTO `services` (`id`, `type`, `created`, `odometer`, `cost`) VALUES (803, 'HVAC', '2014-11-14 07:02:06', 201688, 3563.04);
INSERT INTO `services` (`id`, `type`, `created`, `odometer`, `cost`) VALUES (804, 'Cement Mason', '2020-12-17 15:45:44', 295332, 2455.54);
INSERT INTO `services` (`id`, `type`, `created`, `odometer`, `cost`) VALUES (805, 'Safety Officer', '2021-12-19 22:14:20', 12281, 3538.39);
INSERT INTO `services` (`id`, `type`, `created`, `odometer`, `cost`) VALUES (806, 'Pipefitter', '2019-03-26 14:04:40', 257113, 3919.2);
INSERT INTO `services` (`id`, `type`, `created`, `odometer`, `cost`) VALUES (807, 'Pipefitter', '2018-10-26 22:55:28', 35381, 4323.65);
INSERT INTO `services` (`id`, `type`, `created`, `odometer`, `cost`) VALUES (808, 'Pipelayer', '2014-03-16 04:33:45', 56989, 579.27);
INSERT INTO `services` (`id`, `type`, `created`, `odometer`, `cost`) VALUES (809, 'Stucco Mason', '2013-06-12 07:35:42', 273969, 4527.32);
INSERT INTO `services` (`id`, `type`, `created`, `odometer`, `cost`) VALUES (810, 'Terrazzo', '2015-06-24 14:48:40', 39659, 3669.95);
INSERT INTO `services` (`id`, `type`, `created`, `odometer`, `cost`) VALUES (811, 'Brickmason', '2015-02-24 19:22:45', 116092, 130.46);
INSERT INTO `services` (`id`, `type`, `created`, `odometer`, `cost`) VALUES (812, 'Plasterers', '2017-12-01 09:27:07', 126160, 3573.97);
INSERT INTO `services` (`id`, `type`, `created`, `odometer`, `cost`) VALUES (813, 'Equipment Operator', '2021-12-31 18:27:59', 138018, 310.87);
INSERT INTO `services` (`id`, `type`, `created`, `odometer`, `cost`) VALUES (814, 'Ironworker', '2020-10-30 02:03:42', 30667, 3849.14);
INSERT INTO `services` (`id`, `type`, `created`, `odometer`, `cost`) VALUES (815, 'Millwright', '2018-07-18 09:27:34', 61120, 2579.14);
INSERT INTO `services` (`id`, `type`, `created`, `odometer`, `cost`) VALUES (816, 'Plumber', '2016-08-26 01:03:09', 139596, 4257.59);
INSERT INTO `services` (`id`, `type`, `created`, `odometer`, `cost`) VALUES (817, 'Ironworker', '2018-03-18 00:53:42', 177555, 3090.46);
INSERT INTO `services` (`id`, `type`, `created`, `odometer`, `cost`) VALUES (818, 'Sheet Metal Worker', '2015-05-28 17:27:55', 195753, 4930.33);
INSERT INTO `services` (`id`, `type`, `created`, `odometer`, `cost`) VALUES (819, 'Plumber', '2019-02-20 08:03:49', 10956, 1084.64);
INSERT INTO `services` (`id`, `type`, `created`, `odometer`, `cost`) VALUES (820, 'Landscaper', '2016-08-18 14:11:22', 289932, 1094.87);
INSERT INTO `services` (`id`, `type`, `created`, `odometer`, `cost`) VALUES (821, 'Linemen', '2017-07-03 20:25:47', 280801, 2570.11);
INSERT INTO `services` (`id`, `type`, `created`, `odometer`, `cost`) VALUES (822, 'Welder', '2015-03-05 17:16:58', 62665, 4581.42);
INSERT INTO `services` (`id`, `type`, `created`, `odometer`, `cost`) VALUES (823, 'Laborer', '2012-03-06 17:53:45', 281311, 1891.8);
INSERT INTO `services` (`id`, `type`, `created`, `odometer`, `cost`) VALUES (824, 'Sheet Metal Worker', '2019-06-11 18:52:15', 11711, 3564.54);
INSERT INTO `services` (`id`, `type`, `created`, `odometer`, `cost`) VALUES (825, 'HVAC', '2012-03-29 23:36:04', 30509, 2702.94);
INSERT INTO `services` (`id`, `type`, `created`, `odometer`, `cost`) VALUES (826, 'Waterproofer', '2020-02-20 12:35:32', 247333, 514.1);
INSERT INTO `services` (`id`, `type`, `created`, `odometer`, `cost`) VALUES (827, 'HVAC', '2017-07-09 19:08:06', 151883, 4856.55);
INSERT INTO `services` (`id`, `type`, `created`, `odometer`, `cost`) VALUES (828, 'Safety Officer', '2020-10-10 19:07:18', 32330, 2212.23);
INSERT INTO `services` (`id`, `type`, `created`, `odometer`, `cost`) VALUES (829, 'Painter', '2014-02-19 17:42:00', 32167, 1597.77);
INSERT INTO `services` (`id`, `type`, `created`, `odometer`, `cost`) VALUES (830, 'Plumber', '2016-07-23 06:23:07', 99453, 3410.95);
INSERT INTO `services` (`id`, `type`, `created`, `odometer`, `cost`) VALUES (831, 'Electrician', '2012-11-02 18:21:20', 154694, 1949.94);
INSERT INTO `services` (`id`, `type`, `created`, `odometer`, `cost`) VALUES (832, 'Ironworker', '2018-02-10 08:25:39', 100209, 309.81);
INSERT INTO `services` (`id`, `type`, `created`, `odometer`, `cost`) VALUES (833, 'Plumber', '2018-04-29 01:34:40', 47752, 2326.13);
INSERT INTO `services` (`id`, `type`, `created`, `odometer`, `cost`) VALUES (834, 'Laborer', '2017-08-11 20:56:16', 122851, 1528.91);
INSERT INTO `services` (`id`, `type`, `created`, `odometer`, `cost`) VALUES (835, 'Welder', '2013-09-07 17:57:42', 171001, 2214.94);
INSERT INTO `services` (`id`, `type`, `created`, `odometer`, `cost`) VALUES (836, 'Sheet Metal Worker', '2017-10-21 02:23:15', 195173, 378.74);
INSERT INTO `services` (`id`, `type`, `created`, `odometer`, `cost`) VALUES (837, 'Pipefitter', '2017-06-12 19:42:33', 79749, 4826.47);
INSERT INTO `services` (`id`, `type`, `created`, `odometer`, `cost`) VALUES (838, 'Terrazzo', '2021-11-08 14:02:44', 129534, 3331.35);
INSERT INTO `services` (`id`, `type`, `created`, `odometer`, `cost`) VALUES (839, 'Pipelayer', '2013-12-07 17:07:51', 167654, 3757.96);
INSERT INTO `services` (`id`, `type`, `created`, `odometer`, `cost`) VALUES (840, 'Landscaper', '2014-08-13 21:55:11', 248680, 2674.85);
INSERT INTO `services` (`id`, `type`, `created`, `odometer`, `cost`) VALUES (841, 'Equipment Operator', '2012-12-03 08:49:31', 176046, 1481.58);
INSERT INTO `services` (`id`, `type`, `created`, `odometer`, `cost`) VALUES (842, 'Painter', '2014-03-15 18:47:00', 85174, 1205.72);
INSERT INTO `services` (`id`, `type`, `created`, `odometer`, `cost`) VALUES (843, 'Terrazzo', '2012-02-10 16:02:21', 248311, 1117.79);
INSERT INTO `services` (`id`, `type`, `created`, `odometer`, `cost`) VALUES (844, 'Refridgeration', '2022-01-03 00:54:14', 254034, 2257.38);
INSERT INTO `services` (`id`, `type`, `created`, `odometer`, `cost`) VALUES (845, 'Safety Officer', '2018-07-02 11:13:08', 182910, 3033.4);
INSERT INTO `services` (`id`, `type`, `created`, `odometer`, `cost`) VALUES (846, 'Carpenter', '2019-06-25 02:33:08', 23696, 4020.35);
INSERT INTO `services` (`id`, `type`, `created`, `odometer`, `cost`) VALUES (847, 'Pipelayer', '2021-02-10 03:07:43', 82664, 3411.79);
INSERT INTO `services` (`id`, `type`, `created`, `odometer`, `cost`) VALUES (848, 'Boilermaker', '2014-08-19 10:48:04', 109726, 3437.11);
INSERT INTO `services` (`id`, `type`, `created`, `odometer`, `cost`) VALUES (849, 'Electrician', '2016-05-28 23:02:03', 102655, 3771.77);
INSERT INTO `services` (`id`, `type`, `created`, `odometer`, `cost`) VALUES (850, 'Plasterers', '2020-01-11 09:16:15', 41977, 1465.25);
INSERT INTO `services` (`id`, `type`, `created`, `odometer`, `cost`) VALUES (851, 'Linemen', '2013-06-24 11:51:37', 286076, 3773.46);
INSERT INTO `services` (`id`, `type`, `created`, `odometer`, `cost`) VALUES (852, 'Ironworker', '2021-06-20 12:48:09', 154113, 4011.95);
INSERT INTO `services` (`id`, `type`, `created`, `odometer`, `cost`) VALUES (853, 'Plasterers', '2020-04-09 09:40:12', 147176, 2476.29);
INSERT INTO `services` (`id`, `type`, `created`, `odometer`, `cost`) VALUES (854, 'Millwright', '2017-01-17 01:29:49', 224968, 1440.5);
INSERT INTO `services` (`id`, `type`, `created`, `odometer`, `cost`) VALUES (855, 'Laborer', '2016-08-16 01:07:57', 286137, 1023.22);
INSERT INTO `services` (`id`, `type`, `created`, `odometer`, `cost`) VALUES (856, 'Glazier', '2018-10-19 00:57:42', 89675, 4446.89);
INSERT INTO `services` (`id`, `type`, `created`, `odometer`, `cost`) VALUES (857, 'Plasterers', '2017-01-09 03:09:28', 288700, 263.0);
INSERT INTO `services` (`id`, `type`, `created`, `odometer`, `cost`) VALUES (858, 'Concrete Finisher', '2015-01-21 08:08:04', 41799, 3913.24);
INSERT INTO `services` (`id`, `type`, `created`, `odometer`, `cost`) VALUES (859, 'Painter', '2021-07-09 15:13:09', 260622, 1271.81);
INSERT INTO `services` (`id`, `type`, `created`, `odometer`, `cost`) VALUES (860, 'Landscaper', '2013-03-11 14:11:31', 180158, 4199.71);
INSERT INTO `services` (`id`, `type`, `created`, `odometer`, `cost`) VALUES (861, 'Equipment Operator', '2015-12-12 05:01:59', 21956, 2502.9);
INSERT INTO `services` (`id`, `type`, `created`, `odometer`, `cost`) VALUES (862, 'Electrician', '2019-01-09 20:24:00', 142249, 171.84);
INSERT INTO `services` (`id`, `type`, `created`, `odometer`, `cost`) VALUES (863, 'Pipelayer', '2014-09-14 08:02:12', 197518, 1381.4);
INSERT INTO `services` (`id`, `type`, `created`, `odometer`, `cost`) VALUES (864, 'Brickmason', '2012-03-20 15:06:48', 257930, 279.19);
INSERT INTO `services` (`id`, `type`, `created`, `odometer`, `cost`) VALUES (865, 'Sheet Metal Worker', '2018-05-08 03:25:51', 61896, 2352.65);
INSERT INTO `services` (`id`, `type`, `created`, `odometer`, `cost`) VALUES (866, 'Waterproofer', '2015-04-14 13:36:33', 288465, 3771.04);
INSERT INTO `services` (`id`, `type`, `created`, `odometer`, `cost`) VALUES (867, 'Welder', '2018-03-03 07:59:38', 173260, 1760.46);
INSERT INTO `services` (`id`, `type`, `created`, `odometer`, `cost`) VALUES (868, 'Equipment Operator', '2019-12-15 02:49:23', 268490, 595.58);
INSERT INTO `services` (`id`, `type`, `created`, `odometer`, `cost`) VALUES (869, 'Sheet Metal Worker', '2013-02-10 22:50:39', 88379, 3083.37);
INSERT INTO `services` (`id`, `type`, `created`, `odometer`, `cost`) VALUES (870, 'Linemen', '2015-10-16 12:30:02', 21161, 3241.72);
INSERT INTO `services` (`id`, `type`, `created`, `odometer`, `cost`) VALUES (871, 'Laborer', '2012-08-10 19:49:41', 153911, 3039.22);
INSERT INTO `services` (`id`, `type`, `created`, `odometer`, `cost`) VALUES (872, 'Boilermaker', '2013-02-22 16:39:09', 299418, 624.19);
INSERT INTO `services` (`id`, `type`, `created`, `odometer`, `cost`) VALUES (873, 'Glazier', '2013-07-17 06:37:34', 263224, 774.98);
INSERT INTO `services` (`id`, `type`, `created`, `odometer`, `cost`) VALUES (874, 'Electrician', '2021-11-21 19:01:47', 46417, 1152.51);
INSERT INTO `services` (`id`, `type`, `created`, `odometer`, `cost`) VALUES (875, 'Plasterers', '2012-05-13 10:19:57', 47451, 1846.27);
INSERT INTO `services` (`id`, `type`, `created`, `odometer`, `cost`) VALUES (876, 'Landscaper', '2021-08-31 00:44:03', 46367, 1813.7);
INSERT INTO `services` (`id`, `type`, `created`, `odometer`, `cost`) VALUES (877, 'Pipefitter', '2021-02-28 18:55:19', 216745, 1606.05);
INSERT INTO `services` (`id`, `type`, `created`, `odometer`, `cost`) VALUES (878, 'Pipelayer', '2016-02-06 21:05:48', 96246, 967.85);
INSERT INTO `services` (`id`, `type`, `created`, `odometer`, `cost`) VALUES (879, 'Millwright', '2018-11-06 03:32:48', 225957, 2887.44);
INSERT INTO `services` (`id`, `type`, `created`, `odometer`, `cost`) VALUES (880, 'Cement Mason', '2020-01-09 08:46:30', 183681, 1855.17);
INSERT INTO `services` (`id`, `type`, `created`, `odometer`, `cost`) VALUES (881, 'Carpenter', '2014-05-02 23:18:19', 132288, 4409.59);
INSERT INTO `services` (`id`, `type`, `created`, `odometer`, `cost`) VALUES (882, 'Brickmason', '2014-12-13 02:03:52', 79822, 4002.56);
INSERT INTO `services` (`id`, `type`, `created`, `odometer`, `cost`) VALUES (883, 'Waterproofer', '2012-12-15 15:36:45', 195248, 3059.04);
INSERT INTO `services` (`id`, `type`, `created`, `odometer`, `cost`) VALUES (884, 'Brickmason', '2017-06-02 19:28:12', 289777, 4215.04);
INSERT INTO `services` (`id`, `type`, `created`, `odometer`, `cost`) VALUES (885, 'Laborer', '2018-10-31 04:39:49', 189609, 4856.14);
INSERT INTO `services` (`id`, `type`, `created`, `odometer`, `cost`) VALUES (886, 'Linemen', '2014-01-12 18:11:30', 194707, 2207.09);
INSERT INTO `services` (`id`, `type`, `created`, `odometer`, `cost`) VALUES (887, 'Plumber', '2014-08-19 09:44:11', 242043, 1990.82);
INSERT INTO `services` (`id`, `type`, `created`, `odometer`, `cost`) VALUES (888, 'Linemen', '2021-10-12 12:21:44', 227096, 1998.13);
INSERT INTO `services` (`id`, `type`, `created`, `odometer`, `cost`) VALUES (889, 'Glazier', '2013-10-31 07:45:29', 235030, 2681.91);
INSERT INTO `services` (`id`, `type`, `created`, `odometer`, `cost`) VALUES (890, 'Ironworker', '2019-12-07 14:22:39', 161108, 4090.54);
INSERT INTO `services` (`id`, `type`, `created`, `odometer`, `cost`) VALUES (891, 'Pipelayer', '2012-07-16 23:19:28', 99869, 2086.92);
INSERT INTO `services` (`id`, `type`, `created`, `odometer`, `cost`) VALUES (892, 'Equipment Operator', '2013-10-19 12:25:10', 293664, 87.17);
INSERT INTO `services` (`id`, `type`, `created`, `odometer`, `cost`) VALUES (893, 'Millwright', '2021-06-13 08:05:59', 102058, 3643.43);
INSERT INTO `services` (`id`, `type`, `created`, `odometer`, `cost`) VALUES (894, 'Waterproofer', '2017-04-04 17:05:41', 296025, 2777.5);
INSERT INTO `services` (`id`, `type`, `created`, `odometer`, `cost`) VALUES (895, 'Linemen', '2018-06-26 03:12:20', 50923, 1202.67);
INSERT INTO `services` (`id`, `type`, `created`, `odometer`, `cost`) VALUES (896, 'Painter', '2013-03-07 22:20:15', 41553, 2139.61);
INSERT INTO `services` (`id`, `type`, `created`, `odometer`, `cost`) VALUES (897, 'Waterproofer', '2014-01-20 19:32:47', 18800, 3789.76);
INSERT INTO `services` (`id`, `type`, `created`, `odometer`, `cost`) VALUES (898, 'Equipment Operator', '2021-08-31 21:50:53', 198590, 1988.28);
INSERT INTO `services` (`id`, `type`, `created`, `odometer`, `cost`) VALUES (899, 'Welder', '2016-03-12 18:20:36', 232668, 4598.2);
INSERT INTO `services` (`id`, `type`, `created`, `odometer`, `cost`) VALUES (900, 'Ironworker', '2013-07-27 23:16:33', 204066, 479.17);
INSERT INTO `services` (`id`, `type`, `created`, `odometer`, `cost`) VALUES (901, 'Terrazzo', '2020-05-19 13:34:11', 105063, 2847.65);
INSERT INTO `services` (`id`, `type`, `created`, `odometer`, `cost`) VALUES (902, 'Sheet Metal Worker', '2020-04-10 02:33:48', 38561, 4381.08);
INSERT INTO `services` (`id`, `type`, `created`, `odometer`, `cost`) VALUES (903, 'Equipment Operator', '2013-11-24 02:40:44', 47967, 3432.15);
INSERT INTO `services` (`id`, `type`, `created`, `odometer`, `cost`) VALUES (904, 'Laborer', '2018-04-06 02:50:07', 145256, 416.23);
INSERT INTO `services` (`id`, `type`, `created`, `odometer`, `cost`) VALUES (905, 'Plasterers', '2018-11-29 09:51:09', 156979, 1045.36);
INSERT INTO `services` (`id`, `type`, `created`, `odometer`, `cost`) VALUES (906, 'Waterproofer', '2014-07-28 11:41:30', 258923, 4574.09);
INSERT INTO `services` (`id`, `type`, `created`, `odometer`, `cost`) VALUES (907, 'Electrician', '2014-06-06 05:13:32', 157964, 278.96);
INSERT INTO `services` (`id`, `type`, `created`, `odometer`, `cost`) VALUES (908, 'Linemen', '2020-06-09 04:06:38', 243767, 3998.82);
INSERT INTO `services` (`id`, `type`, `created`, `odometer`, `cost`) VALUES (909, 'Carpenter', '2014-02-12 04:48:07', 140778, 2739.07);
INSERT INTO `services` (`id`, `type`, `created`, `odometer`, `cost`) VALUES (910, 'Glazier', '2020-08-03 13:57:00', 186941, 4337.73);
INSERT INTO `services` (`id`, `type`, `created`, `odometer`, `cost`) VALUES (911, 'Carpenter', '2018-10-15 02:14:11', 297424, 828.65);
INSERT INTO `services` (`id`, `type`, `created`, `odometer`, `cost`) VALUES (912, 'Cement Mason', '2014-07-03 13:10:31', 116591, 4662.2);
INSERT INTO `services` (`id`, `type`, `created`, `odometer`, `cost`) VALUES (913, 'Brickmason', '2018-06-07 11:14:55', 87133, 3731.72);
INSERT INTO `services` (`id`, `type`, `created`, `odometer`, `cost`) VALUES (914, 'Refridgeration', '2020-03-20 05:49:36', 147599, 1525.15);
INSERT INTO `services` (`id`, `type`, `created`, `odometer`, `cost`) VALUES (915, 'Plumber', '2019-03-13 22:58:02', 45874, 4786.77);
INSERT INTO `services` (`id`, `type`, `created`, `odometer`, `cost`) VALUES (916, 'Ironworker', '2020-10-29 10:39:44', 191397, 1680.18);
INSERT INTO `services` (`id`, `type`, `created`, `odometer`, `cost`) VALUES (917, 'Pipefitter', '2018-09-27 12:26:56', 127124, 3474.37);
INSERT INTO `services` (`id`, `type`, `created`, `odometer`, `cost`) VALUES (918, 'Concrete Finisher', '2014-02-14 00:38:43', 243358, 801.47);
INSERT INTO `services` (`id`, `type`, `created`, `odometer`, `cost`) VALUES (919, 'Tile Setter', '2017-02-13 11:37:04', 212230, 1197.47);
INSERT INTO `services` (`id`, `type`, `created`, `odometer`, `cost`) VALUES (920, 'Welder', '2018-07-18 22:20:50', 86893, 2020.56);
INSERT INTO `services` (`id`, `type`, `created`, `odometer`, `cost`) VALUES (921, 'Glazier', '2017-05-21 14:01:49', 8930, 1816.32);
INSERT INTO `services` (`id`, `type`, `created`, `odometer`, `cost`) VALUES (922, 'Laborer', '2012-06-26 12:00:41', 93789, 2236.05);
INSERT INTO `services` (`id`, `type`, `created`, `odometer`, `cost`) VALUES (923, 'Painter', '2016-11-22 09:22:20', 285401, 4068.04);
INSERT INTO `services` (`id`, `type`, `created`, `odometer`, `cost`) VALUES (924, 'Plasterers', '2017-03-06 09:25:08', 276567, 3853.78);
INSERT INTO `services` (`id`, `type`, `created`, `odometer`, `cost`) VALUES (925, 'Plasterers', '2021-08-07 15:40:06', 114207, 3630.62);
INSERT INTO `services` (`id`, `type`, `created`, `odometer`, `cost`) VALUES (926, 'Waterproofer', '2014-05-10 04:49:38', 175864, 2664.18);
INSERT INTO `services` (`id`, `type`, `created`, `odometer`, `cost`) VALUES (927, 'Painter', '2021-10-10 19:47:22', 162473, 265.05);
INSERT INTO `services` (`id`, `type`, `created`, `odometer`, `cost`) VALUES (928, 'HVAC', '2017-01-04 00:22:02', 100755, 941.52);
INSERT INTO `services` (`id`, `type`, `created`, `odometer`, `cost`) VALUES (929, 'Millwright', '2012-12-29 14:30:37', 256738, 3414.57);
INSERT INTO `services` (`id`, `type`, `created`, `odometer`, `cost`) VALUES (930, 'Landscaper', '2019-09-14 06:05:04', 12737, 871.1);
INSERT INTO `services` (`id`, `type`, `created`, `odometer`, `cost`) VALUES (931, 'Boilermaker', '2016-10-19 22:02:36', 182536, 3801.11);
INSERT INTO `services` (`id`, `type`, `created`, `odometer`, `cost`) VALUES (932, 'Brickmason', '2015-07-11 20:08:39', 52324, 4384.51);
INSERT INTO `services` (`id`, `type`, `created`, `odometer`, `cost`) VALUES (933, 'Equipment Operator', '2021-12-25 01:19:43', 134552, 154.08);
INSERT INTO `services` (`id`, `type`, `created`, `odometer`, `cost`) VALUES (934, 'Landscaper', '2016-08-18 18:03:54', 132962, 3947.13);
INSERT INTO `services` (`id`, `type`, `created`, `odometer`, `cost`) VALUES (935, 'Landscaper', '2020-04-07 10:47:52', 208943, 175.53);
INSERT INTO `services` (`id`, `type`, `created`, `odometer`, `cost`) VALUES (936, 'Stucco Mason', '2020-04-18 11:27:47', 275458, 3821.38);
INSERT INTO `services` (`id`, `type`, `created`, `odometer`, `cost`) VALUES (937, 'Stucco Mason', '2012-01-24 13:51:55', 224123, 4758.31);
INSERT INTO `services` (`id`, `type`, `created`, `odometer`, `cost`) VALUES (938, 'Plasterers', '2019-05-25 20:41:31', 36897, 3137.05);
INSERT INTO `services` (`id`, `type`, `created`, `odometer`, `cost`) VALUES (939, 'Cement Mason', '2017-09-25 04:13:12', 193629, 4973.46);
INSERT INTO `services` (`id`, `type`, `created`, `odometer`, `cost`) VALUES (940, 'Laborer', '2017-04-12 06:07:07', 82806, 3302.4);
INSERT INTO `services` (`id`, `type`, `created`, `odometer`, `cost`) VALUES (941, 'Landscaper', '2021-08-09 00:47:42', 24036, 287.54);
INSERT INTO `services` (`id`, `type`, `created`, `odometer`, `cost`) VALUES (942, 'Electrician', '2012-07-24 03:25:50', 223854, 2223.67);
INSERT INTO `services` (`id`, `type`, `created`, `odometer`, `cost`) VALUES (943, 'Welder', '2019-07-22 23:54:03', 18425, 3663.12);
INSERT INTO `services` (`id`, `type`, `created`, `odometer`, `cost`) VALUES (944, 'HVAC', '2019-09-11 02:34:44', 134975, 2442.7);
INSERT INTO `services` (`id`, `type`, `created`, `odometer`, `cost`) VALUES (945, 'Plumber', '2015-12-24 09:47:47', 246303, 4685.92);
INSERT INTO `services` (`id`, `type`, `created`, `odometer`, `cost`) VALUES (946, 'Millwright', '2021-02-10 15:30:05', 5022, 4538.0);
INSERT INTO `services` (`id`, `type`, `created`, `odometer`, `cost`) VALUES (947, 'Electrician', '2015-12-10 22:12:13', 65014, 3319.37);
INSERT INTO `services` (`id`, `type`, `created`, `odometer`, `cost`) VALUES (948, 'Refridgeration', '2017-09-06 01:22:21', 89906, 4362.87);
INSERT INTO `services` (`id`, `type`, `created`, `odometer`, `cost`) VALUES (949, 'Refridgeration', '2012-10-26 04:13:49', 100249, 1537.91);
INSERT INTO `services` (`id`, `type`, `created`, `odometer`, `cost`) VALUES (950, 'Linemen', '2016-12-27 05:03:21', 131706, 3382.27);
INSERT INTO `services` (`id`, `type`, `created`, `odometer`, `cost`) VALUES (951, 'Electrician', '2017-01-31 07:37:13', 10672, 3491.59);
INSERT INTO `services` (`id`, `type`, `created`, `odometer`, `cost`) VALUES (952, 'Millwright', '2012-02-11 15:54:36', 134200, 462.45);
INSERT INTO `services` (`id`, `type`, `created`, `odometer`, `cost`) VALUES (953, 'Painter', '2018-02-24 13:03:42', 294748, 1915.0);
INSERT INTO `services` (`id`, `type`, `created`, `odometer`, `cost`) VALUES (954, 'Welder', '2019-12-31 15:44:33', 11072, 335.38);
INSERT INTO `services` (`id`, `type`, `created`, `odometer`, `cost`) VALUES (955, 'Laborer', '2012-01-08 09:29:50', 201144, 3747.7);
INSERT INTO `services` (`id`, `type`, `created`, `odometer`, `cost`) VALUES (956, 'Brickmason', '2019-07-20 08:04:28', 170758, 4725.74);
INSERT INTO `services` (`id`, `type`, `created`, `odometer`, `cost`) VALUES (957, 'Brickmason', '2020-04-23 17:41:46', 43620, 2198.83);
INSERT INTO `services` (`id`, `type`, `created`, `odometer`, `cost`) VALUES (958, 'Boilermaker', '2020-09-23 03:56:48', 147652, 1466.68);
INSERT INTO `services` (`id`, `type`, `created`, `odometer`, `cost`) VALUES (959, 'Concrete Finisher', '2012-07-21 07:58:06', 196347, 4662.05);
INSERT INTO `services` (`id`, `type`, `created`, `odometer`, `cost`) VALUES (960, 'Concrete Finisher', '2013-12-12 15:28:46', 117937, 1482.43);
INSERT INTO `services` (`id`, `type`, `created`, `odometer`, `cost`) VALUES (961, 'Terrazzo', '2013-07-25 14:00:31', 120210, 3174.14);
INSERT INTO `services` (`id`, `type`, `created`, `odometer`, `cost`) VALUES (962, 'Tile Setter', '2020-01-05 20:16:55', 253902, 709.16);
INSERT INTO `services` (`id`, `type`, `created`, `odometer`, `cost`) VALUES (963, 'Cement Mason', '2015-03-27 20:00:33', 148663, 3862.39);
INSERT INTO `services` (`id`, `type`, `created`, `odometer`, `cost`) VALUES (964, 'Pipefitter', '2019-02-25 10:50:55', 207919, 2208.68);
INSERT INTO `services` (`id`, `type`, `created`, `odometer`, `cost`) VALUES (965, 'Brickmason', '2014-07-27 13:20:17', 12814, 294.52);
INSERT INTO `services` (`id`, `type`, `created`, `odometer`, `cost`) VALUES (966, 'Pipefitter', '2017-04-08 14:51:15', 890, 217.01);
INSERT INTO `services` (`id`, `type`, `created`, `odometer`, `cost`) VALUES (967, 'Concrete Finisher', '2019-02-25 00:09:58', 82369, 1370.87);
INSERT INTO `services` (`id`, `type`, `created`, `odometer`, `cost`) VALUES (968, 'Refridgeration', '2012-11-23 17:26:25', 178827, 737.07);
INSERT INTO `services` (`id`, `type`, `created`, `odometer`, `cost`) VALUES (969, 'Refridgeration', '2021-04-15 19:28:25', 47999, 2427.0);
INSERT INTO `services` (`id`, `type`, `created`, `odometer`, `cost`) VALUES (970, 'Pipelayer', '2019-06-03 07:33:14', 78812, 774.11);
INSERT INTO `services` (`id`, `type`, `created`, `odometer`, `cost`) VALUES (971, 'Safety Officer', '2012-04-17 20:55:24', 157250, 492.93);
INSERT INTO `services` (`id`, `type`, `created`, `odometer`, `cost`) VALUES (972, 'Carpenter', '2015-04-06 07:07:45', 185596, 2585.58);
INSERT INTO `services` (`id`, `type`, `created`, `odometer`, `cost`) VALUES (973, 'Electrician', '2017-09-25 10:16:31', 106854, 4260.8);
INSERT INTO `services` (`id`, `type`, `created`, `odometer`, `cost`) VALUES (974, 'Boilermaker', '2012-10-22 14:26:11', 78757, 4361.76);
INSERT INTO `services` (`id`, `type`, `created`, `odometer`, `cost`) VALUES (975, 'Pipelayer', '2016-01-15 22:58:51', 168696, 3158.95);
INSERT INTO `services` (`id`, `type`, `created`, `odometer`, `cost`) VALUES (976, 'Waterproofer', '2014-11-17 05:30:50', 222224, 1027.4);
INSERT INTO `services` (`id`, `type`, `created`, `odometer`, `cost`) VALUES (977, 'Safety Officer', '2012-02-15 15:21:50', 240549, 635.37);
INSERT INTO `services` (`id`, `type`, `created`, `odometer`, `cost`) VALUES (978, 'Linemen', '2013-01-10 21:05:08', 108627, 4451.35);
INSERT INTO `services` (`id`, `type`, `created`, `odometer`, `cost`) VALUES (979, 'Cement Mason', '2015-11-27 21:54:30', 16168, 157.14);
INSERT INTO `services` (`id`, `type`, `created`, `odometer`, `cost`) VALUES (980, 'Ironworker', '2014-07-17 10:02:37', 261229, 4823.21);
INSERT INTO `services` (`id`, `type`, `created`, `odometer`, `cost`) VALUES (981, 'Pipelayer', '2020-05-01 03:34:21', 46996, 1872.65);
INSERT INTO `services` (`id`, `type`, `created`, `odometer`, `cost`) VALUES (982, 'Welder', '2014-01-07 16:56:49', 138990, 2823.27);
INSERT INTO `services` (`id`, `type`, `created`, `odometer`, `cost`) VALUES (983, 'Carpenter', '2015-01-15 02:17:49', 93592, 1714.08);
INSERT INTO `services` (`id`, `type`, `created`, `odometer`, `cost`) VALUES (984, 'Cement Mason', '2014-11-22 17:11:32', 121105, 4574.67);
INSERT INTO `services` (`id`, `type`, `created`, `odometer`, `cost`) VALUES (985, 'Carpenter', '2017-01-25 20:47:16', 227842, 2447.55);
INSERT INTO `services` (`id`, `type`, `created`, `odometer`, `cost`) VALUES (986, 'Electrician', '2019-02-05 02:41:01', 148989, 4392.04);
INSERT INTO `services` (`id`, `type`, `created`, `odometer`, `cost`) VALUES (987, 'Glazier', '2021-05-30 21:56:02', 133597, 904.02);
INSERT INTO `services` (`id`, `type`, `created`, `odometer`, `cost`) VALUES (988, 'Cement Mason', '2014-05-03 14:37:57', 191955, 1482.65);
INSERT INTO `services` (`id`, `type`, `created`, `odometer`, `cost`) VALUES (989, 'Pipelayer', '2018-01-28 00:05:46', 94409, 4387.0);
INSERT INTO `services` (`id`, `type`, `created`, `odometer`, `cost`) VALUES (990, 'Boilermaker', '2014-04-02 10:05:49', 127688, 4274.93);
INSERT INTO `services` (`id`, `type`, `created`, `odometer`, `cost`) VALUES (991, 'Stucco Mason', '2012-06-30 18:26:09', 276196, 3569.3);
INSERT INTO `services` (`id`, `type`, `created`, `odometer`, `cost`) VALUES (992, 'Painter', '2020-01-27 19:05:10', 172993, 662.37);
INSERT INTO `services` (`id`, `type`, `created`, `odometer`, `cost`) VALUES (993, 'Concrete Finisher', '2019-01-29 06:25:36', 130078, 2449.38);
INSERT INTO `services` (`id`, `type`, `created`, `odometer`, `cost`) VALUES (994, 'Welder', '2013-08-07 23:46:31', 24530, 1094.45);
INSERT INTO `services` (`id`, `type`, `created`, `odometer`, `cost`) VALUES (995, 'Pipelayer', '2017-08-20 21:02:24', 183969, 4618.89);
INSERT INTO `services` (`id`, `type`, `created`, `odometer`, `cost`) VALUES (996, 'Refridgeration', '2015-05-23 23:07:16', 138875, 4025.36);
INSERT INTO `services` (`id`, `type`, `created`, `odometer`, `cost`) VALUES (997, 'Electrician', '2014-01-18 15:27:13', 197922, 4483.65);
INSERT INTO `services` (`id`, `type`, `created`, `odometer`, `cost`) VALUES (998, 'Boilermaker', '2013-02-08 15:24:25', 4628, 2904.18);
INSERT INTO `services` (`id`, `type`, `created`, `odometer`, `cost`) VALUES (999, 'Concrete Finisher', '2017-01-16 22:27:38', 266111, 1.96);
INSERT INTO `services` (`id`, `type`, `created`, `odometer`, `cost`) VALUES (1000, 'Painter', '2014-02-24 06:12:11', 99691, 1241.22);

COMMIT;


-- -----------------------------------------------------
-- Data for table `vehicle_service`
-- -----------------------------------------------------
START TRANSACTION;
USE `automaticDB`;
INSERT INTO `vehicle_service` (`vehicle_id`, `service_id`) VALUES (40, 1);
INSERT INTO `vehicle_service` (`vehicle_id`, `service_id`) VALUES (21, 2);
INSERT INTO `vehicle_service` (`vehicle_id`, `service_id`) VALUES (3, 3);
INSERT INTO `vehicle_service` (`vehicle_id`, `service_id`) VALUES (95, 4);
INSERT INTO `vehicle_service` (`vehicle_id`, `service_id`) VALUES (92, 5);
INSERT INTO `vehicle_service` (`vehicle_id`, `service_id`) VALUES (82, 6);
INSERT INTO `vehicle_service` (`vehicle_id`, `service_id`) VALUES (25, 7);
INSERT INTO `vehicle_service` (`vehicle_id`, `service_id`) VALUES (94, 8);
INSERT INTO `vehicle_service` (`vehicle_id`, `service_id`) VALUES (22, 9);
INSERT INTO `vehicle_service` (`vehicle_id`, `service_id`) VALUES (13, 10);
INSERT INTO `vehicle_service` (`vehicle_id`, `service_id`) VALUES (8, 11);
INSERT INTO `vehicle_service` (`vehicle_id`, `service_id`) VALUES (34, 12);
INSERT INTO `vehicle_service` (`vehicle_id`, `service_id`) VALUES (59, 13);
INSERT INTO `vehicle_service` (`vehicle_id`, `service_id`) VALUES (22, 14);
INSERT INTO `vehicle_service` (`vehicle_id`, `service_id`) VALUES (41, 15);
INSERT INTO `vehicle_service` (`vehicle_id`, `service_id`) VALUES (42, 16);
INSERT INTO `vehicle_service` (`vehicle_id`, `service_id`) VALUES (96, 17);
INSERT INTO `vehicle_service` (`vehicle_id`, `service_id`) VALUES (31, 18);
INSERT INTO `vehicle_service` (`vehicle_id`, `service_id`) VALUES (79, 19);
INSERT INTO `vehicle_service` (`vehicle_id`, `service_id`) VALUES (47, 20);
INSERT INTO `vehicle_service` (`vehicle_id`, `service_id`) VALUES (50, 21);
INSERT INTO `vehicle_service` (`vehicle_id`, `service_id`) VALUES (37, 22);
INSERT INTO `vehicle_service` (`vehicle_id`, `service_id`) VALUES (97, 23);
INSERT INTO `vehicle_service` (`vehicle_id`, `service_id`) VALUES (93, 24);
INSERT INTO `vehicle_service` (`vehicle_id`, `service_id`) VALUES (90, 25);
INSERT INTO `vehicle_service` (`vehicle_id`, `service_id`) VALUES (44, 26);
INSERT INTO `vehicle_service` (`vehicle_id`, `service_id`) VALUES (66, 27);
INSERT INTO `vehicle_service` (`vehicle_id`, `service_id`) VALUES (72, 28);
INSERT INTO `vehicle_service` (`vehicle_id`, `service_id`) VALUES (65, 29);
INSERT INTO `vehicle_service` (`vehicle_id`, `service_id`) VALUES (72, 30);
INSERT INTO `vehicle_service` (`vehicle_id`, `service_id`) VALUES (63, 31);
INSERT INTO `vehicle_service` (`vehicle_id`, `service_id`) VALUES (91, 32);
INSERT INTO `vehicle_service` (`vehicle_id`, `service_id`) VALUES (92, 33);
INSERT INTO `vehicle_service` (`vehicle_id`, `service_id`) VALUES (24, 34);
INSERT INTO `vehicle_service` (`vehicle_id`, `service_id`) VALUES (69, 35);
INSERT INTO `vehicle_service` (`vehicle_id`, `service_id`) VALUES (26, 36);
INSERT INTO `vehicle_service` (`vehicle_id`, `service_id`) VALUES (43, 37);
INSERT INTO `vehicle_service` (`vehicle_id`, `service_id`) VALUES (6, 38);
INSERT INTO `vehicle_service` (`vehicle_id`, `service_id`) VALUES (70, 39);
INSERT INTO `vehicle_service` (`vehicle_id`, `service_id`) VALUES (83, 40);
INSERT INTO `vehicle_service` (`vehicle_id`, `service_id`) VALUES (66, 41);
INSERT INTO `vehicle_service` (`vehicle_id`, `service_id`) VALUES (6, 42);
INSERT INTO `vehicle_service` (`vehicle_id`, `service_id`) VALUES (33, 43);
INSERT INTO `vehicle_service` (`vehicle_id`, `service_id`) VALUES (33, 44);
INSERT INTO `vehicle_service` (`vehicle_id`, `service_id`) VALUES (95, 45);
INSERT INTO `vehicle_service` (`vehicle_id`, `service_id`) VALUES (84, 46);
INSERT INTO `vehicle_service` (`vehicle_id`, `service_id`) VALUES (21, 47);
INSERT INTO `vehicle_service` (`vehicle_id`, `service_id`) VALUES (43, 48);
INSERT INTO `vehicle_service` (`vehicle_id`, `service_id`) VALUES (82, 49);
INSERT INTO `vehicle_service` (`vehicle_id`, `service_id`) VALUES (7, 50);
INSERT INTO `vehicle_service` (`vehicle_id`, `service_id`) VALUES (7, 51);
INSERT INTO `vehicle_service` (`vehicle_id`, `service_id`) VALUES (94, 52);
INSERT INTO `vehicle_service` (`vehicle_id`, `service_id`) VALUES (26, 53);
INSERT INTO `vehicle_service` (`vehicle_id`, `service_id`) VALUES (65, 54);
INSERT INTO `vehicle_service` (`vehicle_id`, `service_id`) VALUES (42, 55);
INSERT INTO `vehicle_service` (`vehicle_id`, `service_id`) VALUES (71, 56);
INSERT INTO `vehicle_service` (`vehicle_id`, `service_id`) VALUES (20, 57);
INSERT INTO `vehicle_service` (`vehicle_id`, `service_id`) VALUES (73, 58);
INSERT INTO `vehicle_service` (`vehicle_id`, `service_id`) VALUES (19, 59);
INSERT INTO `vehicle_service` (`vehicle_id`, `service_id`) VALUES (3, 60);
INSERT INTO `vehicle_service` (`vehicle_id`, `service_id`) VALUES (66, 61);
INSERT INTO `vehicle_service` (`vehicle_id`, `service_id`) VALUES (27, 62);
INSERT INTO `vehicle_service` (`vehicle_id`, `service_id`) VALUES (65, 63);
INSERT INTO `vehicle_service` (`vehicle_id`, `service_id`) VALUES (21, 64);
INSERT INTO `vehicle_service` (`vehicle_id`, `service_id`) VALUES (66, 65);
INSERT INTO `vehicle_service` (`vehicle_id`, `service_id`) VALUES (24, 66);
INSERT INTO `vehicle_service` (`vehicle_id`, `service_id`) VALUES (71, 67);
INSERT INTO `vehicle_service` (`vehicle_id`, `service_id`) VALUES (32, 68);
INSERT INTO `vehicle_service` (`vehicle_id`, `service_id`) VALUES (70, 69);
INSERT INTO `vehicle_service` (`vehicle_id`, `service_id`) VALUES (56, 70);
INSERT INTO `vehicle_service` (`vehicle_id`, `service_id`) VALUES (43, 71);
INSERT INTO `vehicle_service` (`vehicle_id`, `service_id`) VALUES (14, 72);
INSERT INTO `vehicle_service` (`vehicle_id`, `service_id`) VALUES (30, 73);
INSERT INTO `vehicle_service` (`vehicle_id`, `service_id`) VALUES (55, 74);
INSERT INTO `vehicle_service` (`vehicle_id`, `service_id`) VALUES (42, 75);
INSERT INTO `vehicle_service` (`vehicle_id`, `service_id`) VALUES (65, 76);
INSERT INTO `vehicle_service` (`vehicle_id`, `service_id`) VALUES (95, 77);
INSERT INTO `vehicle_service` (`vehicle_id`, `service_id`) VALUES (63, 78);
INSERT INTO `vehicle_service` (`vehicle_id`, `service_id`) VALUES (14, 79);
INSERT INTO `vehicle_service` (`vehicle_id`, `service_id`) VALUES (51, 80);
INSERT INTO `vehicle_service` (`vehicle_id`, `service_id`) VALUES (72, 81);
INSERT INTO `vehicle_service` (`vehicle_id`, `service_id`) VALUES (69, 82);
INSERT INTO `vehicle_service` (`vehicle_id`, `service_id`) VALUES (42, 83);
INSERT INTO `vehicle_service` (`vehicle_id`, `service_id`) VALUES (20, 84);
INSERT INTO `vehicle_service` (`vehicle_id`, `service_id`) VALUES (30, 85);
INSERT INTO `vehicle_service` (`vehicle_id`, `service_id`) VALUES (42, 86);
INSERT INTO `vehicle_service` (`vehicle_id`, `service_id`) VALUES (69, 87);
INSERT INTO `vehicle_service` (`vehicle_id`, `service_id`) VALUES (4, 88);
INSERT INTO `vehicle_service` (`vehicle_id`, `service_id`) VALUES (57, 89);
INSERT INTO `vehicle_service` (`vehicle_id`, `service_id`) VALUES (32, 90);
INSERT INTO `vehicle_service` (`vehicle_id`, `service_id`) VALUES (2, 91);
INSERT INTO `vehicle_service` (`vehicle_id`, `service_id`) VALUES (69, 92);
INSERT INTO `vehicle_service` (`vehicle_id`, `service_id`) VALUES (19, 93);
INSERT INTO `vehicle_service` (`vehicle_id`, `service_id`) VALUES (80, 94);
INSERT INTO `vehicle_service` (`vehicle_id`, `service_id`) VALUES (12, 95);
INSERT INTO `vehicle_service` (`vehicle_id`, `service_id`) VALUES (22, 96);
INSERT INTO `vehicle_service` (`vehicle_id`, `service_id`) VALUES (27, 97);
INSERT INTO `vehicle_service` (`vehicle_id`, `service_id`) VALUES (91, 98);
INSERT INTO `vehicle_service` (`vehicle_id`, `service_id`) VALUES (52, 99);
INSERT INTO `vehicle_service` (`vehicle_id`, `service_id`) VALUES (85, 100);
INSERT INTO `vehicle_service` (`vehicle_id`, `service_id`) VALUES (50, 101);
INSERT INTO `vehicle_service` (`vehicle_id`, `service_id`) VALUES (66, 102);
INSERT INTO `vehicle_service` (`vehicle_id`, `service_id`) VALUES (7, 103);
INSERT INTO `vehicle_service` (`vehicle_id`, `service_id`) VALUES (63, 104);
INSERT INTO `vehicle_service` (`vehicle_id`, `service_id`) VALUES (48, 105);
INSERT INTO `vehicle_service` (`vehicle_id`, `service_id`) VALUES (54, 106);
INSERT INTO `vehicle_service` (`vehicle_id`, `service_id`) VALUES (72, 107);
INSERT INTO `vehicle_service` (`vehicle_id`, `service_id`) VALUES (67, 108);
INSERT INTO `vehicle_service` (`vehicle_id`, `service_id`) VALUES (74, 109);
INSERT INTO `vehicle_service` (`vehicle_id`, `service_id`) VALUES (81, 110);
INSERT INTO `vehicle_service` (`vehicle_id`, `service_id`) VALUES (71, 111);
INSERT INTO `vehicle_service` (`vehicle_id`, `service_id`) VALUES (50, 112);
INSERT INTO `vehicle_service` (`vehicle_id`, `service_id`) VALUES (42, 113);
INSERT INTO `vehicle_service` (`vehicle_id`, `service_id`) VALUES (27, 114);
INSERT INTO `vehicle_service` (`vehicle_id`, `service_id`) VALUES (35, 115);
INSERT INTO `vehicle_service` (`vehicle_id`, `service_id`) VALUES (78, 116);
INSERT INTO `vehicle_service` (`vehicle_id`, `service_id`) VALUES (32, 117);
INSERT INTO `vehicle_service` (`vehicle_id`, `service_id`) VALUES (4, 118);
INSERT INTO `vehicle_service` (`vehicle_id`, `service_id`) VALUES (60, 119);
INSERT INTO `vehicle_service` (`vehicle_id`, `service_id`) VALUES (40, 120);
INSERT INTO `vehicle_service` (`vehicle_id`, `service_id`) VALUES (63, 121);
INSERT INTO `vehicle_service` (`vehicle_id`, `service_id`) VALUES (73, 122);
INSERT INTO `vehicle_service` (`vehicle_id`, `service_id`) VALUES (14, 123);
INSERT INTO `vehicle_service` (`vehicle_id`, `service_id`) VALUES (53, 124);
INSERT INTO `vehicle_service` (`vehicle_id`, `service_id`) VALUES (47, 125);
INSERT INTO `vehicle_service` (`vehicle_id`, `service_id`) VALUES (67, 126);
INSERT INTO `vehicle_service` (`vehicle_id`, `service_id`) VALUES (98, 127);
INSERT INTO `vehicle_service` (`vehicle_id`, `service_id`) VALUES (25, 128);
INSERT INTO `vehicle_service` (`vehicle_id`, `service_id`) VALUES (86, 129);
INSERT INTO `vehicle_service` (`vehicle_id`, `service_id`) VALUES (44, 130);
INSERT INTO `vehicle_service` (`vehicle_id`, `service_id`) VALUES (78, 131);
INSERT INTO `vehicle_service` (`vehicle_id`, `service_id`) VALUES (40, 132);
INSERT INTO `vehicle_service` (`vehicle_id`, `service_id`) VALUES (26, 133);
INSERT INTO `vehicle_service` (`vehicle_id`, `service_id`) VALUES (82, 134);
INSERT INTO `vehicle_service` (`vehicle_id`, `service_id`) VALUES (57, 135);
INSERT INTO `vehicle_service` (`vehicle_id`, `service_id`) VALUES (94, 136);
INSERT INTO `vehicle_service` (`vehicle_id`, `service_id`) VALUES (49, 137);
INSERT INTO `vehicle_service` (`vehicle_id`, `service_id`) VALUES (33, 138);
INSERT INTO `vehicle_service` (`vehicle_id`, `service_id`) VALUES (81, 139);
INSERT INTO `vehicle_service` (`vehicle_id`, `service_id`) VALUES (41, 140);
INSERT INTO `vehicle_service` (`vehicle_id`, `service_id`) VALUES (55, 141);
INSERT INTO `vehicle_service` (`vehicle_id`, `service_id`) VALUES (64, 142);
INSERT INTO `vehicle_service` (`vehicle_id`, `service_id`) VALUES (90, 143);
INSERT INTO `vehicle_service` (`vehicle_id`, `service_id`) VALUES (40, 144);
INSERT INTO `vehicle_service` (`vehicle_id`, `service_id`) VALUES (29, 145);
INSERT INTO `vehicle_service` (`vehicle_id`, `service_id`) VALUES (63, 146);
INSERT INTO `vehicle_service` (`vehicle_id`, `service_id`) VALUES (50, 147);
INSERT INTO `vehicle_service` (`vehicle_id`, `service_id`) VALUES (96, 148);
INSERT INTO `vehicle_service` (`vehicle_id`, `service_id`) VALUES (82, 149);
INSERT INTO `vehicle_service` (`vehicle_id`, `service_id`) VALUES (40, 150);
INSERT INTO `vehicle_service` (`vehicle_id`, `service_id`) VALUES (81, 151);
INSERT INTO `vehicle_service` (`vehicle_id`, `service_id`) VALUES (15, 152);
INSERT INTO `vehicle_service` (`vehicle_id`, `service_id`) VALUES (92, 153);
INSERT INTO `vehicle_service` (`vehicle_id`, `service_id`) VALUES (97, 154);
INSERT INTO `vehicle_service` (`vehicle_id`, `service_id`) VALUES (62, 155);
INSERT INTO `vehicle_service` (`vehicle_id`, `service_id`) VALUES (77, 156);
INSERT INTO `vehicle_service` (`vehicle_id`, `service_id`) VALUES (57, 157);
INSERT INTO `vehicle_service` (`vehicle_id`, `service_id`) VALUES (35, 158);
INSERT INTO `vehicle_service` (`vehicle_id`, `service_id`) VALUES (89, 159);
INSERT INTO `vehicle_service` (`vehicle_id`, `service_id`) VALUES (33, 160);
INSERT INTO `vehicle_service` (`vehicle_id`, `service_id`) VALUES (66, 161);
INSERT INTO `vehicle_service` (`vehicle_id`, `service_id`) VALUES (40, 162);
INSERT INTO `vehicle_service` (`vehicle_id`, `service_id`) VALUES (80, 163);
INSERT INTO `vehicle_service` (`vehicle_id`, `service_id`) VALUES (85, 164);
INSERT INTO `vehicle_service` (`vehicle_id`, `service_id`) VALUES (82, 165);
INSERT INTO `vehicle_service` (`vehicle_id`, `service_id`) VALUES (12, 166);
INSERT INTO `vehicle_service` (`vehicle_id`, `service_id`) VALUES (48, 167);
INSERT INTO `vehicle_service` (`vehicle_id`, `service_id`) VALUES (12, 168);
INSERT INTO `vehicle_service` (`vehicle_id`, `service_id`) VALUES (53, 169);
INSERT INTO `vehicle_service` (`vehicle_id`, `service_id`) VALUES (27, 170);
INSERT INTO `vehicle_service` (`vehicle_id`, `service_id`) VALUES (40, 171);
INSERT INTO `vehicle_service` (`vehicle_id`, `service_id`) VALUES (20, 172);
INSERT INTO `vehicle_service` (`vehicle_id`, `service_id`) VALUES (72, 173);
INSERT INTO `vehicle_service` (`vehicle_id`, `service_id`) VALUES (42, 174);
INSERT INTO `vehicle_service` (`vehicle_id`, `service_id`) VALUES (68, 175);
INSERT INTO `vehicle_service` (`vehicle_id`, `service_id`) VALUES (40, 176);
INSERT INTO `vehicle_service` (`vehicle_id`, `service_id`) VALUES (42, 177);
INSERT INTO `vehicle_service` (`vehicle_id`, `service_id`) VALUES (61, 178);
INSERT INTO `vehicle_service` (`vehicle_id`, `service_id`) VALUES (44, 179);
INSERT INTO `vehicle_service` (`vehicle_id`, `service_id`) VALUES (25, 180);
INSERT INTO `vehicle_service` (`vehicle_id`, `service_id`) VALUES (1, 181);
INSERT INTO `vehicle_service` (`vehicle_id`, `service_id`) VALUES (37, 182);
INSERT INTO `vehicle_service` (`vehicle_id`, `service_id`) VALUES (88, 183);
INSERT INTO `vehicle_service` (`vehicle_id`, `service_id`) VALUES (20, 184);
INSERT INTO `vehicle_service` (`vehicle_id`, `service_id`) VALUES (49, 185);
INSERT INTO `vehicle_service` (`vehicle_id`, `service_id`) VALUES (73, 186);
INSERT INTO `vehicle_service` (`vehicle_id`, `service_id`) VALUES (10, 187);
INSERT INTO `vehicle_service` (`vehicle_id`, `service_id`) VALUES (67, 188);
INSERT INTO `vehicle_service` (`vehicle_id`, `service_id`) VALUES (99, 189);
INSERT INTO `vehicle_service` (`vehicle_id`, `service_id`) VALUES (65, 190);
INSERT INTO `vehicle_service` (`vehicle_id`, `service_id`) VALUES (13, 191);
INSERT INTO `vehicle_service` (`vehicle_id`, `service_id`) VALUES (50, 192);
INSERT INTO `vehicle_service` (`vehicle_id`, `service_id`) VALUES (68, 193);
INSERT INTO `vehicle_service` (`vehicle_id`, `service_id`) VALUES (25, 194);
INSERT INTO `vehicle_service` (`vehicle_id`, `service_id`) VALUES (10, 195);
INSERT INTO `vehicle_service` (`vehicle_id`, `service_id`) VALUES (56, 196);
INSERT INTO `vehicle_service` (`vehicle_id`, `service_id`) VALUES (14, 197);
INSERT INTO `vehicle_service` (`vehicle_id`, `service_id`) VALUES (5, 198);
INSERT INTO `vehicle_service` (`vehicle_id`, `service_id`) VALUES (18, 199);
INSERT INTO `vehicle_service` (`vehicle_id`, `service_id`) VALUES (11, 200);
INSERT INTO `vehicle_service` (`vehicle_id`, `service_id`) VALUES (62, 201);
INSERT INTO `vehicle_service` (`vehicle_id`, `service_id`) VALUES (95, 202);
INSERT INTO `vehicle_service` (`vehicle_id`, `service_id`) VALUES (42, 203);
INSERT INTO `vehicle_service` (`vehicle_id`, `service_id`) VALUES (96, 204);
INSERT INTO `vehicle_service` (`vehicle_id`, `service_id`) VALUES (16, 205);
INSERT INTO `vehicle_service` (`vehicle_id`, `service_id`) VALUES (63, 206);
INSERT INTO `vehicle_service` (`vehicle_id`, `service_id`) VALUES (52, 207);
INSERT INTO `vehicle_service` (`vehicle_id`, `service_id`) VALUES (88, 208);
INSERT INTO `vehicle_service` (`vehicle_id`, `service_id`) VALUES (39, 209);
INSERT INTO `vehicle_service` (`vehicle_id`, `service_id`) VALUES (98, 210);
INSERT INTO `vehicle_service` (`vehicle_id`, `service_id`) VALUES (54, 211);
INSERT INTO `vehicle_service` (`vehicle_id`, `service_id`) VALUES (56, 212);
INSERT INTO `vehicle_service` (`vehicle_id`, `service_id`) VALUES (79, 213);
INSERT INTO `vehicle_service` (`vehicle_id`, `service_id`) VALUES (46, 214);
INSERT INTO `vehicle_service` (`vehicle_id`, `service_id`) VALUES (21, 215);
INSERT INTO `vehicle_service` (`vehicle_id`, `service_id`) VALUES (75, 216);
INSERT INTO `vehicle_service` (`vehicle_id`, `service_id`) VALUES (30, 217);
INSERT INTO `vehicle_service` (`vehicle_id`, `service_id`) VALUES (37, 218);
INSERT INTO `vehicle_service` (`vehicle_id`, `service_id`) VALUES (69, 219);
INSERT INTO `vehicle_service` (`vehicle_id`, `service_id`) VALUES (99, 220);
INSERT INTO `vehicle_service` (`vehicle_id`, `service_id`) VALUES (79, 221);
INSERT INTO `vehicle_service` (`vehicle_id`, `service_id`) VALUES (17, 222);
INSERT INTO `vehicle_service` (`vehicle_id`, `service_id`) VALUES (13, 223);
INSERT INTO `vehicle_service` (`vehicle_id`, `service_id`) VALUES (26, 224);
INSERT INTO `vehicle_service` (`vehicle_id`, `service_id`) VALUES (6, 225);
INSERT INTO `vehicle_service` (`vehicle_id`, `service_id`) VALUES (29, 226);
INSERT INTO `vehicle_service` (`vehicle_id`, `service_id`) VALUES (56, 227);
INSERT INTO `vehicle_service` (`vehicle_id`, `service_id`) VALUES (33, 228);
INSERT INTO `vehicle_service` (`vehicle_id`, `service_id`) VALUES (49, 229);
INSERT INTO `vehicle_service` (`vehicle_id`, `service_id`) VALUES (4, 230);
INSERT INTO `vehicle_service` (`vehicle_id`, `service_id`) VALUES (17, 231);
INSERT INTO `vehicle_service` (`vehicle_id`, `service_id`) VALUES (61, 232);
INSERT INTO `vehicle_service` (`vehicle_id`, `service_id`) VALUES (35, 233);
INSERT INTO `vehicle_service` (`vehicle_id`, `service_id`) VALUES (32, 234);
INSERT INTO `vehicle_service` (`vehicle_id`, `service_id`) VALUES (31, 235);
INSERT INTO `vehicle_service` (`vehicle_id`, `service_id`) VALUES (86, 236);
INSERT INTO `vehicle_service` (`vehicle_id`, `service_id`) VALUES (87, 237);
INSERT INTO `vehicle_service` (`vehicle_id`, `service_id`) VALUES (81, 238);
INSERT INTO `vehicle_service` (`vehicle_id`, `service_id`) VALUES (82, 239);
INSERT INTO `vehicle_service` (`vehicle_id`, `service_id`) VALUES (10, 240);
INSERT INTO `vehicle_service` (`vehicle_id`, `service_id`) VALUES (47, 241);
INSERT INTO `vehicle_service` (`vehicle_id`, `service_id`) VALUES (7, 242);
INSERT INTO `vehicle_service` (`vehicle_id`, `service_id`) VALUES (48, 243);
INSERT INTO `vehicle_service` (`vehicle_id`, `service_id`) VALUES (44, 244);
INSERT INTO `vehicle_service` (`vehicle_id`, `service_id`) VALUES (87, 245);
INSERT INTO `vehicle_service` (`vehicle_id`, `service_id`) VALUES (41, 246);
INSERT INTO `vehicle_service` (`vehicle_id`, `service_id`) VALUES (77, 247);
INSERT INTO `vehicle_service` (`vehicle_id`, `service_id`) VALUES (40, 248);
INSERT INTO `vehicle_service` (`vehicle_id`, `service_id`) VALUES (51, 249);
INSERT INTO `vehicle_service` (`vehicle_id`, `service_id`) VALUES (95, 250);
INSERT INTO `vehicle_service` (`vehicle_id`, `service_id`) VALUES (81, 251);
INSERT INTO `vehicle_service` (`vehicle_id`, `service_id`) VALUES (79, 252);
INSERT INTO `vehicle_service` (`vehicle_id`, `service_id`) VALUES (72, 253);
INSERT INTO `vehicle_service` (`vehicle_id`, `service_id`) VALUES (33, 254);
INSERT INTO `vehicle_service` (`vehicle_id`, `service_id`) VALUES (82, 255);
INSERT INTO `vehicle_service` (`vehicle_id`, `service_id`) VALUES (50, 256);
INSERT INTO `vehicle_service` (`vehicle_id`, `service_id`) VALUES (64, 257);
INSERT INTO `vehicle_service` (`vehicle_id`, `service_id`) VALUES (100, 258);
INSERT INTO `vehicle_service` (`vehicle_id`, `service_id`) VALUES (58, 259);
INSERT INTO `vehicle_service` (`vehicle_id`, `service_id`) VALUES (94, 260);
INSERT INTO `vehicle_service` (`vehicle_id`, `service_id`) VALUES (48, 261);
INSERT INTO `vehicle_service` (`vehicle_id`, `service_id`) VALUES (67, 262);
INSERT INTO `vehicle_service` (`vehicle_id`, `service_id`) VALUES (5, 263);
INSERT INTO `vehicle_service` (`vehicle_id`, `service_id`) VALUES (18, 264);
INSERT INTO `vehicle_service` (`vehicle_id`, `service_id`) VALUES (27, 265);
INSERT INTO `vehicle_service` (`vehicle_id`, `service_id`) VALUES (57, 266);
INSERT INTO `vehicle_service` (`vehicle_id`, `service_id`) VALUES (48, 267);
INSERT INTO `vehicle_service` (`vehicle_id`, `service_id`) VALUES (41, 268);
INSERT INTO `vehicle_service` (`vehicle_id`, `service_id`) VALUES (39, 269);
INSERT INTO `vehicle_service` (`vehicle_id`, `service_id`) VALUES (22, 270);
INSERT INTO `vehicle_service` (`vehicle_id`, `service_id`) VALUES (33, 271);
INSERT INTO `vehicle_service` (`vehicle_id`, `service_id`) VALUES (57, 272);
INSERT INTO `vehicle_service` (`vehicle_id`, `service_id`) VALUES (35, 273);
INSERT INTO `vehicle_service` (`vehicle_id`, `service_id`) VALUES (63, 274);
INSERT INTO `vehicle_service` (`vehicle_id`, `service_id`) VALUES (38, 275);
INSERT INTO `vehicle_service` (`vehicle_id`, `service_id`) VALUES (46, 276);
INSERT INTO `vehicle_service` (`vehicle_id`, `service_id`) VALUES (92, 277);
INSERT INTO `vehicle_service` (`vehicle_id`, `service_id`) VALUES (88, 278);
INSERT INTO `vehicle_service` (`vehicle_id`, `service_id`) VALUES (52, 279);
INSERT INTO `vehicle_service` (`vehicle_id`, `service_id`) VALUES (70, 280);
INSERT INTO `vehicle_service` (`vehicle_id`, `service_id`) VALUES (84, 281);
INSERT INTO `vehicle_service` (`vehicle_id`, `service_id`) VALUES (18, 282);
INSERT INTO `vehicle_service` (`vehicle_id`, `service_id`) VALUES (70, 283);
INSERT INTO `vehicle_service` (`vehicle_id`, `service_id`) VALUES (19, 284);
INSERT INTO `vehicle_service` (`vehicle_id`, `service_id`) VALUES (97, 285);
INSERT INTO `vehicle_service` (`vehicle_id`, `service_id`) VALUES (17, 286);
INSERT INTO `vehicle_service` (`vehicle_id`, `service_id`) VALUES (31, 287);
INSERT INTO `vehicle_service` (`vehicle_id`, `service_id`) VALUES (8, 288);
INSERT INTO `vehicle_service` (`vehicle_id`, `service_id`) VALUES (32, 289);
INSERT INTO `vehicle_service` (`vehicle_id`, `service_id`) VALUES (84, 290);
INSERT INTO `vehicle_service` (`vehicle_id`, `service_id`) VALUES (58, 291);
INSERT INTO `vehicle_service` (`vehicle_id`, `service_id`) VALUES (74, 292);
INSERT INTO `vehicle_service` (`vehicle_id`, `service_id`) VALUES (67, 293);
INSERT INTO `vehicle_service` (`vehicle_id`, `service_id`) VALUES (74, 294);
INSERT INTO `vehicle_service` (`vehicle_id`, `service_id`) VALUES (50, 295);
INSERT INTO `vehicle_service` (`vehicle_id`, `service_id`) VALUES (64, 296);
INSERT INTO `vehicle_service` (`vehicle_id`, `service_id`) VALUES (78, 297);
INSERT INTO `vehicle_service` (`vehicle_id`, `service_id`) VALUES (90, 298);
INSERT INTO `vehicle_service` (`vehicle_id`, `service_id`) VALUES (7, 299);
INSERT INTO `vehicle_service` (`vehicle_id`, `service_id`) VALUES (21, 300);
INSERT INTO `vehicle_service` (`vehicle_id`, `service_id`) VALUES (96, 301);
INSERT INTO `vehicle_service` (`vehicle_id`, `service_id`) VALUES (18, 302);
INSERT INTO `vehicle_service` (`vehicle_id`, `service_id`) VALUES (9, 303);
INSERT INTO `vehicle_service` (`vehicle_id`, `service_id`) VALUES (33, 304);
INSERT INTO `vehicle_service` (`vehicle_id`, `service_id`) VALUES (13, 305);
INSERT INTO `vehicle_service` (`vehicle_id`, `service_id`) VALUES (83, 306);
INSERT INTO `vehicle_service` (`vehicle_id`, `service_id`) VALUES (50, 307);
INSERT INTO `vehicle_service` (`vehicle_id`, `service_id`) VALUES (66, 308);
INSERT INTO `vehicle_service` (`vehicle_id`, `service_id`) VALUES (18, 309);
INSERT INTO `vehicle_service` (`vehicle_id`, `service_id`) VALUES (77, 310);
INSERT INTO `vehicle_service` (`vehicle_id`, `service_id`) VALUES (53, 311);
INSERT INTO `vehicle_service` (`vehicle_id`, `service_id`) VALUES (66, 312);
INSERT INTO `vehicle_service` (`vehicle_id`, `service_id`) VALUES (65, 313);
INSERT INTO `vehicle_service` (`vehicle_id`, `service_id`) VALUES (26, 314);
INSERT INTO `vehicle_service` (`vehicle_id`, `service_id`) VALUES (94, 315);
INSERT INTO `vehicle_service` (`vehicle_id`, `service_id`) VALUES (43, 316);
INSERT INTO `vehicle_service` (`vehicle_id`, `service_id`) VALUES (80, 317);
INSERT INTO `vehicle_service` (`vehicle_id`, `service_id`) VALUES (38, 318);
INSERT INTO `vehicle_service` (`vehicle_id`, `service_id`) VALUES (48, 319);
INSERT INTO `vehicle_service` (`vehicle_id`, `service_id`) VALUES (10, 320);
INSERT INTO `vehicle_service` (`vehicle_id`, `service_id`) VALUES (98, 321);
INSERT INTO `vehicle_service` (`vehicle_id`, `service_id`) VALUES (46, 322);
INSERT INTO `vehicle_service` (`vehicle_id`, `service_id`) VALUES (81, 323);
INSERT INTO `vehicle_service` (`vehicle_id`, `service_id`) VALUES (7, 324);
INSERT INTO `vehicle_service` (`vehicle_id`, `service_id`) VALUES (59, 325);
INSERT INTO `vehicle_service` (`vehicle_id`, `service_id`) VALUES (39, 326);
INSERT INTO `vehicle_service` (`vehicle_id`, `service_id`) VALUES (54, 327);
INSERT INTO `vehicle_service` (`vehicle_id`, `service_id`) VALUES (9, 328);
INSERT INTO `vehicle_service` (`vehicle_id`, `service_id`) VALUES (43, 329);
INSERT INTO `vehicle_service` (`vehicle_id`, `service_id`) VALUES (18, 330);
INSERT INTO `vehicle_service` (`vehicle_id`, `service_id`) VALUES (85, 331);
INSERT INTO `vehicle_service` (`vehicle_id`, `service_id`) VALUES (49, 332);
INSERT INTO `vehicle_service` (`vehicle_id`, `service_id`) VALUES (46, 333);
INSERT INTO `vehicle_service` (`vehicle_id`, `service_id`) VALUES (18, 334);
INSERT INTO `vehicle_service` (`vehicle_id`, `service_id`) VALUES (77, 335);
INSERT INTO `vehicle_service` (`vehicle_id`, `service_id`) VALUES (42, 336);
INSERT INTO `vehicle_service` (`vehicle_id`, `service_id`) VALUES (32, 337);
INSERT INTO `vehicle_service` (`vehicle_id`, `service_id`) VALUES (63, 338);
INSERT INTO `vehicle_service` (`vehicle_id`, `service_id`) VALUES (76, 339);
INSERT INTO `vehicle_service` (`vehicle_id`, `service_id`) VALUES (82, 340);
INSERT INTO `vehicle_service` (`vehicle_id`, `service_id`) VALUES (43, 341);
INSERT INTO `vehicle_service` (`vehicle_id`, `service_id`) VALUES (42, 342);
INSERT INTO `vehicle_service` (`vehicle_id`, `service_id`) VALUES (38, 343);
INSERT INTO `vehicle_service` (`vehicle_id`, `service_id`) VALUES (48, 344);
INSERT INTO `vehicle_service` (`vehicle_id`, `service_id`) VALUES (53, 345);
INSERT INTO `vehicle_service` (`vehicle_id`, `service_id`) VALUES (4, 346);
INSERT INTO `vehicle_service` (`vehicle_id`, `service_id`) VALUES (92, 347);
INSERT INTO `vehicle_service` (`vehicle_id`, `service_id`) VALUES (30, 348);
INSERT INTO `vehicle_service` (`vehicle_id`, `service_id`) VALUES (65, 349);
INSERT INTO `vehicle_service` (`vehicle_id`, `service_id`) VALUES (69, 350);
INSERT INTO `vehicle_service` (`vehicle_id`, `service_id`) VALUES (24, 351);
INSERT INTO `vehicle_service` (`vehicle_id`, `service_id`) VALUES (37, 352);
INSERT INTO `vehicle_service` (`vehicle_id`, `service_id`) VALUES (44, 353);
INSERT INTO `vehicle_service` (`vehicle_id`, `service_id`) VALUES (26, 354);
INSERT INTO `vehicle_service` (`vehicle_id`, `service_id`) VALUES (14, 355);
INSERT INTO `vehicle_service` (`vehicle_id`, `service_id`) VALUES (99, 356);
INSERT INTO `vehicle_service` (`vehicle_id`, `service_id`) VALUES (8, 357);
INSERT INTO `vehicle_service` (`vehicle_id`, `service_id`) VALUES (37, 358);
INSERT INTO `vehicle_service` (`vehicle_id`, `service_id`) VALUES (85, 359);
INSERT INTO `vehicle_service` (`vehicle_id`, `service_id`) VALUES (34, 360);
INSERT INTO `vehicle_service` (`vehicle_id`, `service_id`) VALUES (42, 361);
INSERT INTO `vehicle_service` (`vehicle_id`, `service_id`) VALUES (6, 362);
INSERT INTO `vehicle_service` (`vehicle_id`, `service_id`) VALUES (87, 363);
INSERT INTO `vehicle_service` (`vehicle_id`, `service_id`) VALUES (76, 364);
INSERT INTO `vehicle_service` (`vehicle_id`, `service_id`) VALUES (95, 365);
INSERT INTO `vehicle_service` (`vehicle_id`, `service_id`) VALUES (84, 366);
INSERT INTO `vehicle_service` (`vehicle_id`, `service_id`) VALUES (33, 367);
INSERT INTO `vehicle_service` (`vehicle_id`, `service_id`) VALUES (94, 368);
INSERT INTO `vehicle_service` (`vehicle_id`, `service_id`) VALUES (24, 369);
INSERT INTO `vehicle_service` (`vehicle_id`, `service_id`) VALUES (19, 370);
INSERT INTO `vehicle_service` (`vehicle_id`, `service_id`) VALUES (45, 371);
INSERT INTO `vehicle_service` (`vehicle_id`, `service_id`) VALUES (77, 372);
INSERT INTO `vehicle_service` (`vehicle_id`, `service_id`) VALUES (4, 373);
INSERT INTO `vehicle_service` (`vehicle_id`, `service_id`) VALUES (43, 374);
INSERT INTO `vehicle_service` (`vehicle_id`, `service_id`) VALUES (52, 375);
INSERT INTO `vehicle_service` (`vehicle_id`, `service_id`) VALUES (12, 376);
INSERT INTO `vehicle_service` (`vehicle_id`, `service_id`) VALUES (18, 377);
INSERT INTO `vehicle_service` (`vehicle_id`, `service_id`) VALUES (24, 378);
INSERT INTO `vehicle_service` (`vehicle_id`, `service_id`) VALUES (20, 379);
INSERT INTO `vehicle_service` (`vehicle_id`, `service_id`) VALUES (51, 380);
INSERT INTO `vehicle_service` (`vehicle_id`, `service_id`) VALUES (19, 381);
INSERT INTO `vehicle_service` (`vehicle_id`, `service_id`) VALUES (96, 382);
INSERT INTO `vehicle_service` (`vehicle_id`, `service_id`) VALUES (40, 383);
INSERT INTO `vehicle_service` (`vehicle_id`, `service_id`) VALUES (3, 384);
INSERT INTO `vehicle_service` (`vehicle_id`, `service_id`) VALUES (63, 385);
INSERT INTO `vehicle_service` (`vehicle_id`, `service_id`) VALUES (56, 386);
INSERT INTO `vehicle_service` (`vehicle_id`, `service_id`) VALUES (46, 387);
INSERT INTO `vehicle_service` (`vehicle_id`, `service_id`) VALUES (99, 388);
INSERT INTO `vehicle_service` (`vehicle_id`, `service_id`) VALUES (84, 389);
INSERT INTO `vehicle_service` (`vehicle_id`, `service_id`) VALUES (93, 390);
INSERT INTO `vehicle_service` (`vehicle_id`, `service_id`) VALUES (11, 391);
INSERT INTO `vehicle_service` (`vehicle_id`, `service_id`) VALUES (66, 392);
INSERT INTO `vehicle_service` (`vehicle_id`, `service_id`) VALUES (66, 393);
INSERT INTO `vehicle_service` (`vehicle_id`, `service_id`) VALUES (77, 394);
INSERT INTO `vehicle_service` (`vehicle_id`, `service_id`) VALUES (91, 395);
INSERT INTO `vehicle_service` (`vehicle_id`, `service_id`) VALUES (22, 396);
INSERT INTO `vehicle_service` (`vehicle_id`, `service_id`) VALUES (24, 397);
INSERT INTO `vehicle_service` (`vehicle_id`, `service_id`) VALUES (38, 398);
INSERT INTO `vehicle_service` (`vehicle_id`, `service_id`) VALUES (65, 399);
INSERT INTO `vehicle_service` (`vehicle_id`, `service_id`) VALUES (38, 400);
INSERT INTO `vehicle_service` (`vehicle_id`, `service_id`) VALUES (22, 401);
INSERT INTO `vehicle_service` (`vehicle_id`, `service_id`) VALUES (6, 402);
INSERT INTO `vehicle_service` (`vehicle_id`, `service_id`) VALUES (18, 403);
INSERT INTO `vehicle_service` (`vehicle_id`, `service_id`) VALUES (45, 404);
INSERT INTO `vehicle_service` (`vehicle_id`, `service_id`) VALUES (19, 405);
INSERT INTO `vehicle_service` (`vehicle_id`, `service_id`) VALUES (19, 406);
INSERT INTO `vehicle_service` (`vehicle_id`, `service_id`) VALUES (25, 407);
INSERT INTO `vehicle_service` (`vehicle_id`, `service_id`) VALUES (45, 408);
INSERT INTO `vehicle_service` (`vehicle_id`, `service_id`) VALUES (45, 409);
INSERT INTO `vehicle_service` (`vehicle_id`, `service_id`) VALUES (61, 410);
INSERT INTO `vehicle_service` (`vehicle_id`, `service_id`) VALUES (85, 411);
INSERT INTO `vehicle_service` (`vehicle_id`, `service_id`) VALUES (96, 412);
INSERT INTO `vehicle_service` (`vehicle_id`, `service_id`) VALUES (4, 413);
INSERT INTO `vehicle_service` (`vehicle_id`, `service_id`) VALUES (92, 414);
INSERT INTO `vehicle_service` (`vehicle_id`, `service_id`) VALUES (80, 415);
INSERT INTO `vehicle_service` (`vehicle_id`, `service_id`) VALUES (51, 416);
INSERT INTO `vehicle_service` (`vehicle_id`, `service_id`) VALUES (52, 417);
INSERT INTO `vehicle_service` (`vehicle_id`, `service_id`) VALUES (54, 418);
INSERT INTO `vehicle_service` (`vehicle_id`, `service_id`) VALUES (7, 419);
INSERT INTO `vehicle_service` (`vehicle_id`, `service_id`) VALUES (82, 420);
INSERT INTO `vehicle_service` (`vehicle_id`, `service_id`) VALUES (65, 421);
INSERT INTO `vehicle_service` (`vehicle_id`, `service_id`) VALUES (37, 422);
INSERT INTO `vehicle_service` (`vehicle_id`, `service_id`) VALUES (64, 423);
INSERT INTO `vehicle_service` (`vehicle_id`, `service_id`) VALUES (68, 424);
INSERT INTO `vehicle_service` (`vehicle_id`, `service_id`) VALUES (97, 425);
INSERT INTO `vehicle_service` (`vehicle_id`, `service_id`) VALUES (70, 426);
INSERT INTO `vehicle_service` (`vehicle_id`, `service_id`) VALUES (11, 427);
INSERT INTO `vehicle_service` (`vehicle_id`, `service_id`) VALUES (13, 428);
INSERT INTO `vehicle_service` (`vehicle_id`, `service_id`) VALUES (25, 429);
INSERT INTO `vehicle_service` (`vehicle_id`, `service_id`) VALUES (60, 430);
INSERT INTO `vehicle_service` (`vehicle_id`, `service_id`) VALUES (89, 431);
INSERT INTO `vehicle_service` (`vehicle_id`, `service_id`) VALUES (17, 432);
INSERT INTO `vehicle_service` (`vehicle_id`, `service_id`) VALUES (77, 433);
INSERT INTO `vehicle_service` (`vehicle_id`, `service_id`) VALUES (14, 434);
INSERT INTO `vehicle_service` (`vehicle_id`, `service_id`) VALUES (3, 435);
INSERT INTO `vehicle_service` (`vehicle_id`, `service_id`) VALUES (57, 436);
INSERT INTO `vehicle_service` (`vehicle_id`, `service_id`) VALUES (83, 437);
INSERT INTO `vehicle_service` (`vehicle_id`, `service_id`) VALUES (36, 438);
INSERT INTO `vehicle_service` (`vehicle_id`, `service_id`) VALUES (45, 439);
INSERT INTO `vehicle_service` (`vehicle_id`, `service_id`) VALUES (79, 440);
INSERT INTO `vehicle_service` (`vehicle_id`, `service_id`) VALUES (82, 441);
INSERT INTO `vehicle_service` (`vehicle_id`, `service_id`) VALUES (80, 442);
INSERT INTO `vehicle_service` (`vehicle_id`, `service_id`) VALUES (31, 443);
INSERT INTO `vehicle_service` (`vehicle_id`, `service_id`) VALUES (51, 444);
INSERT INTO `vehicle_service` (`vehicle_id`, `service_id`) VALUES (30, 445);
INSERT INTO `vehicle_service` (`vehicle_id`, `service_id`) VALUES (98, 446);
INSERT INTO `vehicle_service` (`vehicle_id`, `service_id`) VALUES (71, 447);
INSERT INTO `vehicle_service` (`vehicle_id`, `service_id`) VALUES (52, 448);
INSERT INTO `vehicle_service` (`vehicle_id`, `service_id`) VALUES (58, 449);
INSERT INTO `vehicle_service` (`vehicle_id`, `service_id`) VALUES (79, 450);
INSERT INTO `vehicle_service` (`vehicle_id`, `service_id`) VALUES (90, 451);
INSERT INTO `vehicle_service` (`vehicle_id`, `service_id`) VALUES (24, 452);
INSERT INTO `vehicle_service` (`vehicle_id`, `service_id`) VALUES (78, 453);
INSERT INTO `vehicle_service` (`vehicle_id`, `service_id`) VALUES (37, 454);
INSERT INTO `vehicle_service` (`vehicle_id`, `service_id`) VALUES (77, 455);
INSERT INTO `vehicle_service` (`vehicle_id`, `service_id`) VALUES (70, 456);
INSERT INTO `vehicle_service` (`vehicle_id`, `service_id`) VALUES (85, 457);
INSERT INTO `vehicle_service` (`vehicle_id`, `service_id`) VALUES (73, 458);
INSERT INTO `vehicle_service` (`vehicle_id`, `service_id`) VALUES (49, 459);
INSERT INTO `vehicle_service` (`vehicle_id`, `service_id`) VALUES (96, 460);
INSERT INTO `vehicle_service` (`vehicle_id`, `service_id`) VALUES (47, 461);
INSERT INTO `vehicle_service` (`vehicle_id`, `service_id`) VALUES (8, 462);
INSERT INTO `vehicle_service` (`vehicle_id`, `service_id`) VALUES (83, 463);
INSERT INTO `vehicle_service` (`vehicle_id`, `service_id`) VALUES (28, 464);
INSERT INTO `vehicle_service` (`vehicle_id`, `service_id`) VALUES (97, 465);
INSERT INTO `vehicle_service` (`vehicle_id`, `service_id`) VALUES (5, 466);
INSERT INTO `vehicle_service` (`vehicle_id`, `service_id`) VALUES (47, 467);
INSERT INTO `vehicle_service` (`vehicle_id`, `service_id`) VALUES (30, 468);
INSERT INTO `vehicle_service` (`vehicle_id`, `service_id`) VALUES (56, 469);
INSERT INTO `vehicle_service` (`vehicle_id`, `service_id`) VALUES (9, 470);
INSERT INTO `vehicle_service` (`vehicle_id`, `service_id`) VALUES (31, 471);
INSERT INTO `vehicle_service` (`vehicle_id`, `service_id`) VALUES (95, 472);
INSERT INTO `vehicle_service` (`vehicle_id`, `service_id`) VALUES (39, 473);
INSERT INTO `vehicle_service` (`vehicle_id`, `service_id`) VALUES (3, 474);
INSERT INTO `vehicle_service` (`vehicle_id`, `service_id`) VALUES (30, 475);
INSERT INTO `vehicle_service` (`vehicle_id`, `service_id`) VALUES (22, 476);
INSERT INTO `vehicle_service` (`vehicle_id`, `service_id`) VALUES (59, 477);
INSERT INTO `vehicle_service` (`vehicle_id`, `service_id`) VALUES (81, 478);
INSERT INTO `vehicle_service` (`vehicle_id`, `service_id`) VALUES (49, 479);
INSERT INTO `vehicle_service` (`vehicle_id`, `service_id`) VALUES (95, 480);
INSERT INTO `vehicle_service` (`vehicle_id`, `service_id`) VALUES (38, 481);
INSERT INTO `vehicle_service` (`vehicle_id`, `service_id`) VALUES (37, 482);
INSERT INTO `vehicle_service` (`vehicle_id`, `service_id`) VALUES (45, 483);
INSERT INTO `vehicle_service` (`vehicle_id`, `service_id`) VALUES (20, 484);
INSERT INTO `vehicle_service` (`vehicle_id`, `service_id`) VALUES (71, 485);
INSERT INTO `vehicle_service` (`vehicle_id`, `service_id`) VALUES (99, 486);
INSERT INTO `vehicle_service` (`vehicle_id`, `service_id`) VALUES (46, 487);
INSERT INTO `vehicle_service` (`vehicle_id`, `service_id`) VALUES (47, 488);
INSERT INTO `vehicle_service` (`vehicle_id`, `service_id`) VALUES (48, 489);
INSERT INTO `vehicle_service` (`vehicle_id`, `service_id`) VALUES (11, 490);
INSERT INTO `vehicle_service` (`vehicle_id`, `service_id`) VALUES (96, 491);
INSERT INTO `vehicle_service` (`vehicle_id`, `service_id`) VALUES (85, 492);
INSERT INTO `vehicle_service` (`vehicle_id`, `service_id`) VALUES (35, 493);
INSERT INTO `vehicle_service` (`vehicle_id`, `service_id`) VALUES (2, 494);
INSERT INTO `vehicle_service` (`vehicle_id`, `service_id`) VALUES (25, 495);
INSERT INTO `vehicle_service` (`vehicle_id`, `service_id`) VALUES (53, 496);
INSERT INTO `vehicle_service` (`vehicle_id`, `service_id`) VALUES (14, 497);
INSERT INTO `vehicle_service` (`vehicle_id`, `service_id`) VALUES (74, 498);
INSERT INTO `vehicle_service` (`vehicle_id`, `service_id`) VALUES (31, 499);
INSERT INTO `vehicle_service` (`vehicle_id`, `service_id`) VALUES (29, 500);
INSERT INTO `vehicle_service` (`vehicle_id`, `service_id`) VALUES (1, 501);
INSERT INTO `vehicle_service` (`vehicle_id`, `service_id`) VALUES (45, 502);
INSERT INTO `vehicle_service` (`vehicle_id`, `service_id`) VALUES (1, 503);
INSERT INTO `vehicle_service` (`vehicle_id`, `service_id`) VALUES (75, 504);
INSERT INTO `vehicle_service` (`vehicle_id`, `service_id`) VALUES (93, 505);
INSERT INTO `vehicle_service` (`vehicle_id`, `service_id`) VALUES (93, 506);
INSERT INTO `vehicle_service` (`vehicle_id`, `service_id`) VALUES (88, 507);
INSERT INTO `vehicle_service` (`vehicle_id`, `service_id`) VALUES (8, 508);
INSERT INTO `vehicle_service` (`vehicle_id`, `service_id`) VALUES (45, 509);
INSERT INTO `vehicle_service` (`vehicle_id`, `service_id`) VALUES (96, 510);
INSERT INTO `vehicle_service` (`vehicle_id`, `service_id`) VALUES (28, 511);
INSERT INTO `vehicle_service` (`vehicle_id`, `service_id`) VALUES (97, 512);
INSERT INTO `vehicle_service` (`vehicle_id`, `service_id`) VALUES (9, 513);
INSERT INTO `vehicle_service` (`vehicle_id`, `service_id`) VALUES (24, 514);
INSERT INTO `vehicle_service` (`vehicle_id`, `service_id`) VALUES (11, 515);
INSERT INTO `vehicle_service` (`vehicle_id`, `service_id`) VALUES (8, 516);
INSERT INTO `vehicle_service` (`vehicle_id`, `service_id`) VALUES (90, 517);
INSERT INTO `vehicle_service` (`vehicle_id`, `service_id`) VALUES (57, 518);
INSERT INTO `vehicle_service` (`vehicle_id`, `service_id`) VALUES (87, 519);
INSERT INTO `vehicle_service` (`vehicle_id`, `service_id`) VALUES (88, 520);
INSERT INTO `vehicle_service` (`vehicle_id`, `service_id`) VALUES (62, 521);
INSERT INTO `vehicle_service` (`vehicle_id`, `service_id`) VALUES (29, 522);
INSERT INTO `vehicle_service` (`vehicle_id`, `service_id`) VALUES (54, 523);
INSERT INTO `vehicle_service` (`vehicle_id`, `service_id`) VALUES (1, 524);
INSERT INTO `vehicle_service` (`vehicle_id`, `service_id`) VALUES (31, 525);
INSERT INTO `vehicle_service` (`vehicle_id`, `service_id`) VALUES (59, 526);
INSERT INTO `vehicle_service` (`vehicle_id`, `service_id`) VALUES (44, 527);
INSERT INTO `vehicle_service` (`vehicle_id`, `service_id`) VALUES (59, 528);
INSERT INTO `vehicle_service` (`vehicle_id`, `service_id`) VALUES (59, 529);
INSERT INTO `vehicle_service` (`vehicle_id`, `service_id`) VALUES (100, 530);
INSERT INTO `vehicle_service` (`vehicle_id`, `service_id`) VALUES (96, 531);
INSERT INTO `vehicle_service` (`vehicle_id`, `service_id`) VALUES (90, 532);
INSERT INTO `vehicle_service` (`vehicle_id`, `service_id`) VALUES (14, 533);
INSERT INTO `vehicle_service` (`vehicle_id`, `service_id`) VALUES (19, 534);
INSERT INTO `vehicle_service` (`vehicle_id`, `service_id`) VALUES (10, 535);
INSERT INTO `vehicle_service` (`vehicle_id`, `service_id`) VALUES (23, 536);
INSERT INTO `vehicle_service` (`vehicle_id`, `service_id`) VALUES (93, 537);
INSERT INTO `vehicle_service` (`vehicle_id`, `service_id`) VALUES (36, 538);
INSERT INTO `vehicle_service` (`vehicle_id`, `service_id`) VALUES (50, 539);
INSERT INTO `vehicle_service` (`vehicle_id`, `service_id`) VALUES (64, 540);
INSERT INTO `vehicle_service` (`vehicle_id`, `service_id`) VALUES (62, 541);
INSERT INTO `vehicle_service` (`vehicle_id`, `service_id`) VALUES (39, 542);
INSERT INTO `vehicle_service` (`vehicle_id`, `service_id`) VALUES (90, 543);
INSERT INTO `vehicle_service` (`vehicle_id`, `service_id`) VALUES (76, 544);
INSERT INTO `vehicle_service` (`vehicle_id`, `service_id`) VALUES (20, 545);
INSERT INTO `vehicle_service` (`vehicle_id`, `service_id`) VALUES (63, 546);
INSERT INTO `vehicle_service` (`vehicle_id`, `service_id`) VALUES (98, 547);
INSERT INTO `vehicle_service` (`vehicle_id`, `service_id`) VALUES (59, 548);
INSERT INTO `vehicle_service` (`vehicle_id`, `service_id`) VALUES (72, 549);
INSERT INTO `vehicle_service` (`vehicle_id`, `service_id`) VALUES (99, 550);
INSERT INTO `vehicle_service` (`vehicle_id`, `service_id`) VALUES (66, 551);
INSERT INTO `vehicle_service` (`vehicle_id`, `service_id`) VALUES (48, 552);
INSERT INTO `vehicle_service` (`vehicle_id`, `service_id`) VALUES (68, 553);
INSERT INTO `vehicle_service` (`vehicle_id`, `service_id`) VALUES (19, 554);
INSERT INTO `vehicle_service` (`vehicle_id`, `service_id`) VALUES (14, 555);
INSERT INTO `vehicle_service` (`vehicle_id`, `service_id`) VALUES (6, 556);
INSERT INTO `vehicle_service` (`vehicle_id`, `service_id`) VALUES (2, 557);
INSERT INTO `vehicle_service` (`vehicle_id`, `service_id`) VALUES (87, 558);
INSERT INTO `vehicle_service` (`vehicle_id`, `service_id`) VALUES (59, 559);
INSERT INTO `vehicle_service` (`vehicle_id`, `service_id`) VALUES (93, 560);
INSERT INTO `vehicle_service` (`vehicle_id`, `service_id`) VALUES (93, 561);
INSERT INTO `vehicle_service` (`vehicle_id`, `service_id`) VALUES (64, 562);
INSERT INTO `vehicle_service` (`vehicle_id`, `service_id`) VALUES (4, 563);
INSERT INTO `vehicle_service` (`vehicle_id`, `service_id`) VALUES (53, 564);
INSERT INTO `vehicle_service` (`vehicle_id`, `service_id`) VALUES (46, 565);
INSERT INTO `vehicle_service` (`vehicle_id`, `service_id`) VALUES (99, 566);
INSERT INTO `vehicle_service` (`vehicle_id`, `service_id`) VALUES (92, 567);
INSERT INTO `vehicle_service` (`vehicle_id`, `service_id`) VALUES (17, 568);
INSERT INTO `vehicle_service` (`vehicle_id`, `service_id`) VALUES (20, 569);
INSERT INTO `vehicle_service` (`vehicle_id`, `service_id`) VALUES (69, 570);
INSERT INTO `vehicle_service` (`vehicle_id`, `service_id`) VALUES (17, 571);
INSERT INTO `vehicle_service` (`vehicle_id`, `service_id`) VALUES (25, 572);
INSERT INTO `vehicle_service` (`vehicle_id`, `service_id`) VALUES (72, 573);
INSERT INTO `vehicle_service` (`vehicle_id`, `service_id`) VALUES (80, 574);
INSERT INTO `vehicle_service` (`vehicle_id`, `service_id`) VALUES (74, 575);
INSERT INTO `vehicle_service` (`vehicle_id`, `service_id`) VALUES (32, 576);
INSERT INTO `vehicle_service` (`vehicle_id`, `service_id`) VALUES (65, 577);
INSERT INTO `vehicle_service` (`vehicle_id`, `service_id`) VALUES (53, 578);
INSERT INTO `vehicle_service` (`vehicle_id`, `service_id`) VALUES (70, 579);
INSERT INTO `vehicle_service` (`vehicle_id`, `service_id`) VALUES (71, 580);
INSERT INTO `vehicle_service` (`vehicle_id`, `service_id`) VALUES (13, 581);
INSERT INTO `vehicle_service` (`vehicle_id`, `service_id`) VALUES (24, 582);
INSERT INTO `vehicle_service` (`vehicle_id`, `service_id`) VALUES (94, 583);
INSERT INTO `vehicle_service` (`vehicle_id`, `service_id`) VALUES (54, 584);
INSERT INTO `vehicle_service` (`vehicle_id`, `service_id`) VALUES (28, 585);
INSERT INTO `vehicle_service` (`vehicle_id`, `service_id`) VALUES (33, 586);
INSERT INTO `vehicle_service` (`vehicle_id`, `service_id`) VALUES (67, 587);
INSERT INTO `vehicle_service` (`vehicle_id`, `service_id`) VALUES (49, 588);
INSERT INTO `vehicle_service` (`vehicle_id`, `service_id`) VALUES (89, 589);
INSERT INTO `vehicle_service` (`vehicle_id`, `service_id`) VALUES (9, 590);
INSERT INTO `vehicle_service` (`vehicle_id`, `service_id`) VALUES (77, 591);
INSERT INTO `vehicle_service` (`vehicle_id`, `service_id`) VALUES (74, 592);
INSERT INTO `vehicle_service` (`vehicle_id`, `service_id`) VALUES (12, 593);
INSERT INTO `vehicle_service` (`vehicle_id`, `service_id`) VALUES (58, 594);
INSERT INTO `vehicle_service` (`vehicle_id`, `service_id`) VALUES (57, 595);
INSERT INTO `vehicle_service` (`vehicle_id`, `service_id`) VALUES (62, 596);
INSERT INTO `vehicle_service` (`vehicle_id`, `service_id`) VALUES (95, 597);
INSERT INTO `vehicle_service` (`vehicle_id`, `service_id`) VALUES (4, 598);
INSERT INTO `vehicle_service` (`vehicle_id`, `service_id`) VALUES (33, 599);
INSERT INTO `vehicle_service` (`vehicle_id`, `service_id`) VALUES (27, 600);
INSERT INTO `vehicle_service` (`vehicle_id`, `service_id`) VALUES (5, 601);
INSERT INTO `vehicle_service` (`vehicle_id`, `service_id`) VALUES (99, 602);
INSERT INTO `vehicle_service` (`vehicle_id`, `service_id`) VALUES (57, 603);
INSERT INTO `vehicle_service` (`vehicle_id`, `service_id`) VALUES (96, 604);
INSERT INTO `vehicle_service` (`vehicle_id`, `service_id`) VALUES (89, 605);
INSERT INTO `vehicle_service` (`vehicle_id`, `service_id`) VALUES (36, 606);
INSERT INTO `vehicle_service` (`vehicle_id`, `service_id`) VALUES (78, 607);
INSERT INTO `vehicle_service` (`vehicle_id`, `service_id`) VALUES (56, 608);
INSERT INTO `vehicle_service` (`vehicle_id`, `service_id`) VALUES (87, 609);
INSERT INTO `vehicle_service` (`vehicle_id`, `service_id`) VALUES (75, 610);
INSERT INTO `vehicle_service` (`vehicle_id`, `service_id`) VALUES (46, 611);
INSERT INTO `vehicle_service` (`vehicle_id`, `service_id`) VALUES (63, 612);
INSERT INTO `vehicle_service` (`vehicle_id`, `service_id`) VALUES (17, 613);
INSERT INTO `vehicle_service` (`vehicle_id`, `service_id`) VALUES (52, 614);
INSERT INTO `vehicle_service` (`vehicle_id`, `service_id`) VALUES (64, 615);
INSERT INTO `vehicle_service` (`vehicle_id`, `service_id`) VALUES (95, 616);
INSERT INTO `vehicle_service` (`vehicle_id`, `service_id`) VALUES (31, 617);
INSERT INTO `vehicle_service` (`vehicle_id`, `service_id`) VALUES (59, 618);
INSERT INTO `vehicle_service` (`vehicle_id`, `service_id`) VALUES (58, 619);
INSERT INTO `vehicle_service` (`vehicle_id`, `service_id`) VALUES (86, 620);
INSERT INTO `vehicle_service` (`vehicle_id`, `service_id`) VALUES (5, 621);
INSERT INTO `vehicle_service` (`vehicle_id`, `service_id`) VALUES (86, 622);
INSERT INTO `vehicle_service` (`vehicle_id`, `service_id`) VALUES (57, 623);
INSERT INTO `vehicle_service` (`vehicle_id`, `service_id`) VALUES (63, 624);
INSERT INTO `vehicle_service` (`vehicle_id`, `service_id`) VALUES (7, 625);
INSERT INTO `vehicle_service` (`vehicle_id`, `service_id`) VALUES (14, 626);
INSERT INTO `vehicle_service` (`vehicle_id`, `service_id`) VALUES (4, 627);
INSERT INTO `vehicle_service` (`vehicle_id`, `service_id`) VALUES (100, 628);
INSERT INTO `vehicle_service` (`vehicle_id`, `service_id`) VALUES (28, 629);
INSERT INTO `vehicle_service` (`vehicle_id`, `service_id`) VALUES (16, 630);
INSERT INTO `vehicle_service` (`vehicle_id`, `service_id`) VALUES (86, 631);
INSERT INTO `vehicle_service` (`vehicle_id`, `service_id`) VALUES (27, 632);
INSERT INTO `vehicle_service` (`vehicle_id`, `service_id`) VALUES (1, 633);
INSERT INTO `vehicle_service` (`vehicle_id`, `service_id`) VALUES (26, 634);
INSERT INTO `vehicle_service` (`vehicle_id`, `service_id`) VALUES (86, 635);
INSERT INTO `vehicle_service` (`vehicle_id`, `service_id`) VALUES (20, 636);
INSERT INTO `vehicle_service` (`vehicle_id`, `service_id`) VALUES (65, 637);
INSERT INTO `vehicle_service` (`vehicle_id`, `service_id`) VALUES (77, 638);
INSERT INTO `vehicle_service` (`vehicle_id`, `service_id`) VALUES (15, 639);
INSERT INTO `vehicle_service` (`vehicle_id`, `service_id`) VALUES (82, 640);
INSERT INTO `vehicle_service` (`vehicle_id`, `service_id`) VALUES (42, 641);
INSERT INTO `vehicle_service` (`vehicle_id`, `service_id`) VALUES (40, 642);
INSERT INTO `vehicle_service` (`vehicle_id`, `service_id`) VALUES (90, 643);
INSERT INTO `vehicle_service` (`vehicle_id`, `service_id`) VALUES (3, 644);
INSERT INTO `vehicle_service` (`vehicle_id`, `service_id`) VALUES (60, 645);
INSERT INTO `vehicle_service` (`vehicle_id`, `service_id`) VALUES (58, 646);
INSERT INTO `vehicle_service` (`vehicle_id`, `service_id`) VALUES (94, 647);
INSERT INTO `vehicle_service` (`vehicle_id`, `service_id`) VALUES (78, 648);
INSERT INTO `vehicle_service` (`vehicle_id`, `service_id`) VALUES (78, 649);
INSERT INTO `vehicle_service` (`vehicle_id`, `service_id`) VALUES (72, 650);
INSERT INTO `vehicle_service` (`vehicle_id`, `service_id`) VALUES (53, 651);
INSERT INTO `vehicle_service` (`vehicle_id`, `service_id`) VALUES (84, 652);
INSERT INTO `vehicle_service` (`vehicle_id`, `service_id`) VALUES (1, 653);
INSERT INTO `vehicle_service` (`vehicle_id`, `service_id`) VALUES (88, 654);
INSERT INTO `vehicle_service` (`vehicle_id`, `service_id`) VALUES (30, 655);
INSERT INTO `vehicle_service` (`vehicle_id`, `service_id`) VALUES (57, 656);
INSERT INTO `vehicle_service` (`vehicle_id`, `service_id`) VALUES (13, 657);
INSERT INTO `vehicle_service` (`vehicle_id`, `service_id`) VALUES (3, 658);
INSERT INTO `vehicle_service` (`vehicle_id`, `service_id`) VALUES (82, 659);
INSERT INTO `vehicle_service` (`vehicle_id`, `service_id`) VALUES (35, 660);
INSERT INTO `vehicle_service` (`vehicle_id`, `service_id`) VALUES (83, 661);
INSERT INTO `vehicle_service` (`vehicle_id`, `service_id`) VALUES (70, 662);
INSERT INTO `vehicle_service` (`vehicle_id`, `service_id`) VALUES (38, 663);
INSERT INTO `vehicle_service` (`vehicle_id`, `service_id`) VALUES (86, 664);
INSERT INTO `vehicle_service` (`vehicle_id`, `service_id`) VALUES (47, 665);
INSERT INTO `vehicle_service` (`vehicle_id`, `service_id`) VALUES (86, 666);
INSERT INTO `vehicle_service` (`vehicle_id`, `service_id`) VALUES (51, 667);
INSERT INTO `vehicle_service` (`vehicle_id`, `service_id`) VALUES (75, 668);
INSERT INTO `vehicle_service` (`vehicle_id`, `service_id`) VALUES (91, 669);
INSERT INTO `vehicle_service` (`vehicle_id`, `service_id`) VALUES (85, 670);
INSERT INTO `vehicle_service` (`vehicle_id`, `service_id`) VALUES (69, 671);
INSERT INTO `vehicle_service` (`vehicle_id`, `service_id`) VALUES (76, 672);
INSERT INTO `vehicle_service` (`vehicle_id`, `service_id`) VALUES (91, 673);
INSERT INTO `vehicle_service` (`vehicle_id`, `service_id`) VALUES (27, 674);
INSERT INTO `vehicle_service` (`vehicle_id`, `service_id`) VALUES (1, 675);
INSERT INTO `vehicle_service` (`vehicle_id`, `service_id`) VALUES (37, 676);
INSERT INTO `vehicle_service` (`vehicle_id`, `service_id`) VALUES (82, 677);
INSERT INTO `vehicle_service` (`vehicle_id`, `service_id`) VALUES (9, 678);
INSERT INTO `vehicle_service` (`vehicle_id`, `service_id`) VALUES (98, 679);
INSERT INTO `vehicle_service` (`vehicle_id`, `service_id`) VALUES (62, 680);
INSERT INTO `vehicle_service` (`vehicle_id`, `service_id`) VALUES (39, 681);
INSERT INTO `vehicle_service` (`vehicle_id`, `service_id`) VALUES (55, 682);
INSERT INTO `vehicle_service` (`vehicle_id`, `service_id`) VALUES (91, 683);
INSERT INTO `vehicle_service` (`vehicle_id`, `service_id`) VALUES (81, 684);
INSERT INTO `vehicle_service` (`vehicle_id`, `service_id`) VALUES (41, 685);
INSERT INTO `vehicle_service` (`vehicle_id`, `service_id`) VALUES (94, 686);
INSERT INTO `vehicle_service` (`vehicle_id`, `service_id`) VALUES (66, 687);
INSERT INTO `vehicle_service` (`vehicle_id`, `service_id`) VALUES (69, 688);
INSERT INTO `vehicle_service` (`vehicle_id`, `service_id`) VALUES (30, 689);
INSERT INTO `vehicle_service` (`vehicle_id`, `service_id`) VALUES (27, 690);
INSERT INTO `vehicle_service` (`vehicle_id`, `service_id`) VALUES (38, 691);
INSERT INTO `vehicle_service` (`vehicle_id`, `service_id`) VALUES (32, 692);
INSERT INTO `vehicle_service` (`vehicle_id`, `service_id`) VALUES (54, 693);
INSERT INTO `vehicle_service` (`vehicle_id`, `service_id`) VALUES (21, 694);
INSERT INTO `vehicle_service` (`vehicle_id`, `service_id`) VALUES (88, 695);
INSERT INTO `vehicle_service` (`vehicle_id`, `service_id`) VALUES (52, 696);
INSERT INTO `vehicle_service` (`vehicle_id`, `service_id`) VALUES (62, 697);
INSERT INTO `vehicle_service` (`vehicle_id`, `service_id`) VALUES (43, 698);
INSERT INTO `vehicle_service` (`vehicle_id`, `service_id`) VALUES (71, 699);
INSERT INTO `vehicle_service` (`vehicle_id`, `service_id`) VALUES (6, 700);
INSERT INTO `vehicle_service` (`vehicle_id`, `service_id`) VALUES (13, 701);
INSERT INTO `vehicle_service` (`vehicle_id`, `service_id`) VALUES (39, 702);
INSERT INTO `vehicle_service` (`vehicle_id`, `service_id`) VALUES (4, 703);
INSERT INTO `vehicle_service` (`vehicle_id`, `service_id`) VALUES (48, 704);
INSERT INTO `vehicle_service` (`vehicle_id`, `service_id`) VALUES (23, 705);
INSERT INTO `vehicle_service` (`vehicle_id`, `service_id`) VALUES (3, 706);
INSERT INTO `vehicle_service` (`vehicle_id`, `service_id`) VALUES (61, 707);
INSERT INTO `vehicle_service` (`vehicle_id`, `service_id`) VALUES (85, 708);
INSERT INTO `vehicle_service` (`vehicle_id`, `service_id`) VALUES (51, 709);
INSERT INTO `vehicle_service` (`vehicle_id`, `service_id`) VALUES (45, 710);
INSERT INTO `vehicle_service` (`vehicle_id`, `service_id`) VALUES (56, 711);
INSERT INTO `vehicle_service` (`vehicle_id`, `service_id`) VALUES (3, 712);
INSERT INTO `vehicle_service` (`vehicle_id`, `service_id`) VALUES (2, 713);
INSERT INTO `vehicle_service` (`vehicle_id`, `service_id`) VALUES (80, 714);
INSERT INTO `vehicle_service` (`vehicle_id`, `service_id`) VALUES (16, 715);
INSERT INTO `vehicle_service` (`vehicle_id`, `service_id`) VALUES (73, 716);
INSERT INTO `vehicle_service` (`vehicle_id`, `service_id`) VALUES (20, 717);
INSERT INTO `vehicle_service` (`vehicle_id`, `service_id`) VALUES (80, 718);
INSERT INTO `vehicle_service` (`vehicle_id`, `service_id`) VALUES (66, 719);
INSERT INTO `vehicle_service` (`vehicle_id`, `service_id`) VALUES (54, 720);
INSERT INTO `vehicle_service` (`vehicle_id`, `service_id`) VALUES (86, 721);
INSERT INTO `vehicle_service` (`vehicle_id`, `service_id`) VALUES (62, 722);
INSERT INTO `vehicle_service` (`vehicle_id`, `service_id`) VALUES (64, 723);
INSERT INTO `vehicle_service` (`vehicle_id`, `service_id`) VALUES (6, 724);
INSERT INTO `vehicle_service` (`vehicle_id`, `service_id`) VALUES (31, 725);
INSERT INTO `vehicle_service` (`vehicle_id`, `service_id`) VALUES (71, 726);
INSERT INTO `vehicle_service` (`vehicle_id`, `service_id`) VALUES (69, 727);
INSERT INTO `vehicle_service` (`vehicle_id`, `service_id`) VALUES (14, 728);
INSERT INTO `vehicle_service` (`vehicle_id`, `service_id`) VALUES (39, 729);
INSERT INTO `vehicle_service` (`vehicle_id`, `service_id`) VALUES (77, 730);
INSERT INTO `vehicle_service` (`vehicle_id`, `service_id`) VALUES (32, 731);
INSERT INTO `vehicle_service` (`vehicle_id`, `service_id`) VALUES (95, 732);
INSERT INTO `vehicle_service` (`vehicle_id`, `service_id`) VALUES (68, 733);
INSERT INTO `vehicle_service` (`vehicle_id`, `service_id`) VALUES (95, 734);
INSERT INTO `vehicle_service` (`vehicle_id`, `service_id`) VALUES (70, 735);
INSERT INTO `vehicle_service` (`vehicle_id`, `service_id`) VALUES (15, 736);
INSERT INTO `vehicle_service` (`vehicle_id`, `service_id`) VALUES (8, 737);
INSERT INTO `vehicle_service` (`vehicle_id`, `service_id`) VALUES (72, 738);
INSERT INTO `vehicle_service` (`vehicle_id`, `service_id`) VALUES (52, 739);
INSERT INTO `vehicle_service` (`vehicle_id`, `service_id`) VALUES (26, 740);
INSERT INTO `vehicle_service` (`vehicle_id`, `service_id`) VALUES (91, 741);
INSERT INTO `vehicle_service` (`vehicle_id`, `service_id`) VALUES (93, 742);
INSERT INTO `vehicle_service` (`vehicle_id`, `service_id`) VALUES (10, 743);
INSERT INTO `vehicle_service` (`vehicle_id`, `service_id`) VALUES (67, 744);
INSERT INTO `vehicle_service` (`vehicle_id`, `service_id`) VALUES (8, 745);
INSERT INTO `vehicle_service` (`vehicle_id`, `service_id`) VALUES (9, 746);
INSERT INTO `vehicle_service` (`vehicle_id`, `service_id`) VALUES (62, 747);
INSERT INTO `vehicle_service` (`vehicle_id`, `service_id`) VALUES (52, 748);
INSERT INTO `vehicle_service` (`vehicle_id`, `service_id`) VALUES (8, 749);
INSERT INTO `vehicle_service` (`vehicle_id`, `service_id`) VALUES (31, 750);
INSERT INTO `vehicle_service` (`vehicle_id`, `service_id`) VALUES (65, 751);
INSERT INTO `vehicle_service` (`vehicle_id`, `service_id`) VALUES (96, 752);
INSERT INTO `vehicle_service` (`vehicle_id`, `service_id`) VALUES (52, 753);
INSERT INTO `vehicle_service` (`vehicle_id`, `service_id`) VALUES (79, 754);
INSERT INTO `vehicle_service` (`vehicle_id`, `service_id`) VALUES (68, 755);
INSERT INTO `vehicle_service` (`vehicle_id`, `service_id`) VALUES (85, 756);
INSERT INTO `vehicle_service` (`vehicle_id`, `service_id`) VALUES (47, 757);
INSERT INTO `vehicle_service` (`vehicle_id`, `service_id`) VALUES (72, 758);
INSERT INTO `vehicle_service` (`vehicle_id`, `service_id`) VALUES (75, 759);
INSERT INTO `vehicle_service` (`vehicle_id`, `service_id`) VALUES (81, 760);
INSERT INTO `vehicle_service` (`vehicle_id`, `service_id`) VALUES (48, 761);
INSERT INTO `vehicle_service` (`vehicle_id`, `service_id`) VALUES (80, 762);
INSERT INTO `vehicle_service` (`vehicle_id`, `service_id`) VALUES (99, 763);
INSERT INTO `vehicle_service` (`vehicle_id`, `service_id`) VALUES (53, 764);
INSERT INTO `vehicle_service` (`vehicle_id`, `service_id`) VALUES (31, 765);
INSERT INTO `vehicle_service` (`vehicle_id`, `service_id`) VALUES (99, 766);
INSERT INTO `vehicle_service` (`vehicle_id`, `service_id`) VALUES (30, 767);
INSERT INTO `vehicle_service` (`vehicle_id`, `service_id`) VALUES (17, 768);
INSERT INTO `vehicle_service` (`vehicle_id`, `service_id`) VALUES (26, 769);
INSERT INTO `vehicle_service` (`vehicle_id`, `service_id`) VALUES (35, 770);
INSERT INTO `vehicle_service` (`vehicle_id`, `service_id`) VALUES (50, 771);
INSERT INTO `vehicle_service` (`vehicle_id`, `service_id`) VALUES (68, 772);
INSERT INTO `vehicle_service` (`vehicle_id`, `service_id`) VALUES (1, 773);
INSERT INTO `vehicle_service` (`vehicle_id`, `service_id`) VALUES (58, 774);
INSERT INTO `vehicle_service` (`vehicle_id`, `service_id`) VALUES (96, 775);
INSERT INTO `vehicle_service` (`vehicle_id`, `service_id`) VALUES (72, 776);
INSERT INTO `vehicle_service` (`vehicle_id`, `service_id`) VALUES (61, 777);
INSERT INTO `vehicle_service` (`vehicle_id`, `service_id`) VALUES (57, 778);
INSERT INTO `vehicle_service` (`vehicle_id`, `service_id`) VALUES (68, 779);
INSERT INTO `vehicle_service` (`vehicle_id`, `service_id`) VALUES (70, 780);
INSERT INTO `vehicle_service` (`vehicle_id`, `service_id`) VALUES (20, 781);
INSERT INTO `vehicle_service` (`vehicle_id`, `service_id`) VALUES (96, 782);
INSERT INTO `vehicle_service` (`vehicle_id`, `service_id`) VALUES (15, 783);
INSERT INTO `vehicle_service` (`vehicle_id`, `service_id`) VALUES (43, 784);
INSERT INTO `vehicle_service` (`vehicle_id`, `service_id`) VALUES (31, 785);
INSERT INTO `vehicle_service` (`vehicle_id`, `service_id`) VALUES (6, 786);
INSERT INTO `vehicle_service` (`vehicle_id`, `service_id`) VALUES (20, 787);
INSERT INTO `vehicle_service` (`vehicle_id`, `service_id`) VALUES (54, 788);
INSERT INTO `vehicle_service` (`vehicle_id`, `service_id`) VALUES (98, 789);
INSERT INTO `vehicle_service` (`vehicle_id`, `service_id`) VALUES (85, 790);
INSERT INTO `vehicle_service` (`vehicle_id`, `service_id`) VALUES (18, 791);
INSERT INTO `vehicle_service` (`vehicle_id`, `service_id`) VALUES (87, 792);
INSERT INTO `vehicle_service` (`vehicle_id`, `service_id`) VALUES (88, 793);
INSERT INTO `vehicle_service` (`vehicle_id`, `service_id`) VALUES (74, 794);
INSERT INTO `vehicle_service` (`vehicle_id`, `service_id`) VALUES (59, 795);
INSERT INTO `vehicle_service` (`vehicle_id`, `service_id`) VALUES (5, 796);
INSERT INTO `vehicle_service` (`vehicle_id`, `service_id`) VALUES (23, 797);
INSERT INTO `vehicle_service` (`vehicle_id`, `service_id`) VALUES (19, 798);
INSERT INTO `vehicle_service` (`vehicle_id`, `service_id`) VALUES (38, 799);
INSERT INTO `vehicle_service` (`vehicle_id`, `service_id`) VALUES (23, 800);
INSERT INTO `vehicle_service` (`vehicle_id`, `service_id`) VALUES (71, 801);
INSERT INTO `vehicle_service` (`vehicle_id`, `service_id`) VALUES (39, 802);
INSERT INTO `vehicle_service` (`vehicle_id`, `service_id`) VALUES (80, 803);
INSERT INTO `vehicle_service` (`vehicle_id`, `service_id`) VALUES (2, 804);
INSERT INTO `vehicle_service` (`vehicle_id`, `service_id`) VALUES (20, 805);
INSERT INTO `vehicle_service` (`vehicle_id`, `service_id`) VALUES (43, 806);
INSERT INTO `vehicle_service` (`vehicle_id`, `service_id`) VALUES (60, 807);
INSERT INTO `vehicle_service` (`vehicle_id`, `service_id`) VALUES (16, 808);
INSERT INTO `vehicle_service` (`vehicle_id`, `service_id`) VALUES (98, 809);
INSERT INTO `vehicle_service` (`vehicle_id`, `service_id`) VALUES (14, 810);
INSERT INTO `vehicle_service` (`vehicle_id`, `service_id`) VALUES (66, 811);
INSERT INTO `vehicle_service` (`vehicle_id`, `service_id`) VALUES (8, 812);
INSERT INTO `vehicle_service` (`vehicle_id`, `service_id`) VALUES (2, 813);
INSERT INTO `vehicle_service` (`vehicle_id`, `service_id`) VALUES (82, 814);
INSERT INTO `vehicle_service` (`vehicle_id`, `service_id`) VALUES (65, 815);
INSERT INTO `vehicle_service` (`vehicle_id`, `service_id`) VALUES (24, 816);
INSERT INTO `vehicle_service` (`vehicle_id`, `service_id`) VALUES (98, 817);
INSERT INTO `vehicle_service` (`vehicle_id`, `service_id`) VALUES (75, 818);
INSERT INTO `vehicle_service` (`vehicle_id`, `service_id`) VALUES (56, 819);
INSERT INTO `vehicle_service` (`vehicle_id`, `service_id`) VALUES (73, 820);
INSERT INTO `vehicle_service` (`vehicle_id`, `service_id`) VALUES (28, 821);
INSERT INTO `vehicle_service` (`vehicle_id`, `service_id`) VALUES (71, 822);
INSERT INTO `vehicle_service` (`vehicle_id`, `service_id`) VALUES (72, 823);
INSERT INTO `vehicle_service` (`vehicle_id`, `service_id`) VALUES (30, 824);
INSERT INTO `vehicle_service` (`vehicle_id`, `service_id`) VALUES (54, 825);
INSERT INTO `vehicle_service` (`vehicle_id`, `service_id`) VALUES (27, 826);
INSERT INTO `vehicle_service` (`vehicle_id`, `service_id`) VALUES (32, 827);
INSERT INTO `vehicle_service` (`vehicle_id`, `service_id`) VALUES (78, 828);
INSERT INTO `vehicle_service` (`vehicle_id`, `service_id`) VALUES (81, 829);
INSERT INTO `vehicle_service` (`vehicle_id`, `service_id`) VALUES (93, 830);
INSERT INTO `vehicle_service` (`vehicle_id`, `service_id`) VALUES (86, 831);
INSERT INTO `vehicle_service` (`vehicle_id`, `service_id`) VALUES (4, 832);
INSERT INTO `vehicle_service` (`vehicle_id`, `service_id`) VALUES (93, 833);
INSERT INTO `vehicle_service` (`vehicle_id`, `service_id`) VALUES (37, 834);
INSERT INTO `vehicle_service` (`vehicle_id`, `service_id`) VALUES (92, 835);
INSERT INTO `vehicle_service` (`vehicle_id`, `service_id`) VALUES (2, 836);
INSERT INTO `vehicle_service` (`vehicle_id`, `service_id`) VALUES (90, 837);
INSERT INTO `vehicle_service` (`vehicle_id`, `service_id`) VALUES (27, 838);
INSERT INTO `vehicle_service` (`vehicle_id`, `service_id`) VALUES (15, 839);
INSERT INTO `vehicle_service` (`vehicle_id`, `service_id`) VALUES (40, 840);
INSERT INTO `vehicle_service` (`vehicle_id`, `service_id`) VALUES (94, 841);
INSERT INTO `vehicle_service` (`vehicle_id`, `service_id`) VALUES (49, 842);
INSERT INTO `vehicle_service` (`vehicle_id`, `service_id`) VALUES (68, 843);
INSERT INTO `vehicle_service` (`vehicle_id`, `service_id`) VALUES (95, 844);
INSERT INTO `vehicle_service` (`vehicle_id`, `service_id`) VALUES (40, 845);
INSERT INTO `vehicle_service` (`vehicle_id`, `service_id`) VALUES (17, 846);
INSERT INTO `vehicle_service` (`vehicle_id`, `service_id`) VALUES (76, 847);
INSERT INTO `vehicle_service` (`vehicle_id`, `service_id`) VALUES (75, 848);
INSERT INTO `vehicle_service` (`vehicle_id`, `service_id`) VALUES (97, 849);
INSERT INTO `vehicle_service` (`vehicle_id`, `service_id`) VALUES (27, 850);
INSERT INTO `vehicle_service` (`vehicle_id`, `service_id`) VALUES (44, 851);
INSERT INTO `vehicle_service` (`vehicle_id`, `service_id`) VALUES (9, 852);
INSERT INTO `vehicle_service` (`vehicle_id`, `service_id`) VALUES (86, 853);
INSERT INTO `vehicle_service` (`vehicle_id`, `service_id`) VALUES (81, 854);
INSERT INTO `vehicle_service` (`vehicle_id`, `service_id`) VALUES (89, 855);
INSERT INTO `vehicle_service` (`vehicle_id`, `service_id`) VALUES (33, 856);
INSERT INTO `vehicle_service` (`vehicle_id`, `service_id`) VALUES (100, 857);
INSERT INTO `vehicle_service` (`vehicle_id`, `service_id`) VALUES (99, 858);
INSERT INTO `vehicle_service` (`vehicle_id`, `service_id`) VALUES (65, 859);
INSERT INTO `vehicle_service` (`vehicle_id`, `service_id`) VALUES (18, 860);
INSERT INTO `vehicle_service` (`vehicle_id`, `service_id`) VALUES (9, 861);
INSERT INTO `vehicle_service` (`vehicle_id`, `service_id`) VALUES (89, 862);
INSERT INTO `vehicle_service` (`vehicle_id`, `service_id`) VALUES (96, 863);
INSERT INTO `vehicle_service` (`vehicle_id`, `service_id`) VALUES (73, 864);
INSERT INTO `vehicle_service` (`vehicle_id`, `service_id`) VALUES (53, 865);
INSERT INTO `vehicle_service` (`vehicle_id`, `service_id`) VALUES (41, 866);
INSERT INTO `vehicle_service` (`vehicle_id`, `service_id`) VALUES (9, 867);
INSERT INTO `vehicle_service` (`vehicle_id`, `service_id`) VALUES (48, 868);
INSERT INTO `vehicle_service` (`vehicle_id`, `service_id`) VALUES (41, 869);
INSERT INTO `vehicle_service` (`vehicle_id`, `service_id`) VALUES (98, 870);
INSERT INTO `vehicle_service` (`vehicle_id`, `service_id`) VALUES (39, 871);
INSERT INTO `vehicle_service` (`vehicle_id`, `service_id`) VALUES (18, 872);
INSERT INTO `vehicle_service` (`vehicle_id`, `service_id`) VALUES (72, 873);
INSERT INTO `vehicle_service` (`vehicle_id`, `service_id`) VALUES (3, 874);
INSERT INTO `vehicle_service` (`vehicle_id`, `service_id`) VALUES (20, 875);
INSERT INTO `vehicle_service` (`vehicle_id`, `service_id`) VALUES (49, 876);
INSERT INTO `vehicle_service` (`vehicle_id`, `service_id`) VALUES (73, 877);
INSERT INTO `vehicle_service` (`vehicle_id`, `service_id`) VALUES (51, 878);
INSERT INTO `vehicle_service` (`vehicle_id`, `service_id`) VALUES (89, 879);
INSERT INTO `vehicle_service` (`vehicle_id`, `service_id`) VALUES (44, 880);
INSERT INTO `vehicle_service` (`vehicle_id`, `service_id`) VALUES (23, 881);
INSERT INTO `vehicle_service` (`vehicle_id`, `service_id`) VALUES (32, 882);
INSERT INTO `vehicle_service` (`vehicle_id`, `service_id`) VALUES (87, 883);
INSERT INTO `vehicle_service` (`vehicle_id`, `service_id`) VALUES (21, 884);
INSERT INTO `vehicle_service` (`vehicle_id`, `service_id`) VALUES (22, 885);
INSERT INTO `vehicle_service` (`vehicle_id`, `service_id`) VALUES (22, 886);
INSERT INTO `vehicle_service` (`vehicle_id`, `service_id`) VALUES (82, 887);
INSERT INTO `vehicle_service` (`vehicle_id`, `service_id`) VALUES (55, 888);
INSERT INTO `vehicle_service` (`vehicle_id`, `service_id`) VALUES (56, 889);
INSERT INTO `vehicle_service` (`vehicle_id`, `service_id`) VALUES (77, 890);
INSERT INTO `vehicle_service` (`vehicle_id`, `service_id`) VALUES (58, 891);
INSERT INTO `vehicle_service` (`vehicle_id`, `service_id`) VALUES (53, 892);
INSERT INTO `vehicle_service` (`vehicle_id`, `service_id`) VALUES (60, 893);
INSERT INTO `vehicle_service` (`vehicle_id`, `service_id`) VALUES (79, 894);
INSERT INTO `vehicle_service` (`vehicle_id`, `service_id`) VALUES (48, 895);
INSERT INTO `vehicle_service` (`vehicle_id`, `service_id`) VALUES (70, 896);
INSERT INTO `vehicle_service` (`vehicle_id`, `service_id`) VALUES (4, 897);
INSERT INTO `vehicle_service` (`vehicle_id`, `service_id`) VALUES (34, 898);
INSERT INTO `vehicle_service` (`vehicle_id`, `service_id`) VALUES (23, 899);
INSERT INTO `vehicle_service` (`vehicle_id`, `service_id`) VALUES (97, 900);
INSERT INTO `vehicle_service` (`vehicle_id`, `service_id`) VALUES (8, 901);
INSERT INTO `vehicle_service` (`vehicle_id`, `service_id`) VALUES (96, 902);
INSERT INTO `vehicle_service` (`vehicle_id`, `service_id`) VALUES (20, 903);
INSERT INTO `vehicle_service` (`vehicle_id`, `service_id`) VALUES (30, 904);
INSERT INTO `vehicle_service` (`vehicle_id`, `service_id`) VALUES (38, 905);
INSERT INTO `vehicle_service` (`vehicle_id`, `service_id`) VALUES (81, 906);
INSERT INTO `vehicle_service` (`vehicle_id`, `service_id`) VALUES (98, 907);
INSERT INTO `vehicle_service` (`vehicle_id`, `service_id`) VALUES (45, 908);
INSERT INTO `vehicle_service` (`vehicle_id`, `service_id`) VALUES (94, 909);
INSERT INTO `vehicle_service` (`vehicle_id`, `service_id`) VALUES (22, 910);
INSERT INTO `vehicle_service` (`vehicle_id`, `service_id`) VALUES (42, 911);
INSERT INTO `vehicle_service` (`vehicle_id`, `service_id`) VALUES (65, 912);
INSERT INTO `vehicle_service` (`vehicle_id`, `service_id`) VALUES (23, 913);
INSERT INTO `vehicle_service` (`vehicle_id`, `service_id`) VALUES (13, 914);
INSERT INTO `vehicle_service` (`vehicle_id`, `service_id`) VALUES (76, 915);
INSERT INTO `vehicle_service` (`vehicle_id`, `service_id`) VALUES (99, 916);
INSERT INTO `vehicle_service` (`vehicle_id`, `service_id`) VALUES (72, 917);
INSERT INTO `vehicle_service` (`vehicle_id`, `service_id`) VALUES (20, 918);
INSERT INTO `vehicle_service` (`vehicle_id`, `service_id`) VALUES (51, 919);
INSERT INTO `vehicle_service` (`vehicle_id`, `service_id`) VALUES (11, 920);
INSERT INTO `vehicle_service` (`vehicle_id`, `service_id`) VALUES (89, 921);
INSERT INTO `vehicle_service` (`vehicle_id`, `service_id`) VALUES (55, 922);
INSERT INTO `vehicle_service` (`vehicle_id`, `service_id`) VALUES (77, 923);
INSERT INTO `vehicle_service` (`vehicle_id`, `service_id`) VALUES (37, 924);
INSERT INTO `vehicle_service` (`vehicle_id`, `service_id`) VALUES (58, 925);
INSERT INTO `vehicle_service` (`vehicle_id`, `service_id`) VALUES (59, 926);
INSERT INTO `vehicle_service` (`vehicle_id`, `service_id`) VALUES (12, 927);
INSERT INTO `vehicle_service` (`vehicle_id`, `service_id`) VALUES (21, 928);
INSERT INTO `vehicle_service` (`vehicle_id`, `service_id`) VALUES (82, 929);
INSERT INTO `vehicle_service` (`vehicle_id`, `service_id`) VALUES (29, 930);
INSERT INTO `vehicle_service` (`vehicle_id`, `service_id`) VALUES (81, 931);
INSERT INTO `vehicle_service` (`vehicle_id`, `service_id`) VALUES (26, 932);
INSERT INTO `vehicle_service` (`vehicle_id`, `service_id`) VALUES (34, 933);
INSERT INTO `vehicle_service` (`vehicle_id`, `service_id`) VALUES (97, 934);
INSERT INTO `vehicle_service` (`vehicle_id`, `service_id`) VALUES (69, 935);
INSERT INTO `vehicle_service` (`vehicle_id`, `service_id`) VALUES (81, 936);
INSERT INTO `vehicle_service` (`vehicle_id`, `service_id`) VALUES (64, 937);
INSERT INTO `vehicle_service` (`vehicle_id`, `service_id`) VALUES (82, 938);
INSERT INTO `vehicle_service` (`vehicle_id`, `service_id`) VALUES (20, 939);
INSERT INTO `vehicle_service` (`vehicle_id`, `service_id`) VALUES (6, 940);
INSERT INTO `vehicle_service` (`vehicle_id`, `service_id`) VALUES (83, 941);
INSERT INTO `vehicle_service` (`vehicle_id`, `service_id`) VALUES (66, 942);
INSERT INTO `vehicle_service` (`vehicle_id`, `service_id`) VALUES (75, 943);
INSERT INTO `vehicle_service` (`vehicle_id`, `service_id`) VALUES (11, 944);
INSERT INTO `vehicle_service` (`vehicle_id`, `service_id`) VALUES (29, 945);
INSERT INTO `vehicle_service` (`vehicle_id`, `service_id`) VALUES (84, 946);
INSERT INTO `vehicle_service` (`vehicle_id`, `service_id`) VALUES (68, 947);
INSERT INTO `vehicle_service` (`vehicle_id`, `service_id`) VALUES (92, 948);
INSERT INTO `vehicle_service` (`vehicle_id`, `service_id`) VALUES (39, 949);
INSERT INTO `vehicle_service` (`vehicle_id`, `service_id`) VALUES (83, 950);
INSERT INTO `vehicle_service` (`vehicle_id`, `service_id`) VALUES (60, 951);
INSERT INTO `vehicle_service` (`vehicle_id`, `service_id`) VALUES (64, 952);
INSERT INTO `vehicle_service` (`vehicle_id`, `service_id`) VALUES (25, 953);
INSERT INTO `vehicle_service` (`vehicle_id`, `service_id`) VALUES (24, 954);
INSERT INTO `vehicle_service` (`vehicle_id`, `service_id`) VALUES (16, 955);
INSERT INTO `vehicle_service` (`vehicle_id`, `service_id`) VALUES (36, 956);
INSERT INTO `vehicle_service` (`vehicle_id`, `service_id`) VALUES (16, 957);
INSERT INTO `vehicle_service` (`vehicle_id`, `service_id`) VALUES (95, 958);
INSERT INTO `vehicle_service` (`vehicle_id`, `service_id`) VALUES (22, 959);
INSERT INTO `vehicle_service` (`vehicle_id`, `service_id`) VALUES (81, 960);
INSERT INTO `vehicle_service` (`vehicle_id`, `service_id`) VALUES (84, 961);
INSERT INTO `vehicle_service` (`vehicle_id`, `service_id`) VALUES (47, 962);
INSERT INTO `vehicle_service` (`vehicle_id`, `service_id`) VALUES (61, 963);
INSERT INTO `vehicle_service` (`vehicle_id`, `service_id`) VALUES (69, 964);
INSERT INTO `vehicle_service` (`vehicle_id`, `service_id`) VALUES (66, 965);
INSERT INTO `vehicle_service` (`vehicle_id`, `service_id`) VALUES (71, 966);
INSERT INTO `vehicle_service` (`vehicle_id`, `service_id`) VALUES (50, 967);
INSERT INTO `vehicle_service` (`vehicle_id`, `service_id`) VALUES (81, 968);
INSERT INTO `vehicle_service` (`vehicle_id`, `service_id`) VALUES (90, 969);
INSERT INTO `vehicle_service` (`vehicle_id`, `service_id`) VALUES (32, 970);
INSERT INTO `vehicle_service` (`vehicle_id`, `service_id`) VALUES (62, 971);
INSERT INTO `vehicle_service` (`vehicle_id`, `service_id`) VALUES (1, 972);
INSERT INTO `vehicle_service` (`vehicle_id`, `service_id`) VALUES (12, 973);
INSERT INTO `vehicle_service` (`vehicle_id`, `service_id`) VALUES (54, 974);
INSERT INTO `vehicle_service` (`vehicle_id`, `service_id`) VALUES (24, 975);
INSERT INTO `vehicle_service` (`vehicle_id`, `service_id`) VALUES (16, 976);
INSERT INTO `vehicle_service` (`vehicle_id`, `service_id`) VALUES (75, 977);
INSERT INTO `vehicle_service` (`vehicle_id`, `service_id`) VALUES (33, 978);
INSERT INTO `vehicle_service` (`vehicle_id`, `service_id`) VALUES (1, 979);
INSERT INTO `vehicle_service` (`vehicle_id`, `service_id`) VALUES (2, 980);
INSERT INTO `vehicle_service` (`vehicle_id`, `service_id`) VALUES (65, 981);
INSERT INTO `vehicle_service` (`vehicle_id`, `service_id`) VALUES (19, 982);
INSERT INTO `vehicle_service` (`vehicle_id`, `service_id`) VALUES (87, 983);
INSERT INTO `vehicle_service` (`vehicle_id`, `service_id`) VALUES (90, 984);
INSERT INTO `vehicle_service` (`vehicle_id`, `service_id`) VALUES (81, 985);
INSERT INTO `vehicle_service` (`vehicle_id`, `service_id`) VALUES (47, 986);
INSERT INTO `vehicle_service` (`vehicle_id`, `service_id`) VALUES (62, 987);
INSERT INTO `vehicle_service` (`vehicle_id`, `service_id`) VALUES (67, 988);
INSERT INTO `vehicle_service` (`vehicle_id`, `service_id`) VALUES (47, 989);
INSERT INTO `vehicle_service` (`vehicle_id`, `service_id`) VALUES (48, 990);
INSERT INTO `vehicle_service` (`vehicle_id`, `service_id`) VALUES (2, 991);
INSERT INTO `vehicle_service` (`vehicle_id`, `service_id`) VALUES (96, 992);
INSERT INTO `vehicle_service` (`vehicle_id`, `service_id`) VALUES (42, 993);
INSERT INTO `vehicle_service` (`vehicle_id`, `service_id`) VALUES (21, 994);
INSERT INTO `vehicle_service` (`vehicle_id`, `service_id`) VALUES (51, 995);
INSERT INTO `vehicle_service` (`vehicle_id`, `service_id`) VALUES (56, 996);
INSERT INTO `vehicle_service` (`vehicle_id`, `service_id`) VALUES (53, 997);
INSERT INTO `vehicle_service` (`vehicle_id`, `service_id`) VALUES (8, 998);
INSERT INTO `vehicle_service` (`vehicle_id`, `service_id`) VALUES (19, 999);
INSERT INTO `vehicle_service` (`vehicle_id`, `service_id`) VALUES (96, 1000);

COMMIT;


-- -----------------------------------------------------
-- Data for table `user`
-- -----------------------------------------------------
START TRANSACTION;
USE `automaticDB`;
INSERT INTO `user` (`id`, `email`, `password`, `first_name`, `last_name`, `created`, `updated`) VALUES (1, 'amccallam0@google.ca', 'NdokpCvD44i', 'Anni', 'McCallam', '2012-10-30 10:08:36', '2018-12-08 21:07:00');
INSERT INTO `user` (`id`, `email`, `password`, `first_name`, `last_name`, `created`, `updated`) VALUES (2, 'sboocock1@berkeley.edu', 'AuT8cd', 'Shanta', 'Boocock', '2019-06-29 16:39:47', '2012-03-24 22:50:13');
INSERT INTO `user` (`id`, `email`, `password`, `first_name`, `last_name`, `created`, `updated`) VALUES (3, 'cbedells2@arizona.edu', 'VbmZJ9f', 'Cody', 'Bedells', '2015-02-27 01:57:37', '2014-03-09 19:44:27');
INSERT INTO `user` (`id`, `email`, `password`, `first_name`, `last_name`, `created`, `updated`) VALUES (4, 'vcolquyte3@godaddy.com', 'XWpfdda08', 'Vinny', 'Colquyte', '2018-09-18 23:20:34', '2018-12-19 02:26:26');
INSERT INTO `user` (`id`, `email`, `password`, `first_name`, `last_name`, `created`, `updated`) VALUES (5, 'jmcgiffin4@nature.com', 'N3ZJ1xkivrX', 'Janet', 'Mc Giffin', '2015-02-28 07:11:37', '2015-05-21 07:07:39');
INSERT INTO `user` (`id`, `email`, `password`, `first_name`, `last_name`, `created`, `updated`) VALUES (6, 'mscotchmor5@nba.com', 'wUVOY6C', 'Milli', 'Scotchmor', '2012-10-01 09:08:40', '2017-10-08 10:17:56');
INSERT INTO `user` (`id`, `email`, `password`, `first_name`, `last_name`, `created`, `updated`) VALUES (7, 'mneville6@usgs.gov', 'ZPOEvZ', 'Merrel', 'Neville', '2013-08-31 12:20:08', '2019-10-25 22:41:10');
INSERT INTO `user` (`id`, `email`, `password`, `first_name`, `last_name`, `created`, `updated`) VALUES (8, 'abrolly7@thetimes.co.uk', 'hYNRbGji1', 'Antin', 'Brolly', '2014-02-07 22:01:32', '2015-12-03 16:59:40');
INSERT INTO `user` (`id`, `email`, `password`, `first_name`, `last_name`, `created`, `updated`) VALUES (9, 'gbakey8@loc.gov', 'Jt23oa1vBsI', 'Garey', 'Bakey', '2017-10-04 18:52:08', '2018-03-21 09:36:07');
INSERT INTO `user` (`id`, `email`, `password`, `first_name`, `last_name`, `created`, `updated`) VALUES (10, 'ndibartolomeo9@nifty.com', 'OfrtZzNBqE', 'Nicolai', 'Di Bartolomeo', '2017-06-04 14:01:41', '2021-11-26 05:56:58');
INSERT INTO `user` (`id`, `email`, `password`, `first_name`, `last_name`, `created`, `updated`) VALUES (11, 'vlochea@liveinternet.ru', 'Sd27Rd', 'Vinita', 'Loche', '2016-04-27 20:28:41', '2020-12-21 22:02:45');
INSERT INTO `user` (`id`, `email`, `password`, `first_name`, `last_name`, `created`, `updated`) VALUES (12, 'lbachanskib@yandex.ru', 'WOTIVx3WCDg', 'Lorens', 'Bachanski', '2013-03-20 06:57:32', '2016-05-24 21:05:31');
INSERT INTO `user` (`id`, `email`, `password`, `first_name`, `last_name`, `created`, `updated`) VALUES (13, 'spowriec@tumblr.com', 'y3p7N2sSGe', 'Suzette', 'Powrie', '2012-02-09 09:15:10', '2018-04-16 09:30:37');
INSERT INTO `user` (`id`, `email`, `password`, `first_name`, `last_name`, `created`, `updated`) VALUES (14, 'wdulintyd@go.com', '9LtCdX', 'Windham', 'Dulinty', '2019-12-24 11:42:05', '2013-09-03 00:51:49');
INSERT INTO `user` (`id`, `email`, `password`, `first_name`, `last_name`, `created`, `updated`) VALUES (15, 'cguyone@google.cn', 'cWckOgH2YRA', 'Cris', 'Guyon', '2020-12-28 11:20:09', '2019-06-11 04:56:10');
INSERT INTO `user` (`id`, `email`, `password`, `first_name`, `last_name`, `created`, `updated`) VALUES (16, 'slandellsf@discuz.net', 'RIJoVaZ10', 'Shauna', 'Landells', '2017-12-30 19:07:47', '2021-09-22 07:54:14');
INSERT INTO `user` (`id`, `email`, `password`, `first_name`, `last_name`, `created`, `updated`) VALUES (17, 'bzavattierig@ask.com', '4srM5KEt', 'Beau', 'Zavattieri', '2012-04-16 02:00:52', '2016-11-19 18:40:19');
INSERT INTO `user` (`id`, `email`, `password`, `first_name`, `last_name`, `created`, `updated`) VALUES (18, 'ahannanh@hp.com', 'Fw5ZtMrnDE3', 'Agathe', 'Hannan', '2019-08-24 08:59:43', '2014-07-11 02:58:15');
INSERT INTO `user` (`id`, `email`, `password`, `first_name`, `last_name`, `created`, `updated`) VALUES (19, 'aduxburyi@dell.com', '95RU5j1', 'Andeee', 'Duxbury', '2017-11-04 14:14:14', '2016-12-30 10:24:22');
INSERT INTO `user` (`id`, `email`, `password`, `first_name`, `last_name`, `created`, `updated`) VALUES (20, 'lbreukelmanj@desdev.cn', 'nKLOfH', 'Lou', 'Breukelman', '2015-07-20 13:57:46', '2020-01-22 23:56:39');
INSERT INTO `user` (`id`, `email`, `password`, `first_name`, `last_name`, `created`, `updated`) VALUES (21, 'kdabelk@phpbb.com', 'FoBePuZ2uwCZ', 'Kata', 'Dabel', '2015-12-03 14:32:58', '2012-08-03 02:25:50');
INSERT INTO `user` (`id`, `email`, `password`, `first_name`, `last_name`, `created`, `updated`) VALUES (22, 'atweddlel@networksolutions.com', 'XGMiRauwmtWz', 'Anatollo', 'Tweddle', '2021-06-11 18:22:08', '2019-05-13 16:07:37');
INSERT INTO `user` (`id`, `email`, `password`, `first_name`, `last_name`, `created`, `updated`) VALUES (23, 'mbotterellm@examiner.com', 'heauzA', 'Mitchel', 'Botterell', '2018-11-07 01:40:03', '2013-02-16 01:55:52');
INSERT INTO `user` (`id`, `email`, `password`, `first_name`, `last_name`, `created`, `updated`) VALUES (24, 'kdarthn@cdbaby.com', 'gB2FKZXzN', 'Koral', 'Darth', '2012-11-13 12:37:59', '2015-08-23 14:01:14');
INSERT INTO `user` (`id`, `email`, `password`, `first_name`, `last_name`, `created`, `updated`) VALUES (25, 'iparmleyo@ihg.com', 'Ibk4cp9P4B5', 'Iver', 'Parmley', '2012-11-29 10:56:38', '2015-12-31 19:34:50');
INSERT INTO `user` (`id`, `email`, `password`, `first_name`, `last_name`, `created`, `updated`) VALUES (26, 'etackp@illinois.edu', 'K2qPulgM5', 'Elmo', 'Tack', '2021-04-07 02:14:41', '2019-10-01 19:21:35');
INSERT INTO `user` (`id`, `email`, `password`, `first_name`, `last_name`, `created`, `updated`) VALUES (27, 'aavesqueq@nydailynews.com', 'gFkriT3q6Ph', 'Alika', 'Avesque', '2014-12-15 22:05:43', '2019-04-04 02:00:56');
INSERT INTO `user` (`id`, `email`, `password`, `first_name`, `last_name`, `created`, `updated`) VALUES (28, 'acluter@cpanel.net', 'gZuJj2NJVJHP', 'Aaren', 'Clute', '2013-11-19 06:15:16', '2012-02-19 09:20:58');
INSERT INTO `user` (`id`, `email`, `password`, `first_name`, `last_name`, `created`, `updated`) VALUES (29, 'bblanchards@washingtonpost.com', 'ckJh9N2', 'Brandon', 'Blanchard', '2015-04-06 07:48:09', '2021-12-29 01:37:51');
INSERT INTO `user` (`id`, `email`, `password`, `first_name`, `last_name`, `created`, `updated`) VALUES (30, 'rfilont@sina.com.cn', 'wqN0OFSdJ', 'Rowney', 'Filon', '2013-11-08 15:27:17', '2019-02-10 05:22:27');
INSERT INTO `user` (`id`, `email`, `password`, `first_name`, `last_name`, `created`, `updated`) VALUES (31, 'kpervewu@spiegel.de', 'WIpRN1', 'Kaine', 'Pervew', '2012-09-08 14:36:10', '2021-03-19 07:47:03');
INSERT INTO `user` (`id`, `email`, `password`, `first_name`, `last_name`, `created`, `updated`) VALUES (32, 'rwaplingtonv@theglobeandmail.com', 'PtVmbJ8RnR', 'Rahal', 'Waplington', '2012-01-04 20:51:45', '2012-01-12 04:52:09');
INSERT INTO `user` (`id`, `email`, `password`, `first_name`, `last_name`, `created`, `updated`) VALUES (33, 'cmackeoghw@gov.uk', 'fAFWTV7', 'Cyndy', 'MacKeogh', '2014-01-15 22:15:25', '2014-07-25 04:34:12');
INSERT INTO `user` (`id`, `email`, `password`, `first_name`, `last_name`, `created`, `updated`) VALUES (34, 'mwaldronx@wufoo.com', '4w3i0E7hvW', 'Melissa', 'Waldron', '2013-07-10 01:18:42', '2014-11-04 13:01:27');
INSERT INTO `user` (`id`, `email`, `password`, `first_name`, `last_name`, `created`, `updated`) VALUES (35, 'czanniniy@bbc.co.uk', 'G1xSSJg', 'Charlean', 'Zannini', '2017-06-16 07:15:58', '2018-05-13 07:53:33');
INSERT INTO `user` (`id`, `email`, `password`, `first_name`, `last_name`, `created`, `updated`) VALUES (36, 'calderseyz@economist.com', 'YwqDv2', 'Christalle', 'Aldersey', '2016-11-18 14:15:44', '2021-08-30 04:20:53');
INSERT INTO `user` (`id`, `email`, `password`, `first_name`, `last_name`, `created`, `updated`) VALUES (37, 'cmillthorpe10@businessinsider.com', 'AmYhTTAs', 'Corette', 'Millthorpe', '2021-05-05 14:39:17', '2016-04-02 23:24:38');
INSERT INTO `user` (`id`, `email`, `password`, `first_name`, `last_name`, `created`, `updated`) VALUES (38, 'mlumsdon11@tiny.cc', 'AcJR4gQOG', 'Martie', 'Lumsdon', '2018-09-17 06:26:20', '2017-02-12 19:50:36');
INSERT INTO `user` (`id`, `email`, `password`, `first_name`, `last_name`, `created`, `updated`) VALUES (39, 'dblemen12@weebly.com', 'nyvCSK', 'Donna', 'Blemen', '2013-06-30 18:28:43', '2012-01-05 16:32:58');
INSERT INTO `user` (`id`, `email`, `password`, `first_name`, `last_name`, `created`, `updated`) VALUES (40, 'vbeere13@artisteer.com', '6UmF25C0YBHO', 'Verine', 'Beere', '2014-07-16 04:22:48', '2016-06-15 09:28:59');
INSERT INTO `user` (`id`, `email`, `password`, `first_name`, `last_name`, `created`, `updated`) VALUES (41, 'klehrian14@mtv.com', 'VIpNvkhI', 'Konstantin', 'Lehrian', '2017-03-01 19:10:45', '2016-11-02 04:19:31');
INSERT INTO `user` (`id`, `email`, `password`, `first_name`, `last_name`, `created`, `updated`) VALUES (42, 'alohden15@boston.com', 'OTsiM7eu', 'Ashley', 'Lohden', '2016-03-22 00:51:13', '2013-06-08 21:11:32');
INSERT INTO `user` (`id`, `email`, `password`, `first_name`, `last_name`, `created`, `updated`) VALUES (43, 'iruspine16@microsoft.com', 'Pzu78Q', 'Ingra', 'Ruspine', '2016-05-15 14:57:56', '2017-02-18 15:41:26');
INSERT INTO `user` (`id`, `email`, `password`, `first_name`, `last_name`, `created`, `updated`) VALUES (44, 'malessandrini17@behance.net', 't9fuU66MCl', 'Maurine', 'Alessandrini', '2016-05-22 06:47:19', '2016-11-15 02:05:48');
INSERT INTO `user` (`id`, `email`, `password`, `first_name`, `last_name`, `created`, `updated`) VALUES (45, 'froxbee18@wikimedia.org', 'RXPnt3', 'Franny', 'Roxbee', '2021-03-02 07:45:03', '2018-04-10 03:32:56');
INSERT INTO `user` (`id`, `email`, `password`, `first_name`, `last_name`, `created`, `updated`) VALUES (46, 'lbolding19@ifeng.com', 'XpCA4F3Ubp', 'Livvy', 'Bolding', '2012-05-20 19:15:40', '2014-12-21 12:21:28');
INSERT INTO `user` (`id`, `email`, `password`, `first_name`, `last_name`, `created`, `updated`) VALUES (47, 'phowels1a@nih.gov', 'yk8R8HOrQ6c', 'Paxton', 'Howels', '2016-01-08 01:32:28', '2021-09-01 04:34:13');
INSERT INTO `user` (`id`, `email`, `password`, `first_name`, `last_name`, `created`, `updated`) VALUES (48, 'kheibl1b@comsenz.com', 'glm0sJVWjv7', 'Klaus', 'Heibl', '2014-11-28 08:53:55', '2014-12-02 00:50:15');
INSERT INTO `user` (`id`, `email`, `password`, `first_name`, `last_name`, `created`, `updated`) VALUES (49, 'rtomasino1c@cafepress.com', 'Whi4Uu1', 'Reyna', 'Tomasino', '2016-03-18 19:48:36', '2012-01-18 06:18:06');
INSERT INTO `user` (`id`, `email`, `password`, `first_name`, `last_name`, `created`, `updated`) VALUES (50, 'sfulger1d@harvard.edu', 'KGwqex59pTBU', 'Sansone', 'Fulger', '2012-12-25 23:16:41', '2013-04-17 01:36:11');
INSERT INTO `user` (`id`, `email`, `password`, `first_name`, `last_name`, `created`, `updated`) VALUES (51, 'emcginnis1e@newsvine.com', 'cSaZZMI5', 'Erma', 'McGinnis', '2017-08-16 02:49:54', '2017-01-21 22:52:35');
INSERT INTO `user` (`id`, `email`, `password`, `first_name`, `last_name`, `created`, `updated`) VALUES (52, 'jbourrel1f@booking.com', 'Iyq48GV', 'Jerrylee', 'Bourrel', '2014-05-07 23:06:17', '2012-01-01 20:30:01');
INSERT INTO `user` (`id`, `email`, `password`, `first_name`, `last_name`, `created`, `updated`) VALUES (53, 'ilanphier1g@cbsnews.com', 'NF7MP3pE5YC', 'Ibby', 'Lanphier', '2014-04-07 01:17:41', '2012-10-19 08:23:21');
INSERT INTO `user` (`id`, `email`, `password`, `first_name`, `last_name`, `created`, `updated`) VALUES (54, 'rfarans1h@mapquest.com', 'NyaZrndqu', 'Rebeka', 'Farans', '2018-01-20 02:20:54', '2013-04-19 16:05:53');
INSERT INTO `user` (`id`, `email`, `password`, `first_name`, `last_name`, `created`, `updated`) VALUES (55, 'frubinsky1i@jigsy.com', 'C2AUOI', 'Fanchon', 'Rubinsky', '2014-03-19 14:49:56', '2017-12-30 19:44:03');
INSERT INTO `user` (`id`, `email`, `password`, `first_name`, `last_name`, `created`, `updated`) VALUES (56, 'cfaircliffe1j@indiatimes.com', 'aOYVQr', 'Cari', 'Faircliffe', '2014-02-02 14:26:47', '2013-01-23 17:52:33');
INSERT INTO `user` (`id`, `email`, `password`, `first_name`, `last_name`, `created`, `updated`) VALUES (57, 'dliley1k@last.fm', 'wbM8P24WRVP', 'Dita', 'Liley', '2018-09-24 20:17:30', '2020-05-02 03:08:48');
INSERT INTO `user` (`id`, `email`, `password`, `first_name`, `last_name`, `created`, `updated`) VALUES (58, 'lgiuron1l@rakuten.co.jp', 'O8K29i3eyYb', 'Lemar', 'Giuron', '2012-01-08 14:18:08', '2014-06-20 06:25:13');
INSERT INTO `user` (`id`, `email`, `password`, `first_name`, `last_name`, `created`, `updated`) VALUES (59, 'wwoodsford1m@telegraph.co.uk', 'sbYc32', 'Wilma', 'Woodsford', '2012-11-02 23:42:40', '2016-01-22 11:20:58');
INSERT INTO `user` (`id`, `email`, `password`, `first_name`, `last_name`, `created`, `updated`) VALUES (60, 'dlowle1n@independent.co.uk', 'cEBNN6PphHf5', 'Darby', 'Lowle', '2021-12-01 17:55:45', '2019-07-26 12:00:20');
INSERT INTO `user` (`id`, `email`, `password`, `first_name`, `last_name`, `created`, `updated`) VALUES (61, 'mscoyne1o@fda.gov', 'z1kOmk8vn', 'Mellisent', 'Scoyne', '2017-07-06 15:26:03', '2013-12-22 15:00:34');
INSERT INTO `user` (`id`, `email`, `password`, `first_name`, `last_name`, `created`, `updated`) VALUES (62, 'geldred1p@reddit.com', 'dCULT1vEe', 'Gabi', 'Eldred', '2020-03-06 19:13:55', '2020-08-09 15:06:26');
INSERT INTO `user` (`id`, `email`, `password`, `first_name`, `last_name`, `created`, `updated`) VALUES (63, 'gmcgorley1q@nba.com', 'liZOSAP', 'Gunar', 'Mc Gorley', '2014-08-01 08:10:20', '2016-09-21 09:35:58');
INSERT INTO `user` (`id`, `email`, `password`, `first_name`, `last_name`, `created`, `updated`) VALUES (64, 'aivashintsov1r@acquirethisname.com', 'VkBjAe', 'Angie', 'Ivashintsov', '2020-07-22 05:19:41', '2021-11-28 09:54:26');
INSERT INTO `user` (`id`, `email`, `password`, `first_name`, `last_name`, `created`, `updated`) VALUES (65, 'blebretondelavieuville1s@berkeley.edu', 'Wrl9Wpazu6Gu', 'Brittney', 'Le Breton De La Vieuville', '2013-05-31 12:48:17', '2016-09-17 03:17:29');
INSERT INTO `user` (`id`, `email`, `password`, `first_name`, `last_name`, `created`, `updated`) VALUES (66, 'mcrittal1t@mediafire.com', 'i9RmOupuKM', 'Meridel', 'Crittal', '2021-05-15 00:23:56', '2018-07-06 10:19:05');
INSERT INTO `user` (`id`, `email`, `password`, `first_name`, `last_name`, `created`, `updated`) VALUES (67, 'mgilliland1u@ow.ly', 'A1ZSKKr', 'Marketa', 'Gilliland', '2018-11-13 00:44:09', '2015-02-19 18:27:35');
INSERT INTO `user` (`id`, `email`, `password`, `first_name`, `last_name`, `created`, `updated`) VALUES (68, 'kmcmichan1v@examiner.com', 'aRuWCULRrT', 'Katherina', 'McMichan', '2014-01-14 08:19:04', '2020-07-11 09:38:02');
INSERT INTO `user` (`id`, `email`, `password`, `first_name`, `last_name`, `created`, `updated`) VALUES (69, 'gcadwaladr1w@sbwire.com', 'Vuan9HiPi6f', 'Gavin', 'Cadwaladr', '2021-08-24 23:27:42', '2015-10-27 14:38:04');
INSERT INTO `user` (`id`, `email`, `password`, `first_name`, `last_name`, `created`, `updated`) VALUES (70, 'djoint1x@over-blog.com', '3DKM4wI0', 'Delmer', 'Joint', '2019-05-29 07:55:33', '2021-06-28 03:39:17');
INSERT INTO `user` (`id`, `email`, `password`, `first_name`, `last_name`, `created`, `updated`) VALUES (71, 'iblethyn1y@barnesandnoble.com', 'rqUDLP37', 'Iorgo', 'Blethyn', '2012-01-20 01:59:03', '2017-11-22 03:08:07');
INSERT INTO `user` (`id`, `email`, `password`, `first_name`, `last_name`, `created`, `updated`) VALUES (72, 'wschulken1z@epa.gov', '7Rm7YYti', 'Willy', 'Schulken', '2014-08-03 14:37:00', '2019-08-08 16:10:58');
INSERT INTO `user` (`id`, `email`, `password`, `first_name`, `last_name`, `created`, `updated`) VALUES (73, 'rberens20@shutterfly.com', 'R79e1H3yJK0', 'Rollo', 'Berens', '2015-12-06 07:15:18', '2016-05-09 07:04:01');
INSERT INTO `user` (`id`, `email`, `password`, `first_name`, `last_name`, `created`, `updated`) VALUES (74, 'crowat21@mapquest.com', 'IPFVFAEaBC', 'Crin', 'Rowat', '2020-07-04 22:10:31', '2021-08-01 03:51:36');
INSERT INTO `user` (`id`, `email`, `password`, `first_name`, `last_name`, `created`, `updated`) VALUES (75, 'snewe22@sun.com', 'fjOdb13', 'Sinclair', 'Newe', '2012-02-05 21:50:41', '2018-07-06 07:10:07');
INSERT INTO `user` (`id`, `email`, `password`, `first_name`, `last_name`, `created`, `updated`) VALUES (76, 'tshmyr23@google.cn', '76nQR2Aoa', 'Tobie', 'Shmyr', '2018-07-12 08:16:12', '2015-11-02 20:47:19');
INSERT INTO `user` (`id`, `email`, `password`, `first_name`, `last_name`, `created`, `updated`) VALUES (77, 'mbeasant24@unc.edu', 'Criavlyv0S', 'Maure', 'Beasant', '2018-02-18 15:42:45', '2015-04-14 22:02:30');
INSERT INTO `user` (`id`, `email`, `password`, `first_name`, `last_name`, `created`, `updated`) VALUES (78, 'strever25@epa.gov', 'J1o1qmfMq97', 'Sasha', 'Trever', '2020-12-22 04:24:02', '2021-12-14 14:21:09');
INSERT INTO `user` (`id`, `email`, `password`, `first_name`, `last_name`, `created`, `updated`) VALUES (79, 'eboycott26@huffingtonpost.com', 'Bg55TVL18b', 'Enoch', 'Boycott', '2019-11-22 10:01:49', '2021-12-01 22:51:25');
INSERT INTO `user` (`id`, `email`, `password`, `first_name`, `last_name`, `created`, `updated`) VALUES (80, 'pcornwell27@vkontakte.ru', '4DrPUR00vjId', 'Philipa', 'Cornwell', '2019-05-13 14:18:46', '2021-08-25 23:17:32');
INSERT INTO `user` (`id`, `email`, `password`, `first_name`, `last_name`, `created`, `updated`) VALUES (81, 'egalvin28@angelfire.com', 'Woi6g0o', 'Emmey', 'Galvin', '2020-02-11 06:47:44', '2014-07-20 07:12:45');
INSERT INTO `user` (`id`, `email`, `password`, `first_name`, `last_name`, `created`, `updated`) VALUES (82, 'gmccamish29@microsoft.com', 'beCAjMD', 'Giacopo', 'McCamish', '2012-06-14 07:03:08', '2017-05-14 17:25:12');
INSERT INTO `user` (`id`, `email`, `password`, `first_name`, `last_name`, `created`, `updated`) VALUES (83, 'adeddum2a@unesco.org', 'I5tS9BT', 'Angelique', 'Deddum', '2016-05-03 09:55:19', '2017-09-02 08:43:27');
INSERT INTO `user` (`id`, `email`, `password`, `first_name`, `last_name`, `created`, `updated`) VALUES (84, 'mleyshon2b@cnn.com', 'u35DOW', 'Mireielle', 'Leyshon', '2020-12-12 18:54:06', '2014-11-09 01:38:56');
INSERT INTO `user` (`id`, `email`, `password`, `first_name`, `last_name`, `created`, `updated`) VALUES (85, 'nosment2c@chron.com', 'iW85McROX', 'Niles', 'Osment', '2015-11-15 03:02:42', '2017-11-01 13:42:55');
INSERT INTO `user` (`id`, `email`, `password`, `first_name`, `last_name`, `created`, `updated`) VALUES (86, 'kringrose2d@ox.ac.uk', 'ffU8yQOKO', 'Kermy', 'Ringrose', '2021-02-26 13:47:28', '2018-07-03 06:01:04');
INSERT INTO `user` (`id`, `email`, `password`, `first_name`, `last_name`, `created`, `updated`) VALUES (87, 'rbrandenburg2e@aboutads.info', 'IAPWiK', 'Rafaelia', 'Brandenburg', '2017-11-09 21:24:10', '2019-10-13 19:29:40');
INSERT INTO `user` (`id`, `email`, `password`, `first_name`, `last_name`, `created`, `updated`) VALUES (88, 'ksponder2f@cyberchimps.com', '4G00voQsqoFg', 'Kath', 'Sponder', '2018-10-06 04:40:44', '2020-08-08 00:16:27');
INSERT INTO `user` (`id`, `email`, `password`, `first_name`, `last_name`, `created`, `updated`) VALUES (89, 'cdibiaggi2g@hud.gov', 'mfzJMLXuA', 'Catina', 'Di Biaggi', '2017-06-21 18:45:58', '2021-11-21 11:36:49');
INSERT INTO `user` (`id`, `email`, `password`, `first_name`, `last_name`, `created`, `updated`) VALUES (90, 'fbeldam2h@illinois.edu', 'ktEZYO', 'Faunie', 'Beldam', '2012-10-20 16:02:49', '2017-01-11 00:21:12');
INSERT INTO `user` (`id`, `email`, `password`, `first_name`, `last_name`, `created`, `updated`) VALUES (91, 'eromanini2i@netlog.com', '93c7ab6', 'Erny', 'Romanini', '2014-09-25 19:52:17', '2012-09-10 08:40:20');
INSERT INTO `user` (`id`, `email`, `password`, `first_name`, `last_name`, `created`, `updated`) VALUES (92, 'mweadick2j@dion.ne.jp', '1TaMNXsf6zuM', 'Mollie', 'Weadick', '2014-11-25 19:57:59', '2016-09-06 08:20:20');
INSERT INTO `user` (`id`, `email`, `password`, `first_name`, `last_name`, `created`, `updated`) VALUES (93, 'brudwell2k@hud.gov', 'UQKLTK5ey9a', 'Brody', 'Rudwell', '2020-08-05 06:03:43', '2012-03-29 07:41:18');
INSERT INTO `user` (`id`, `email`, `password`, `first_name`, `last_name`, `created`, `updated`) VALUES (94, 'sverity2l@cisco.com', 'sYK45VKDm', 'Steffen', 'Verity', '2012-03-21 07:36:33', '2012-01-24 09:29:30');
INSERT INTO `user` (`id`, `email`, `password`, `first_name`, `last_name`, `created`, `updated`) VALUES (95, 'zert2m@amazon.com', '9qhy83sXliIu', 'Zachary', 'Ert', '2019-07-14 09:25:02', '2014-09-30 12:11:37');
INSERT INTO `user` (`id`, `email`, `password`, `first_name`, `last_name`, `created`, `updated`) VALUES (96, 'sbeche2n@timesonline.co.uk', '81lrI5cvSONv', 'Sutherlan', 'Beche', '2013-02-05 04:50:56', '2017-12-06 10:28:22');
INSERT INTO `user` (`id`, `email`, `password`, `first_name`, `last_name`, `created`, `updated`) VALUES (97, 'kgiles2o@marketwatch.com', '4C5rfEfOYET', 'Kalindi', 'Giles', '2014-03-20 21:32:05', '2018-05-23 15:05:12');
INSERT INTO `user` (`id`, `email`, `password`, `first_name`, `last_name`, `created`, `updated`) VALUES (98, 'alethbury2p@wunderground.com', 'd12mPGFHj', 'Arther', 'Lethbury', '2021-01-21 03:40:27', '2017-12-16 03:52:45');
INSERT INTO `user` (`id`, `email`, `password`, `first_name`, `last_name`, `created`, `updated`) VALUES (99, 'pstrank2q@cisco.com', 'ZUMBKRjYxRG', 'Padriac', 'Strank', '2018-09-04 10:39:36', '2014-07-14 14:02:00');
INSERT INTO `user` (`id`, `email`, `password`, `first_name`, `last_name`, `created`, `updated`) VALUES (100, 'kgerber2r@tripod.com', 'uBf9zkUTqB', 'Kevin', 'Gerber', '2012-03-24 09:34:18', '2015-11-21 07:37:03');
INSERT INTO `user` (`id`, `email`, `password`, `first_name`, `last_name`, `created`, `updated`) VALUES (101, 'todde2s@statcounter.com', 'C2KHBzf9', 'Tonia', 'Odde', '2017-08-22 00:02:10', '2019-06-01 20:12:13');
INSERT INTO `user` (`id`, `email`, `password`, `first_name`, `last_name`, `created`, `updated`) VALUES (102, 'djepson2t@ucoz.com', 'gv2tSe5i', 'Dom', 'Jepson', '2016-09-23 22:46:45', '2020-01-25 12:56:51');
INSERT INTO `user` (`id`, `email`, `password`, `first_name`, `last_name`, `created`, `updated`) VALUES (103, 'dscare2u@cisco.com', 's6naLqXyBsh6', 'Damiano', 'Scare', '2017-12-18 01:55:14', '2018-10-03 11:07:47');
INSERT INTO `user` (`id`, `email`, `password`, `first_name`, `last_name`, `created`, `updated`) VALUES (104, 'jseligson2v@usgs.gov', '0TkwO5', 'Jane', 'Seligson', '2015-07-16 13:37:26', '2021-07-22 03:27:24');
INSERT INTO `user` (`id`, `email`, `password`, `first_name`, `last_name`, `created`, `updated`) VALUES (105, 'lthickin2w@ox.ac.uk', 'rISFZB6kXXqP', 'Linoel', 'Thickin', '2019-05-22 22:56:01', '2013-09-01 03:36:27');
INSERT INTO `user` (`id`, `email`, `password`, `first_name`, `last_name`, `created`, `updated`) VALUES (106, 'mmaylin2x@exblog.jp', 'qS6UZdHyUe', 'Marcy', 'Maylin', '2016-05-23 14:20:35', '2012-11-29 20:27:14');
INSERT INTO `user` (`id`, `email`, `password`, `first_name`, `last_name`, `created`, `updated`) VALUES (107, 'ahonniebal2y@shop-pro.jp', 'J1YKEaEiAy', 'Adrien', 'Honniebal', '2013-06-29 13:47:19', '2021-08-05 11:55:56');
INSERT INTO `user` (`id`, `email`, `password`, `first_name`, `last_name`, `created`, `updated`) VALUES (108, 'bbrimming2z@seattletimes.com', 'agduDn2rM', 'Burlie', 'Brimming', '2014-04-29 16:53:45', '2021-12-13 08:52:41');
INSERT INTO `user` (`id`, `email`, `password`, `first_name`, `last_name`, `created`, `updated`) VALUES (109, 'sembleton30@cbsnews.com', 'c3ccg65', 'Sawyere', 'Embleton', '2012-09-11 22:32:47', '2016-09-10 16:59:00');
INSERT INTO `user` (`id`, `email`, `password`, `first_name`, `last_name`, `created`, `updated`) VALUES (110, 'sryrie31@zdnet.com', '1SyueWVW', 'Stanleigh', 'Ryrie', '2014-02-09 03:43:16', '2014-09-18 14:48:07');
INSERT INTO `user` (`id`, `email`, `password`, `first_name`, `last_name`, `created`, `updated`) VALUES (111, 'jattwater32@mysql.com', '8Lpr4shIupo', 'Jobey', 'Attwater', '2021-08-31 19:14:41', '2016-09-04 18:34:12');
INSERT INTO `user` (`id`, `email`, `password`, `first_name`, `last_name`, `created`, `updated`) VALUES (112, 'ssterman33@ibm.com', 'XTxPPrrpo', 'Sansone', 'Sterman', '2016-04-12 18:46:57', '2019-03-20 01:58:35');
INSERT INTO `user` (`id`, `email`, `password`, `first_name`, `last_name`, `created`, `updated`) VALUES (113, 'pjuggins34@nature.com', 'ky8hAj', 'Pamelina', 'Juggins', '2013-07-25 08:05:25', '2012-08-31 17:00:29');
INSERT INTO `user` (`id`, `email`, `password`, `first_name`, `last_name`, `created`, `updated`) VALUES (114, 'whanselmann35@indiegogo.com', 'DEJfcUCxUlk', 'Wrennie', 'Hanselmann', '2018-03-30 15:34:57', '2015-01-11 05:44:09');
INSERT INTO `user` (`id`, `email`, `password`, `first_name`, `last_name`, `created`, `updated`) VALUES (115, 'rgartell36@bing.com', 'vKTWa8UcG', 'Rois', 'Gartell', '2014-02-11 07:30:33', '2016-04-24 23:42:26');
INSERT INTO `user` (`id`, `email`, `password`, `first_name`, `last_name`, `created`, `updated`) VALUES (116, 'jshier37@slashdot.org', 'ezcVbMlHsk', 'Joshua', 'Shier', '2015-05-16 18:22:58', '2021-01-02 15:42:35');
INSERT INTO `user` (`id`, `email`, `password`, `first_name`, `last_name`, `created`, `updated`) VALUES (117, 'fbroxup38@rambler.ru', 'XdYR7Hw8j73', 'Fleur', 'Broxup', '2015-06-10 07:33:03', '2016-06-16 18:01:54');
INSERT INTO `user` (`id`, `email`, `password`, `first_name`, `last_name`, `created`, `updated`) VALUES (118, 'cpalomba39@huffingtonpost.com', 'paAfbYBPGt', 'Charley', 'Palomba', '2012-01-04 04:53:16', '2018-09-25 17:57:56');
INSERT INTO `user` (`id`, `email`, `password`, `first_name`, `last_name`, `created`, `updated`) VALUES (119, 'mvictoria3a@apache.org', 'Jetm4b', 'Mellisent', 'Victoria', '2019-01-05 21:04:46', '2021-07-05 07:10:18');
INSERT INTO `user` (`id`, `email`, `password`, `first_name`, `last_name`, `created`, `updated`) VALUES (120, 'clandy3b@cnbc.com', 'k3SWRQAUhTn', 'Claudina', 'Landy', '2021-10-22 18:48:21', '2012-05-30 04:03:12');
INSERT INTO `user` (`id`, `email`, `password`, `first_name`, `last_name`, `created`, `updated`) VALUES (121, 'arice3c@mtv.com', 'rzuJi6Kpmgda', 'Archie', 'Rice', '2021-05-05 18:24:48', '2013-05-16 04:02:15');
INSERT INTO `user` (`id`, `email`, `password`, `first_name`, `last_name`, `created`, `updated`) VALUES (122, 'amessent3d@google.es', 'wLfaeQIpfcKb', 'Avis', 'Messent', '2021-11-24 20:41:16', '2013-07-06 08:22:47');
INSERT INTO `user` (`id`, `email`, `password`, `first_name`, `last_name`, `created`, `updated`) VALUES (123, 'lhakonsson3e@oaic.gov.au', '23z5Wwjm', 'Loralie', 'Hakonsson', '2019-10-02 21:19:04', '2013-04-04 03:21:17');
INSERT INTO `user` (`id`, `email`, `password`, `first_name`, `last_name`, `created`, `updated`) VALUES (124, 'lgrier3f@bluehost.com', 'UVhIM4G', 'Lucky', 'Grier', '2018-08-18 20:04:19', '2014-05-29 21:35:28');
INSERT INTO `user` (`id`, `email`, `password`, `first_name`, `last_name`, `created`, `updated`) VALUES (125, 'dharower3g@issuu.com', '6v27mmiZNn', 'Dorothy', 'Harower', '2015-07-23 02:05:18', '2020-01-13 19:07:20');
INSERT INTO `user` (`id`, `email`, `password`, `first_name`, `last_name`, `created`, `updated`) VALUES (126, 'kgorring3h@example.com', 'rkSMiAfqAd', 'Kit', 'Gorring', '2017-03-20 04:44:45', '2018-11-07 13:42:29');
INSERT INTO `user` (`id`, `email`, `password`, `first_name`, `last_name`, `created`, `updated`) VALUES (127, 'mdupree3i@1und1.de', '49kKp09WLfcq', 'Mady', 'Dupree', '2014-06-01 05:34:02', '2019-09-26 09:07:24');
INSERT INTO `user` (`id`, `email`, `password`, `first_name`, `last_name`, `created`, `updated`) VALUES (128, 'bbarnson3j@harvard.edu', '5i5211uz0Tk', 'Beverly', 'Barnson', '2016-01-27 15:23:21', '2019-01-20 09:30:10');
INSERT INTO `user` (`id`, `email`, `password`, `first_name`, `last_name`, `created`, `updated`) VALUES (129, 'ngriswaite3k@discovery.com', 'QQznVL6K8yB', 'Nessy', 'Griswaite', '2019-07-10 15:03:15', '2017-10-19 09:36:16');
INSERT INTO `user` (`id`, `email`, `password`, `first_name`, `last_name`, `created`, `updated`) VALUES (130, 'hgrundon3l@tuttocitta.it', 'v7nCQq7H', 'Haven', 'Grundon', '2016-11-01 07:22:55', '2019-10-04 08:08:43');
INSERT INTO `user` (`id`, `email`, `password`, `first_name`, `last_name`, `created`, `updated`) VALUES (131, 'cperch3m@netvibes.com', 'fLRyxPldUNt', 'Chiquia', 'Perch', '2012-05-19 09:08:04', '2020-10-14 19:37:59');
INSERT INTO `user` (`id`, `email`, `password`, `first_name`, `last_name`, `created`, `updated`) VALUES (132, 'mhannon3n@live.com', 'qy8bTX5J', 'Mickey', 'Hannon', '2021-01-24 05:18:16', '2013-11-20 23:08:34');
INSERT INTO `user` (`id`, `email`, `password`, `first_name`, `last_name`, `created`, `updated`) VALUES (133, 'rmargeram3o@tripadvisor.com', '26k8gx72yVKW', 'Roda', 'Margeram', '2014-03-18 21:00:50', '2020-11-05 00:16:26');
INSERT INTO `user` (`id`, `email`, `password`, `first_name`, `last_name`, `created`, `updated`) VALUES (134, 'hharries3p@friendfeed.com', 'xiEIRCM80b', 'Hilary', 'Harries', '2021-03-15 05:08:01', '2012-04-30 14:34:29');
INSERT INTO `user` (`id`, `email`, `password`, `first_name`, `last_name`, `created`, `updated`) VALUES (135, 'flemonnier3q@lycos.com', 'nf1im0ke', 'Frazer', 'Le Monnier', '2016-01-31 18:50:35', '2016-11-09 22:17:08');
INSERT INTO `user` (`id`, `email`, `password`, `first_name`, `last_name`, `created`, `updated`) VALUES (136, 'eivey3r@cdbaby.com', 'GEz7Fc46U8', 'Elton', 'Ivey', '2020-12-11 14:11:42', '2021-07-22 07:30:18');
INSERT INTO `user` (`id`, `email`, `password`, `first_name`, `last_name`, `created`, `updated`) VALUES (137, 'galgar3s@omniture.com', 's70rNSr1LSx', 'Gasper', 'Algar', '2014-06-06 06:50:53', '2021-08-08 12:32:16');
INSERT INTO `user` (`id`, `email`, `password`, `first_name`, `last_name`, `created`, `updated`) VALUES (138, 'ldaviot3t@google.com.hk', 'qsAF24Nl', 'Lian', 'Daviot', '2012-08-10 00:13:09', '2016-03-22 19:48:58');
INSERT INTO `user` (`id`, `email`, `password`, `first_name`, `last_name`, `created`, `updated`) VALUES (139, 'dbreffitt3u@rakuten.co.jp', 'F5ldcyYHa', 'Doralyn', 'Breffitt', '2019-08-20 07:24:33', '2012-11-07 02:13:39');
INSERT INTO `user` (`id`, `email`, `password`, `first_name`, `last_name`, `created`, `updated`) VALUES (140, 'mteanby3v@un.org', 'txNXoGX5o', 'Malina', 'Teanby', '2015-02-26 03:38:41', '2015-07-07 06:47:36');
INSERT INTO `user` (`id`, `email`, `password`, `first_name`, `last_name`, `created`, `updated`) VALUES (141, 'lperes3w@unc.edu', '1lwPuIweH', 'Lefty', 'Peres', '2013-09-10 23:46:42', '2017-04-16 11:52:29');
INSERT INTO `user` (`id`, `email`, `password`, `first_name`, `last_name`, `created`, `updated`) VALUES (142, 'rwalkden3x@booking.com', 'ScnrsQ7NPn', 'Rog', 'Walkden', '2018-01-15 11:52:05', '2018-03-18 18:04:22');
INSERT INTO `user` (`id`, `email`, `password`, `first_name`, `last_name`, `created`, `updated`) VALUES (143, 'tcunnell3y@desdev.cn', 'V35V0Hj4', 'Tobie', 'Cunnell', '2015-12-21 14:30:44', '2021-04-17 21:03:46');
INSERT INTO `user` (`id`, `email`, `password`, `first_name`, `last_name`, `created`, `updated`) VALUES (144, 'jlightbody3z@4shared.com', 't9eDnLW3Wc', 'Jefferey', 'Lightbody', '2019-05-17 14:06:41', '2018-05-16 12:13:34');
INSERT INTO `user` (`id`, `email`, `password`, `first_name`, `last_name`, `created`, `updated`) VALUES (145, 'ppavluk40@merriam-webster.com', 'mGuf1FUmA', 'Phillida', 'Pavluk', '2014-06-21 05:51:51', '2021-05-23 19:18:55');
INSERT INTO `user` (`id`, `email`, `password`, `first_name`, `last_name`, `created`, `updated`) VALUES (146, 'rprestwich41@zimbio.com', 'eIdmrZU', 'Rahel', 'Prestwich', '2021-05-01 03:38:07', '2021-09-02 07:27:18');
INSERT INTO `user` (`id`, `email`, `password`, `first_name`, `last_name`, `created`, `updated`) VALUES (147, 'jspinney42@globo.com', 'XUxCic', 'Jenica', 'Spinney', '2014-07-16 08:05:10', '2021-12-22 23:26:40');
INSERT INTO `user` (`id`, `email`, `password`, `first_name`, `last_name`, `created`, `updated`) VALUES (148, 'asherlaw43@livejournal.com', 'owEu5vla', 'Athene', 'Sherlaw', '2012-11-09 04:15:44', '2019-02-01 05:13:20');
INSERT INTO `user` (`id`, `email`, `password`, `first_name`, `last_name`, `created`, `updated`) VALUES (149, 'pscholes44@noaa.gov', 'DE4Fa5', 'Paulina', 'Scholes', '2013-10-25 01:30:57', '2020-03-08 17:52:55');
INSERT INTO `user` (`id`, `email`, `password`, `first_name`, `last_name`, `created`, `updated`) VALUES (150, 'tolek45@wikia.com', 'Q1iyDGty0e', 'Tildy', 'Olek', '2015-09-27 05:40:47', '2013-09-23 15:00:53');

COMMIT;


-- -----------------------------------------------------
-- Data for table `user_vehicle`
-- -----------------------------------------------------
START TRANSACTION;
USE `automaticDB`;
INSERT INTO `user_vehicle` (`user_id`, `vehicle_id`) VALUES (1, 62);
INSERT INTO `user_vehicle` (`user_id`, `vehicle_id`) VALUES (2, 36);
INSERT INTO `user_vehicle` (`user_id`, `vehicle_id`) VALUES (3, 24);
INSERT INTO `user_vehicle` (`user_id`, `vehicle_id`) VALUES (4, 12);
INSERT INTO `user_vehicle` (`user_id`, `vehicle_id`) VALUES (5, 42);
INSERT INTO `user_vehicle` (`user_id`, `vehicle_id`) VALUES (6, 15);
INSERT INTO `user_vehicle` (`user_id`, `vehicle_id`) VALUES (7, 78);
INSERT INTO `user_vehicle` (`user_id`, `vehicle_id`) VALUES (8, 44);
INSERT INTO `user_vehicle` (`user_id`, `vehicle_id`) VALUES (9, 47);
INSERT INTO `user_vehicle` (`user_id`, `vehicle_id`) VALUES (10, 65);
INSERT INTO `user_vehicle` (`user_id`, `vehicle_id`) VALUES (11, 76);
INSERT INTO `user_vehicle` (`user_id`, `vehicle_id`) VALUES (12, 31);
INSERT INTO `user_vehicle` (`user_id`, `vehicle_id`) VALUES (13, 47);
INSERT INTO `user_vehicle` (`user_id`, `vehicle_id`) VALUES (14, 44);
INSERT INTO `user_vehicle` (`user_id`, `vehicle_id`) VALUES (15, 20);
INSERT INTO `user_vehicle` (`user_id`, `vehicle_id`) VALUES (16, 79);
INSERT INTO `user_vehicle` (`user_id`, `vehicle_id`) VALUES (17, 60);
INSERT INTO `user_vehicle` (`user_id`, `vehicle_id`) VALUES (18, 15);
INSERT INTO `user_vehicle` (`user_id`, `vehicle_id`) VALUES (19, 10);
INSERT INTO `user_vehicle` (`user_id`, `vehicle_id`) VALUES (20, 37);
INSERT INTO `user_vehicle` (`user_id`, `vehicle_id`) VALUES (21, 11);
INSERT INTO `user_vehicle` (`user_id`, `vehicle_id`) VALUES (22, 26);
INSERT INTO `user_vehicle` (`user_id`, `vehicle_id`) VALUES (23, 41);
INSERT INTO `user_vehicle` (`user_id`, `vehicle_id`) VALUES (24, 44);
INSERT INTO `user_vehicle` (`user_id`, `vehicle_id`) VALUES (25, 8);
INSERT INTO `user_vehicle` (`user_id`, `vehicle_id`) VALUES (26, 74);
INSERT INTO `user_vehicle` (`user_id`, `vehicle_id`) VALUES (27, 61);
INSERT INTO `user_vehicle` (`user_id`, `vehicle_id`) VALUES (28, 42);
INSERT INTO `user_vehicle` (`user_id`, `vehicle_id`) VALUES (29, 95);
INSERT INTO `user_vehicle` (`user_id`, `vehicle_id`) VALUES (30, 26);
INSERT INTO `user_vehicle` (`user_id`, `vehicle_id`) VALUES (31, 34);
INSERT INTO `user_vehicle` (`user_id`, `vehicle_id`) VALUES (32, 17);
INSERT INTO `user_vehicle` (`user_id`, `vehicle_id`) VALUES (33, 54);
INSERT INTO `user_vehicle` (`user_id`, `vehicle_id`) VALUES (34, 42);
INSERT INTO `user_vehicle` (`user_id`, `vehicle_id`) VALUES (35, 66);
INSERT INTO `user_vehicle` (`user_id`, `vehicle_id`) VALUES (36, 80);
INSERT INTO `user_vehicle` (`user_id`, `vehicle_id`) VALUES (37, 30);
INSERT INTO `user_vehicle` (`user_id`, `vehicle_id`) VALUES (38, 7);
INSERT INTO `user_vehicle` (`user_id`, `vehicle_id`) VALUES (39, 37);
INSERT INTO `user_vehicle` (`user_id`, `vehicle_id`) VALUES (40, 65);
INSERT INTO `user_vehicle` (`user_id`, `vehicle_id`) VALUES (41, 13);
INSERT INTO `user_vehicle` (`user_id`, `vehicle_id`) VALUES (42, 28);
INSERT INTO `user_vehicle` (`user_id`, `vehicle_id`) VALUES (43, 81);
INSERT INTO `user_vehicle` (`user_id`, `vehicle_id`) VALUES (44, 53);
INSERT INTO `user_vehicle` (`user_id`, `vehicle_id`) VALUES (45, 56);
INSERT INTO `user_vehicle` (`user_id`, `vehicle_id`) VALUES (46, 51);
INSERT INTO `user_vehicle` (`user_id`, `vehicle_id`) VALUES (47, 20);
INSERT INTO `user_vehicle` (`user_id`, `vehicle_id`) VALUES (48, 69);
INSERT INTO `user_vehicle` (`user_id`, `vehicle_id`) VALUES (49, 26);
INSERT INTO `user_vehicle` (`user_id`, `vehicle_id`) VALUES (50, 53);
INSERT INTO `user_vehicle` (`user_id`, `vehicle_id`) VALUES (51, 13);
INSERT INTO `user_vehicle` (`user_id`, `vehicle_id`) VALUES (52, 53);
INSERT INTO `user_vehicle` (`user_id`, `vehicle_id`) VALUES (53, 40);
INSERT INTO `user_vehicle` (`user_id`, `vehicle_id`) VALUES (54, 21);
INSERT INTO `user_vehicle` (`user_id`, `vehicle_id`) VALUES (55, 44);
INSERT INTO `user_vehicle` (`user_id`, `vehicle_id`) VALUES (56, 50);
INSERT INTO `user_vehicle` (`user_id`, `vehicle_id`) VALUES (57, 86);
INSERT INTO `user_vehicle` (`user_id`, `vehicle_id`) VALUES (58, 5);
INSERT INTO `user_vehicle` (`user_id`, `vehicle_id`) VALUES (59, 6);
INSERT INTO `user_vehicle` (`user_id`, `vehicle_id`) VALUES (60, 51);
INSERT INTO `user_vehicle` (`user_id`, `vehicle_id`) VALUES (61, 43);
INSERT INTO `user_vehicle` (`user_id`, `vehicle_id`) VALUES (62, 11);
INSERT INTO `user_vehicle` (`user_id`, `vehicle_id`) VALUES (63, 49);
INSERT INTO `user_vehicle` (`user_id`, `vehicle_id`) VALUES (64, 1);
INSERT INTO `user_vehicle` (`user_id`, `vehicle_id`) VALUES (65, 77);
INSERT INTO `user_vehicle` (`user_id`, `vehicle_id`) VALUES (66, 88);
INSERT INTO `user_vehicle` (`user_id`, `vehicle_id`) VALUES (67, 52);
INSERT INTO `user_vehicle` (`user_id`, `vehicle_id`) VALUES (68, 77);
INSERT INTO `user_vehicle` (`user_id`, `vehicle_id`) VALUES (69, 15);
INSERT INTO `user_vehicle` (`user_id`, `vehicle_id`) VALUES (70, 13);
INSERT INTO `user_vehicle` (`user_id`, `vehicle_id`) VALUES (71, 100);
INSERT INTO `user_vehicle` (`user_id`, `vehicle_id`) VALUES (72, 6);
INSERT INTO `user_vehicle` (`user_id`, `vehicle_id`) VALUES (73, 9);
INSERT INTO `user_vehicle` (`user_id`, `vehicle_id`) VALUES (74, 21);
INSERT INTO `user_vehicle` (`user_id`, `vehicle_id`) VALUES (75, 7);
INSERT INTO `user_vehicle` (`user_id`, `vehicle_id`) VALUES (76, 39);
INSERT INTO `user_vehicle` (`user_id`, `vehicle_id`) VALUES (77, 70);
INSERT INTO `user_vehicle` (`user_id`, `vehicle_id`) VALUES (78, 80);
INSERT INTO `user_vehicle` (`user_id`, `vehicle_id`) VALUES (79, 3);
INSERT INTO `user_vehicle` (`user_id`, `vehicle_id`) VALUES (80, 31);
INSERT INTO `user_vehicle` (`user_id`, `vehicle_id`) VALUES (81, 82);
INSERT INTO `user_vehicle` (`user_id`, `vehicle_id`) VALUES (82, 7);
INSERT INTO `user_vehicle` (`user_id`, `vehicle_id`) VALUES (83, 59);
INSERT INTO `user_vehicle` (`user_id`, `vehicle_id`) VALUES (84, 46);
INSERT INTO `user_vehicle` (`user_id`, `vehicle_id`) VALUES (85, 34);
INSERT INTO `user_vehicle` (`user_id`, `vehicle_id`) VALUES (86, 7);
INSERT INTO `user_vehicle` (`user_id`, `vehicle_id`) VALUES (87, 65);
INSERT INTO `user_vehicle` (`user_id`, `vehicle_id`) VALUES (88, 53);
INSERT INTO `user_vehicle` (`user_id`, `vehicle_id`) VALUES (89, 28);
INSERT INTO `user_vehicle` (`user_id`, `vehicle_id`) VALUES (90, 99);
INSERT INTO `user_vehicle` (`user_id`, `vehicle_id`) VALUES (91, 61);
INSERT INTO `user_vehicle` (`user_id`, `vehicle_id`) VALUES (92, 52);
INSERT INTO `user_vehicle` (`user_id`, `vehicle_id`) VALUES (93, 43);
INSERT INTO `user_vehicle` (`user_id`, `vehicle_id`) VALUES (94, 3);
INSERT INTO `user_vehicle` (`user_id`, `vehicle_id`) VALUES (95, 64);
INSERT INTO `user_vehicle` (`user_id`, `vehicle_id`) VALUES (96, 70);
INSERT INTO `user_vehicle` (`user_id`, `vehicle_id`) VALUES (97, 73);
INSERT INTO `user_vehicle` (`user_id`, `vehicle_id`) VALUES (98, 35);
INSERT INTO `user_vehicle` (`user_id`, `vehicle_id`) VALUES (99, 3);
INSERT INTO `user_vehicle` (`user_id`, `vehicle_id`) VALUES (100, 3);
INSERT INTO `user_vehicle` (`user_id`, `vehicle_id`) VALUES (101, 66);
INSERT INTO `user_vehicle` (`user_id`, `vehicle_id`) VALUES (102, 20);
INSERT INTO `user_vehicle` (`user_id`, `vehicle_id`) VALUES (103, 33);
INSERT INTO `user_vehicle` (`user_id`, `vehicle_id`) VALUES (104, 91);
INSERT INTO `user_vehicle` (`user_id`, `vehicle_id`) VALUES (105, 1);
INSERT INTO `user_vehicle` (`user_id`, `vehicle_id`) VALUES (106, 24);
INSERT INTO `user_vehicle` (`user_id`, `vehicle_id`) VALUES (107, 63);
INSERT INTO `user_vehicle` (`user_id`, `vehicle_id`) VALUES (108, 6);
INSERT INTO `user_vehicle` (`user_id`, `vehicle_id`) VALUES (109, 26);
INSERT INTO `user_vehicle` (`user_id`, `vehicle_id`) VALUES (110, 3);
INSERT INTO `user_vehicle` (`user_id`, `vehicle_id`) VALUES (111, 96);
INSERT INTO `user_vehicle` (`user_id`, `vehicle_id`) VALUES (112, 37);
INSERT INTO `user_vehicle` (`user_id`, `vehicle_id`) VALUES (113, 83);
INSERT INTO `user_vehicle` (`user_id`, `vehicle_id`) VALUES (114, 10);
INSERT INTO `user_vehicle` (`user_id`, `vehicle_id`) VALUES (115, 53);
INSERT INTO `user_vehicle` (`user_id`, `vehicle_id`) VALUES (116, 21);
INSERT INTO `user_vehicle` (`user_id`, `vehicle_id`) VALUES (117, 17);
INSERT INTO `user_vehicle` (`user_id`, `vehicle_id`) VALUES (118, 47);
INSERT INTO `user_vehicle` (`user_id`, `vehicle_id`) VALUES (119, 36);
INSERT INTO `user_vehicle` (`user_id`, `vehicle_id`) VALUES (120, 27);
INSERT INTO `user_vehicle` (`user_id`, `vehicle_id`) VALUES (121, 58);
INSERT INTO `user_vehicle` (`user_id`, `vehicle_id`) VALUES (122, 27);
INSERT INTO `user_vehicle` (`user_id`, `vehicle_id`) VALUES (123, 7);
INSERT INTO `user_vehicle` (`user_id`, `vehicle_id`) VALUES (124, 23);
INSERT INTO `user_vehicle` (`user_id`, `vehicle_id`) VALUES (125, 26);
INSERT INTO `user_vehicle` (`user_id`, `vehicle_id`) VALUES (126, 30);
INSERT INTO `user_vehicle` (`user_id`, `vehicle_id`) VALUES (127, 50);
INSERT INTO `user_vehicle` (`user_id`, `vehicle_id`) VALUES (128, 83);
INSERT INTO `user_vehicle` (`user_id`, `vehicle_id`) VALUES (129, 72);
INSERT INTO `user_vehicle` (`user_id`, `vehicle_id`) VALUES (130, 74);
INSERT INTO `user_vehicle` (`user_id`, `vehicle_id`) VALUES (131, 42);
INSERT INTO `user_vehicle` (`user_id`, `vehicle_id`) VALUES (132, 73);
INSERT INTO `user_vehicle` (`user_id`, `vehicle_id`) VALUES (133, 10);
INSERT INTO `user_vehicle` (`user_id`, `vehicle_id`) VALUES (134, 56);
INSERT INTO `user_vehicle` (`user_id`, `vehicle_id`) VALUES (135, 44);
INSERT INTO `user_vehicle` (`user_id`, `vehicle_id`) VALUES (136, 48);
INSERT INTO `user_vehicle` (`user_id`, `vehicle_id`) VALUES (137, 93);
INSERT INTO `user_vehicle` (`user_id`, `vehicle_id`) VALUES (138, 93);
INSERT INTO `user_vehicle` (`user_id`, `vehicle_id`) VALUES (139, 31);
INSERT INTO `user_vehicle` (`user_id`, `vehicle_id`) VALUES (140, 13);
INSERT INTO `user_vehicle` (`user_id`, `vehicle_id`) VALUES (141, 86);
INSERT INTO `user_vehicle` (`user_id`, `vehicle_id`) VALUES (142, 10);
INSERT INTO `user_vehicle` (`user_id`, `vehicle_id`) VALUES (143, 7);
INSERT INTO `user_vehicle` (`user_id`, `vehicle_id`) VALUES (144, 84);
INSERT INTO `user_vehicle` (`user_id`, `vehicle_id`) VALUES (145, 28);
INSERT INTO `user_vehicle` (`user_id`, `vehicle_id`) VALUES (146, 16);
INSERT INTO `user_vehicle` (`user_id`, `vehicle_id`) VALUES (147, 84);
INSERT INTO `user_vehicle` (`user_id`, `vehicle_id`) VALUES (148, 1);
INSERT INTO `user_vehicle` (`user_id`, `vehicle_id`) VALUES (149, 49);
INSERT INTO `user_vehicle` (`user_id`, `vehicle_id`) VALUES (150, 47);

COMMIT;


-- -----------------------------------------------------
-- Data for table `repair_shop`
-- -----------------------------------------------------
START TRANSACTION;
USE `automaticDB`;
INSERT INTO `repair_shop` (`id`, `name`, `location`, `phone_number`, `created`) VALUES (1, 'Meevee', '65647 Algoma Lane', '(285) 6545998', '2020-10-11 15:42:29');
INSERT INTO `repair_shop` (`id`, `name`, `location`, `phone_number`, `created`) VALUES (2, 'Yacero', '389 Huxley Parkway', '(312) 6232657', '2021-03-23 10:20:11');
INSERT INTO `repair_shop` (`id`, `name`, `location`, `phone_number`, `created`) VALUES (3, 'Mybuzz', '0 Kenwood Crossing', '(478) 2832518', '2017-07-04 00:30:57');
INSERT INTO `repair_shop` (`id`, `name`, `location`, `phone_number`, `created`) VALUES (4, 'Linkbridge', '0 Kenwood Alley', '(105) 9792731', '2017-02-18 03:14:06');
INSERT INTO `repair_shop` (`id`, `name`, `location`, `phone_number`, `created`) VALUES (5, 'Blogpad', '74183 New Castle Plaza', '(551) 7753539', '2020-08-06 10:23:54');
INSERT INTO `repair_shop` (`id`, `name`, `location`, `phone_number`, `created`) VALUES (6, 'Gabvine', '846 Buell Drive', '(651) 1033930', '2015-05-29 19:22:56');
INSERT INTO `repair_shop` (`id`, `name`, `location`, `phone_number`, `created`) VALUES (7, 'Tagopia', '165 Ruskin Junction', '(473) 4737553', '2021-09-27 09:36:04');
INSERT INTO `repair_shop` (`id`, `name`, `location`, `phone_number`, `created`) VALUES (8, 'Vidoo', '6036 Esker Park', '(978) 9690100', '2021-12-19 07:05:22');
INSERT INTO `repair_shop` (`id`, `name`, `location`, `phone_number`, `created`) VALUES (9, 'Innotype', '01851 Prairieview Plaza', '(690) 5555915', '2013-12-07 15:32:37');
INSERT INTO `repair_shop` (`id`, `name`, `location`, `phone_number`, `created`) VALUES (10, 'Skyndu', '97557 Kensington Avenue', '(535) 9128563', '2013-06-06 09:26:00');

COMMIT;


-- -----------------------------------------------------
-- Data for table `technician`
-- -----------------------------------------------------
START TRANSACTION;
USE `automaticDB`;
INSERT INTO `technician` (`id`, `first_name`, `last_name`, `created`, `shop_id`) VALUES (1, 'Gertie', 'Pietrowicz', '2018-03-23 11:58:38', 9);
INSERT INTO `technician` (`id`, `first_name`, `last_name`, `created`, `shop_id`) VALUES (2, 'Vin', 'Hazeldean', '2018-06-11 00:13:16', 1);
INSERT INTO `technician` (`id`, `first_name`, `last_name`, `created`, `shop_id`) VALUES (3, 'Shayla', 'Cyphus', '2021-10-23 08:22:40', 2);
INSERT INTO `technician` (`id`, `first_name`, `last_name`, `created`, `shop_id`) VALUES (4, 'Karry', 'Yousef', '2016-03-17 04:05:47', 8);
INSERT INTO `technician` (`id`, `first_name`, `last_name`, `created`, `shop_id`) VALUES (5, 'Courtney', 'Forrester', '2015-09-18 18:32:12', 2);
INSERT INTO `technician` (`id`, `first_name`, `last_name`, `created`, `shop_id`) VALUES (6, 'Josepha', 'Ingray', '2016-06-29 07:20:50', 5);
INSERT INTO `technician` (`id`, `first_name`, `last_name`, `created`, `shop_id`) VALUES (7, 'Spenser', 'Kohrs', '2016-06-08 18:43:00', 6);
INSERT INTO `technician` (`id`, `first_name`, `last_name`, `created`, `shop_id`) VALUES (8, 'Shadow', 'Cisneros', '2013-04-20 00:34:48', 6);
INSERT INTO `technician` (`id`, `first_name`, `last_name`, `created`, `shop_id`) VALUES (9, 'Kariotta', 'Piggot', '2020-02-02 20:12:44', 7);
INSERT INTO `technician` (`id`, `first_name`, `last_name`, `created`, `shop_id`) VALUES (10, 'Philippe', 'Chippendale', '2020-05-28 20:48:38', 4);
INSERT INTO `technician` (`id`, `first_name`, `last_name`, `created`, `shop_id`) VALUES (11, 'Leeann', 'Hotton', '2021-01-29 14:31:25', 7);
INSERT INTO `technician` (`id`, `first_name`, `last_name`, `created`, `shop_id`) VALUES (12, 'Horatio', 'Egell', '2018-07-13 17:59:57', 3);
INSERT INTO `technician` (`id`, `first_name`, `last_name`, `created`, `shop_id`) VALUES (13, 'Caritta', 'Jacmard', '2020-01-07 19:44:26', 2);
INSERT INTO `technician` (`id`, `first_name`, `last_name`, `created`, `shop_id`) VALUES (14, 'Lesley', 'De Bruijn', '2015-01-11 11:50:08', 3);
INSERT INTO `technician` (`id`, `first_name`, `last_name`, `created`, `shop_id`) VALUES (15, 'Nannette', 'Avramovic', '2017-07-07 01:07:27', 3);
INSERT INTO `technician` (`id`, `first_name`, `last_name`, `created`, `shop_id`) VALUES (16, 'Jarid', 'Frangleton', '2019-07-24 09:39:52', 7);
INSERT INTO `technician` (`id`, `first_name`, `last_name`, `created`, `shop_id`) VALUES (17, 'Gunner', 'Birdwhistle', '2013-02-06 12:41:34', 5);
INSERT INTO `technician` (`id`, `first_name`, `last_name`, `created`, `shop_id`) VALUES (18, 'Caroline', 'Steventon', '2012-05-10 10:18:24', 6);
INSERT INTO `technician` (`id`, `first_name`, `last_name`, `created`, `shop_id`) VALUES (19, 'Gavrielle', 'Forkan', '2013-08-28 14:29:38', 2);
INSERT INTO `technician` (`id`, `first_name`, `last_name`, `created`, `shop_id`) VALUES (20, 'Deeann', 'Lemmers', '2012-04-02 08:42:09', 1);
INSERT INTO `technician` (`id`, `first_name`, `last_name`, `created`, `shop_id`) VALUES (21, 'Denny', 'Bartke', '2012-10-12 10:21:32', 7);
INSERT INTO `technician` (`id`, `first_name`, `last_name`, `created`, `shop_id`) VALUES (22, 'Cory', 'Filipczynski', '2020-06-20 03:33:09', 4);
INSERT INTO `technician` (`id`, `first_name`, `last_name`, `created`, `shop_id`) VALUES (23, 'Constantine', 'Wadmore', '2014-09-30 03:26:43', 3);
INSERT INTO `technician` (`id`, `first_name`, `last_name`, `created`, `shop_id`) VALUES (24, 'Sherman', 'Lewendon', '2014-01-08 22:37:45', 6);
INSERT INTO `technician` (`id`, `first_name`, `last_name`, `created`, `shop_id`) VALUES (25, 'Francoise', 'Witchalls', '2014-08-17 03:04:13', 2);
INSERT INTO `technician` (`id`, `first_name`, `last_name`, `created`, `shop_id`) VALUES (26, 'Jean', 'Cleere', '2020-04-21 05:14:57', 1);
INSERT INTO `technician` (`id`, `first_name`, `last_name`, `created`, `shop_id`) VALUES (27, 'Fabiano', 'Clyde', '2015-08-25 19:40:12', 4);
INSERT INTO `technician` (`id`, `first_name`, `last_name`, `created`, `shop_id`) VALUES (28, 'Stefa', 'Bradman', '2013-03-12 23:56:23', 4);
INSERT INTO `technician` (`id`, `first_name`, `last_name`, `created`, `shop_id`) VALUES (29, 'Harrietta', 'Ebben', '2014-09-19 04:00:33', 3);
INSERT INTO `technician` (`id`, `first_name`, `last_name`, `created`, `shop_id`) VALUES (30, 'Sinclare', 'Cashman', '2016-05-10 12:16:58', 6);
INSERT INTO `technician` (`id`, `first_name`, `last_name`, `created`, `shop_id`) VALUES (31, 'Evaleen', 'Mullarkey', '2014-05-02 22:03:01', 8);
INSERT INTO `technician` (`id`, `first_name`, `last_name`, `created`, `shop_id`) VALUES (32, 'Isabelita', 'Luff', '2014-02-10 12:11:37', 4);
INSERT INTO `technician` (`id`, `first_name`, `last_name`, `created`, `shop_id`) VALUES (33, 'Tess', 'Coverly', '2020-11-29 15:09:25', 9);
INSERT INTO `technician` (`id`, `first_name`, `last_name`, `created`, `shop_id`) VALUES (34, 'Nanete', 'Sandercock', '2019-11-30 02:05:27', 8);
INSERT INTO `technician` (`id`, `first_name`, `last_name`, `created`, `shop_id`) VALUES (35, 'Maressa', 'Ferrand', '2018-01-16 18:17:54', 8);
INSERT INTO `technician` (`id`, `first_name`, `last_name`, `created`, `shop_id`) VALUES (36, 'Sammy', 'Smales', '2013-06-14 08:30:15', 4);
INSERT INTO `technician` (`id`, `first_name`, `last_name`, `created`, `shop_id`) VALUES (37, 'Broderick', 'Lillegard', '2021-06-27 14:15:27', 4);
INSERT INTO `technician` (`id`, `first_name`, `last_name`, `created`, `shop_id`) VALUES (38, 'Berkeley', 'Raymont', '2012-02-08 04:48:49', 6);
INSERT INTO `technician` (`id`, `first_name`, `last_name`, `created`, `shop_id`) VALUES (39, 'Mellisa', 'Grellier', '2012-07-27 21:53:22', 10);
INSERT INTO `technician` (`id`, `first_name`, `last_name`, `created`, `shop_id`) VALUES (40, 'Nessi', 'Fairpo', '2018-09-28 05:29:55', 9);

COMMIT;


-- -----------------------------------------------------
-- Data for table `service_location`
-- -----------------------------------------------------
START TRANSACTION;
USE `automaticDB`;
INSERT INTO `service_location` (`service_id`, `repair_shop_id`) VALUES (1, 9);
INSERT INTO `service_location` (`service_id`, `repair_shop_id`) VALUES (2, 3);
INSERT INTO `service_location` (`service_id`, `repair_shop_id`) VALUES (3, 5);
INSERT INTO `service_location` (`service_id`, `repair_shop_id`) VALUES (4, 7);
INSERT INTO `service_location` (`service_id`, `repair_shop_id`) VALUES (5, 10);
INSERT INTO `service_location` (`service_id`, `repair_shop_id`) VALUES (6, 2);
INSERT INTO `service_location` (`service_id`, `repair_shop_id`) VALUES (7, 10);
INSERT INTO `service_location` (`service_id`, `repair_shop_id`) VALUES (8, 10);
INSERT INTO `service_location` (`service_id`, `repair_shop_id`) VALUES (9, 8);
INSERT INTO `service_location` (`service_id`, `repair_shop_id`) VALUES (10, 2);
INSERT INTO `service_location` (`service_id`, `repair_shop_id`) VALUES (11, 2);
INSERT INTO `service_location` (`service_id`, `repair_shop_id`) VALUES (12, 7);
INSERT INTO `service_location` (`service_id`, `repair_shop_id`) VALUES (13, 6);
INSERT INTO `service_location` (`service_id`, `repair_shop_id`) VALUES (14, 4);
INSERT INTO `service_location` (`service_id`, `repair_shop_id`) VALUES (15, 5);
INSERT INTO `service_location` (`service_id`, `repair_shop_id`) VALUES (16, 9);
INSERT INTO `service_location` (`service_id`, `repair_shop_id`) VALUES (17, 6);
INSERT INTO `service_location` (`service_id`, `repair_shop_id`) VALUES (18, 9);
INSERT INTO `service_location` (`service_id`, `repair_shop_id`) VALUES (19, 9);
INSERT INTO `service_location` (`service_id`, `repair_shop_id`) VALUES (20, 9);
INSERT INTO `service_location` (`service_id`, `repair_shop_id`) VALUES (21, 1);
INSERT INTO `service_location` (`service_id`, `repair_shop_id`) VALUES (22, 7);
INSERT INTO `service_location` (`service_id`, `repair_shop_id`) VALUES (23, 9);
INSERT INTO `service_location` (`service_id`, `repair_shop_id`) VALUES (24, 7);
INSERT INTO `service_location` (`service_id`, `repair_shop_id`) VALUES (25, 4);
INSERT INTO `service_location` (`service_id`, `repair_shop_id`) VALUES (26, 1);
INSERT INTO `service_location` (`service_id`, `repair_shop_id`) VALUES (27, 6);
INSERT INTO `service_location` (`service_id`, `repair_shop_id`) VALUES (28, 1);
INSERT INTO `service_location` (`service_id`, `repair_shop_id`) VALUES (29, 10);
INSERT INTO `service_location` (`service_id`, `repair_shop_id`) VALUES (30, 3);
INSERT INTO `service_location` (`service_id`, `repair_shop_id`) VALUES (31, 8);
INSERT INTO `service_location` (`service_id`, `repair_shop_id`) VALUES (32, 2);
INSERT INTO `service_location` (`service_id`, `repair_shop_id`) VALUES (33, 3);
INSERT INTO `service_location` (`service_id`, `repair_shop_id`) VALUES (34, 7);
INSERT INTO `service_location` (`service_id`, `repair_shop_id`) VALUES (35, 6);
INSERT INTO `service_location` (`service_id`, `repair_shop_id`) VALUES (36, 4);
INSERT INTO `service_location` (`service_id`, `repair_shop_id`) VALUES (37, 6);
INSERT INTO `service_location` (`service_id`, `repair_shop_id`) VALUES (38, 3);
INSERT INTO `service_location` (`service_id`, `repair_shop_id`) VALUES (39, 9);
INSERT INTO `service_location` (`service_id`, `repair_shop_id`) VALUES (40, 3);
INSERT INTO `service_location` (`service_id`, `repair_shop_id`) VALUES (41, 1);
INSERT INTO `service_location` (`service_id`, `repair_shop_id`) VALUES (42, 6);
INSERT INTO `service_location` (`service_id`, `repair_shop_id`) VALUES (43, 1);
INSERT INTO `service_location` (`service_id`, `repair_shop_id`) VALUES (44, 9);
INSERT INTO `service_location` (`service_id`, `repair_shop_id`) VALUES (45, 3);
INSERT INTO `service_location` (`service_id`, `repair_shop_id`) VALUES (46, 2);
INSERT INTO `service_location` (`service_id`, `repair_shop_id`) VALUES (47, 6);
INSERT INTO `service_location` (`service_id`, `repair_shop_id`) VALUES (48, 2);
INSERT INTO `service_location` (`service_id`, `repair_shop_id`) VALUES (49, 7);
INSERT INTO `service_location` (`service_id`, `repair_shop_id`) VALUES (50, 10);
INSERT INTO `service_location` (`service_id`, `repair_shop_id`) VALUES (51, 2);
INSERT INTO `service_location` (`service_id`, `repair_shop_id`) VALUES (52, 1);
INSERT INTO `service_location` (`service_id`, `repair_shop_id`) VALUES (53, 3);
INSERT INTO `service_location` (`service_id`, `repair_shop_id`) VALUES (54, 10);
INSERT INTO `service_location` (`service_id`, `repair_shop_id`) VALUES (55, 4);
INSERT INTO `service_location` (`service_id`, `repair_shop_id`) VALUES (56, 9);
INSERT INTO `service_location` (`service_id`, `repair_shop_id`) VALUES (57, 10);
INSERT INTO `service_location` (`service_id`, `repair_shop_id`) VALUES (58, 8);
INSERT INTO `service_location` (`service_id`, `repair_shop_id`) VALUES (59, 6);
INSERT INTO `service_location` (`service_id`, `repair_shop_id`) VALUES (60, 1);
INSERT INTO `service_location` (`service_id`, `repair_shop_id`) VALUES (61, 8);
INSERT INTO `service_location` (`service_id`, `repair_shop_id`) VALUES (62, 1);
INSERT INTO `service_location` (`service_id`, `repair_shop_id`) VALUES (63, 8);
INSERT INTO `service_location` (`service_id`, `repair_shop_id`) VALUES (64, 6);
INSERT INTO `service_location` (`service_id`, `repair_shop_id`) VALUES (65, 5);
INSERT INTO `service_location` (`service_id`, `repair_shop_id`) VALUES (66, 2);
INSERT INTO `service_location` (`service_id`, `repair_shop_id`) VALUES (67, 3);
INSERT INTO `service_location` (`service_id`, `repair_shop_id`) VALUES (68, 6);
INSERT INTO `service_location` (`service_id`, `repair_shop_id`) VALUES (69, 1);
INSERT INTO `service_location` (`service_id`, `repair_shop_id`) VALUES (70, 7);
INSERT INTO `service_location` (`service_id`, `repair_shop_id`) VALUES (71, 9);
INSERT INTO `service_location` (`service_id`, `repair_shop_id`) VALUES (72, 10);
INSERT INTO `service_location` (`service_id`, `repair_shop_id`) VALUES (73, 10);
INSERT INTO `service_location` (`service_id`, `repair_shop_id`) VALUES (74, 6);
INSERT INTO `service_location` (`service_id`, `repair_shop_id`) VALUES (75, 8);
INSERT INTO `service_location` (`service_id`, `repair_shop_id`) VALUES (76, 5);
INSERT INTO `service_location` (`service_id`, `repair_shop_id`) VALUES (77, 8);
INSERT INTO `service_location` (`service_id`, `repair_shop_id`) VALUES (78, 2);
INSERT INTO `service_location` (`service_id`, `repair_shop_id`) VALUES (79, 7);
INSERT INTO `service_location` (`service_id`, `repair_shop_id`) VALUES (80, 5);
INSERT INTO `service_location` (`service_id`, `repair_shop_id`) VALUES (81, 6);
INSERT INTO `service_location` (`service_id`, `repair_shop_id`) VALUES (82, 9);
INSERT INTO `service_location` (`service_id`, `repair_shop_id`) VALUES (83, 6);
INSERT INTO `service_location` (`service_id`, `repair_shop_id`) VALUES (84, 5);
INSERT INTO `service_location` (`service_id`, `repair_shop_id`) VALUES (85, 6);
INSERT INTO `service_location` (`service_id`, `repair_shop_id`) VALUES (86, 3);
INSERT INTO `service_location` (`service_id`, `repair_shop_id`) VALUES (87, 7);
INSERT INTO `service_location` (`service_id`, `repair_shop_id`) VALUES (88, 7);
INSERT INTO `service_location` (`service_id`, `repair_shop_id`) VALUES (89, 5);
INSERT INTO `service_location` (`service_id`, `repair_shop_id`) VALUES (90, 9);
INSERT INTO `service_location` (`service_id`, `repair_shop_id`) VALUES (91, 2);
INSERT INTO `service_location` (`service_id`, `repair_shop_id`) VALUES (92, 2);
INSERT INTO `service_location` (`service_id`, `repair_shop_id`) VALUES (93, 9);
INSERT INTO `service_location` (`service_id`, `repair_shop_id`) VALUES (94, 2);
INSERT INTO `service_location` (`service_id`, `repair_shop_id`) VALUES (95, 3);
INSERT INTO `service_location` (`service_id`, `repair_shop_id`) VALUES (96, 5);
INSERT INTO `service_location` (`service_id`, `repair_shop_id`) VALUES (97, 5);
INSERT INTO `service_location` (`service_id`, `repair_shop_id`) VALUES (98, 4);
INSERT INTO `service_location` (`service_id`, `repair_shop_id`) VALUES (99, 7);
INSERT INTO `service_location` (`service_id`, `repair_shop_id`) VALUES (100, 3);
INSERT INTO `service_location` (`service_id`, `repair_shop_id`) VALUES (101, 10);
INSERT INTO `service_location` (`service_id`, `repair_shop_id`) VALUES (102, 8);
INSERT INTO `service_location` (`service_id`, `repair_shop_id`) VALUES (103, 8);
INSERT INTO `service_location` (`service_id`, `repair_shop_id`) VALUES (104, 4);
INSERT INTO `service_location` (`service_id`, `repair_shop_id`) VALUES (105, 1);
INSERT INTO `service_location` (`service_id`, `repair_shop_id`) VALUES (106, 5);
INSERT INTO `service_location` (`service_id`, `repair_shop_id`) VALUES (107, 8);
INSERT INTO `service_location` (`service_id`, `repair_shop_id`) VALUES (108, 7);
INSERT INTO `service_location` (`service_id`, `repair_shop_id`) VALUES (109, 5);
INSERT INTO `service_location` (`service_id`, `repair_shop_id`) VALUES (110, 10);
INSERT INTO `service_location` (`service_id`, `repair_shop_id`) VALUES (111, 10);
INSERT INTO `service_location` (`service_id`, `repair_shop_id`) VALUES (112, 8);
INSERT INTO `service_location` (`service_id`, `repair_shop_id`) VALUES (113, 9);
INSERT INTO `service_location` (`service_id`, `repair_shop_id`) VALUES (114, 5);
INSERT INTO `service_location` (`service_id`, `repair_shop_id`) VALUES (115, 2);
INSERT INTO `service_location` (`service_id`, `repair_shop_id`) VALUES (116, 7);
INSERT INTO `service_location` (`service_id`, `repair_shop_id`) VALUES (117, 4);
INSERT INTO `service_location` (`service_id`, `repair_shop_id`) VALUES (118, 1);
INSERT INTO `service_location` (`service_id`, `repair_shop_id`) VALUES (119, 1);
INSERT INTO `service_location` (`service_id`, `repair_shop_id`) VALUES (120, 2);
INSERT INTO `service_location` (`service_id`, `repair_shop_id`) VALUES (121, 3);
INSERT INTO `service_location` (`service_id`, `repair_shop_id`) VALUES (122, 9);
INSERT INTO `service_location` (`service_id`, `repair_shop_id`) VALUES (123, 2);
INSERT INTO `service_location` (`service_id`, `repair_shop_id`) VALUES (124, 1);
INSERT INTO `service_location` (`service_id`, `repair_shop_id`) VALUES (125, 9);
INSERT INTO `service_location` (`service_id`, `repair_shop_id`) VALUES (126, 10);
INSERT INTO `service_location` (`service_id`, `repair_shop_id`) VALUES (127, 10);
INSERT INTO `service_location` (`service_id`, `repair_shop_id`) VALUES (128, 9);
INSERT INTO `service_location` (`service_id`, `repair_shop_id`) VALUES (129, 5);
INSERT INTO `service_location` (`service_id`, `repair_shop_id`) VALUES (130, 1);
INSERT INTO `service_location` (`service_id`, `repair_shop_id`) VALUES (131, 3);
INSERT INTO `service_location` (`service_id`, `repair_shop_id`) VALUES (132, 7);
INSERT INTO `service_location` (`service_id`, `repair_shop_id`) VALUES (133, 5);
INSERT INTO `service_location` (`service_id`, `repair_shop_id`) VALUES (134, 5);
INSERT INTO `service_location` (`service_id`, `repair_shop_id`) VALUES (135, 7);
INSERT INTO `service_location` (`service_id`, `repair_shop_id`) VALUES (136, 5);
INSERT INTO `service_location` (`service_id`, `repair_shop_id`) VALUES (137, 7);
INSERT INTO `service_location` (`service_id`, `repair_shop_id`) VALUES (138, 9);
INSERT INTO `service_location` (`service_id`, `repair_shop_id`) VALUES (139, 7);
INSERT INTO `service_location` (`service_id`, `repair_shop_id`) VALUES (140, 1);
INSERT INTO `service_location` (`service_id`, `repair_shop_id`) VALUES (141, 4);
INSERT INTO `service_location` (`service_id`, `repair_shop_id`) VALUES (142, 9);
INSERT INTO `service_location` (`service_id`, `repair_shop_id`) VALUES (143, 8);
INSERT INTO `service_location` (`service_id`, `repair_shop_id`) VALUES (144, 1);
INSERT INTO `service_location` (`service_id`, `repair_shop_id`) VALUES (145, 5);
INSERT INTO `service_location` (`service_id`, `repair_shop_id`) VALUES (146, 5);
INSERT INTO `service_location` (`service_id`, `repair_shop_id`) VALUES (147, 5);
INSERT INTO `service_location` (`service_id`, `repair_shop_id`) VALUES (148, 3);
INSERT INTO `service_location` (`service_id`, `repair_shop_id`) VALUES (149, 1);
INSERT INTO `service_location` (`service_id`, `repair_shop_id`) VALUES (150, 4);
INSERT INTO `service_location` (`service_id`, `repair_shop_id`) VALUES (151, 7);
INSERT INTO `service_location` (`service_id`, `repair_shop_id`) VALUES (152, 1);
INSERT INTO `service_location` (`service_id`, `repair_shop_id`) VALUES (153, 4);
INSERT INTO `service_location` (`service_id`, `repair_shop_id`) VALUES (154, 7);
INSERT INTO `service_location` (`service_id`, `repair_shop_id`) VALUES (155, 5);
INSERT INTO `service_location` (`service_id`, `repair_shop_id`) VALUES (156, 8);
INSERT INTO `service_location` (`service_id`, `repair_shop_id`) VALUES (157, 1);
INSERT INTO `service_location` (`service_id`, `repair_shop_id`) VALUES (158, 6);
INSERT INTO `service_location` (`service_id`, `repair_shop_id`) VALUES (159, 9);
INSERT INTO `service_location` (`service_id`, `repair_shop_id`) VALUES (160, 9);
INSERT INTO `service_location` (`service_id`, `repair_shop_id`) VALUES (161, 6);
INSERT INTO `service_location` (`service_id`, `repair_shop_id`) VALUES (162, 5);
INSERT INTO `service_location` (`service_id`, `repair_shop_id`) VALUES (163, 1);
INSERT INTO `service_location` (`service_id`, `repair_shop_id`) VALUES (164, 9);
INSERT INTO `service_location` (`service_id`, `repair_shop_id`) VALUES (165, 3);
INSERT INTO `service_location` (`service_id`, `repair_shop_id`) VALUES (166, 4);
INSERT INTO `service_location` (`service_id`, `repair_shop_id`) VALUES (167, 3);
INSERT INTO `service_location` (`service_id`, `repair_shop_id`) VALUES (168, 9);
INSERT INTO `service_location` (`service_id`, `repair_shop_id`) VALUES (169, 2);
INSERT INTO `service_location` (`service_id`, `repair_shop_id`) VALUES (170, 1);
INSERT INTO `service_location` (`service_id`, `repair_shop_id`) VALUES (171, 10);
INSERT INTO `service_location` (`service_id`, `repair_shop_id`) VALUES (172, 3);
INSERT INTO `service_location` (`service_id`, `repair_shop_id`) VALUES (173, 6);
INSERT INTO `service_location` (`service_id`, `repair_shop_id`) VALUES (174, 7);
INSERT INTO `service_location` (`service_id`, `repair_shop_id`) VALUES (175, 8);
INSERT INTO `service_location` (`service_id`, `repair_shop_id`) VALUES (176, 6);
INSERT INTO `service_location` (`service_id`, `repair_shop_id`) VALUES (177, 9);
INSERT INTO `service_location` (`service_id`, `repair_shop_id`) VALUES (178, 6);
INSERT INTO `service_location` (`service_id`, `repair_shop_id`) VALUES (179, 1);
INSERT INTO `service_location` (`service_id`, `repair_shop_id`) VALUES (180, 4);
INSERT INTO `service_location` (`service_id`, `repair_shop_id`) VALUES (181, 10);
INSERT INTO `service_location` (`service_id`, `repair_shop_id`) VALUES (182, 2);
INSERT INTO `service_location` (`service_id`, `repair_shop_id`) VALUES (183, 6);
INSERT INTO `service_location` (`service_id`, `repair_shop_id`) VALUES (184, 3);
INSERT INTO `service_location` (`service_id`, `repair_shop_id`) VALUES (185, 6);
INSERT INTO `service_location` (`service_id`, `repair_shop_id`) VALUES (186, 5);
INSERT INTO `service_location` (`service_id`, `repair_shop_id`) VALUES (187, 6);
INSERT INTO `service_location` (`service_id`, `repair_shop_id`) VALUES (188, 6);
INSERT INTO `service_location` (`service_id`, `repair_shop_id`) VALUES (189, 4);
INSERT INTO `service_location` (`service_id`, `repair_shop_id`) VALUES (190, 2);
INSERT INTO `service_location` (`service_id`, `repair_shop_id`) VALUES (191, 1);
INSERT INTO `service_location` (`service_id`, `repair_shop_id`) VALUES (192, 1);
INSERT INTO `service_location` (`service_id`, `repair_shop_id`) VALUES (193, 2);
INSERT INTO `service_location` (`service_id`, `repair_shop_id`) VALUES (194, 1);
INSERT INTO `service_location` (`service_id`, `repair_shop_id`) VALUES (195, 1);
INSERT INTO `service_location` (`service_id`, `repair_shop_id`) VALUES (196, 10);
INSERT INTO `service_location` (`service_id`, `repair_shop_id`) VALUES (197, 7);
INSERT INTO `service_location` (`service_id`, `repair_shop_id`) VALUES (198, 3);
INSERT INTO `service_location` (`service_id`, `repair_shop_id`) VALUES (199, 9);
INSERT INTO `service_location` (`service_id`, `repair_shop_id`) VALUES (200, 6);
INSERT INTO `service_location` (`service_id`, `repair_shop_id`) VALUES (201, 2);
INSERT INTO `service_location` (`service_id`, `repair_shop_id`) VALUES (202, 3);
INSERT INTO `service_location` (`service_id`, `repair_shop_id`) VALUES (203, 4);
INSERT INTO `service_location` (`service_id`, `repair_shop_id`) VALUES (204, 4);
INSERT INTO `service_location` (`service_id`, `repair_shop_id`) VALUES (205, 8);
INSERT INTO `service_location` (`service_id`, `repair_shop_id`) VALUES (206, 4);
INSERT INTO `service_location` (`service_id`, `repair_shop_id`) VALUES (207, 5);
INSERT INTO `service_location` (`service_id`, `repair_shop_id`) VALUES (208, 1);
INSERT INTO `service_location` (`service_id`, `repair_shop_id`) VALUES (209, 9);
INSERT INTO `service_location` (`service_id`, `repair_shop_id`) VALUES (210, 5);
INSERT INTO `service_location` (`service_id`, `repair_shop_id`) VALUES (211, 3);
INSERT INTO `service_location` (`service_id`, `repair_shop_id`) VALUES (212, 10);
INSERT INTO `service_location` (`service_id`, `repair_shop_id`) VALUES (213, 8);
INSERT INTO `service_location` (`service_id`, `repair_shop_id`) VALUES (214, 10);
INSERT INTO `service_location` (`service_id`, `repair_shop_id`) VALUES (215, 2);
INSERT INTO `service_location` (`service_id`, `repair_shop_id`) VALUES (216, 2);
INSERT INTO `service_location` (`service_id`, `repair_shop_id`) VALUES (217, 4);
INSERT INTO `service_location` (`service_id`, `repair_shop_id`) VALUES (218, 7);
INSERT INTO `service_location` (`service_id`, `repair_shop_id`) VALUES (219, 3);
INSERT INTO `service_location` (`service_id`, `repair_shop_id`) VALUES (220, 5);
INSERT INTO `service_location` (`service_id`, `repair_shop_id`) VALUES (221, 7);
INSERT INTO `service_location` (`service_id`, `repair_shop_id`) VALUES (222, 4);
INSERT INTO `service_location` (`service_id`, `repair_shop_id`) VALUES (223, 3);
INSERT INTO `service_location` (`service_id`, `repair_shop_id`) VALUES (224, 6);
INSERT INTO `service_location` (`service_id`, `repair_shop_id`) VALUES (225, 3);
INSERT INTO `service_location` (`service_id`, `repair_shop_id`) VALUES (226, 6);
INSERT INTO `service_location` (`service_id`, `repair_shop_id`) VALUES (227, 3);
INSERT INTO `service_location` (`service_id`, `repair_shop_id`) VALUES (228, 2);
INSERT INTO `service_location` (`service_id`, `repair_shop_id`) VALUES (229, 3);
INSERT INTO `service_location` (`service_id`, `repair_shop_id`) VALUES (230, 7);
INSERT INTO `service_location` (`service_id`, `repair_shop_id`) VALUES (231, 5);
INSERT INTO `service_location` (`service_id`, `repair_shop_id`) VALUES (232, 3);
INSERT INTO `service_location` (`service_id`, `repair_shop_id`) VALUES (233, 8);
INSERT INTO `service_location` (`service_id`, `repair_shop_id`) VALUES (234, 6);
INSERT INTO `service_location` (`service_id`, `repair_shop_id`) VALUES (235, 5);
INSERT INTO `service_location` (`service_id`, `repair_shop_id`) VALUES (236, 4);
INSERT INTO `service_location` (`service_id`, `repair_shop_id`) VALUES (237, 3);
INSERT INTO `service_location` (`service_id`, `repair_shop_id`) VALUES (238, 4);
INSERT INTO `service_location` (`service_id`, `repair_shop_id`) VALUES (239, 9);
INSERT INTO `service_location` (`service_id`, `repair_shop_id`) VALUES (240, 3);
INSERT INTO `service_location` (`service_id`, `repair_shop_id`) VALUES (241, 7);
INSERT INTO `service_location` (`service_id`, `repair_shop_id`) VALUES (242, 4);
INSERT INTO `service_location` (`service_id`, `repair_shop_id`) VALUES (243, 1);
INSERT INTO `service_location` (`service_id`, `repair_shop_id`) VALUES (244, 4);
INSERT INTO `service_location` (`service_id`, `repair_shop_id`) VALUES (245, 8);
INSERT INTO `service_location` (`service_id`, `repair_shop_id`) VALUES (246, 1);
INSERT INTO `service_location` (`service_id`, `repair_shop_id`) VALUES (247, 5);
INSERT INTO `service_location` (`service_id`, `repair_shop_id`) VALUES (248, 10);
INSERT INTO `service_location` (`service_id`, `repair_shop_id`) VALUES (249, 5);
INSERT INTO `service_location` (`service_id`, `repair_shop_id`) VALUES (250, 6);
INSERT INTO `service_location` (`service_id`, `repair_shop_id`) VALUES (251, 6);
INSERT INTO `service_location` (`service_id`, `repair_shop_id`) VALUES (252, 6);
INSERT INTO `service_location` (`service_id`, `repair_shop_id`) VALUES (253, 5);
INSERT INTO `service_location` (`service_id`, `repair_shop_id`) VALUES (254, 2);
INSERT INTO `service_location` (`service_id`, `repair_shop_id`) VALUES (255, 6);
INSERT INTO `service_location` (`service_id`, `repair_shop_id`) VALUES (256, 4);
INSERT INTO `service_location` (`service_id`, `repair_shop_id`) VALUES (257, 7);
INSERT INTO `service_location` (`service_id`, `repair_shop_id`) VALUES (258, 4);
INSERT INTO `service_location` (`service_id`, `repair_shop_id`) VALUES (259, 9);
INSERT INTO `service_location` (`service_id`, `repair_shop_id`) VALUES (260, 8);
INSERT INTO `service_location` (`service_id`, `repair_shop_id`) VALUES (261, 2);
INSERT INTO `service_location` (`service_id`, `repair_shop_id`) VALUES (262, 10);
INSERT INTO `service_location` (`service_id`, `repair_shop_id`) VALUES (263, 7);
INSERT INTO `service_location` (`service_id`, `repair_shop_id`) VALUES (264, 8);
INSERT INTO `service_location` (`service_id`, `repair_shop_id`) VALUES (265, 8);
INSERT INTO `service_location` (`service_id`, `repair_shop_id`) VALUES (266, 1);
INSERT INTO `service_location` (`service_id`, `repair_shop_id`) VALUES (267, 4);
INSERT INTO `service_location` (`service_id`, `repair_shop_id`) VALUES (268, 8);
INSERT INTO `service_location` (`service_id`, `repair_shop_id`) VALUES (269, 6);
INSERT INTO `service_location` (`service_id`, `repair_shop_id`) VALUES (270, 8);
INSERT INTO `service_location` (`service_id`, `repair_shop_id`) VALUES (271, 3);
INSERT INTO `service_location` (`service_id`, `repair_shop_id`) VALUES (272, 10);
INSERT INTO `service_location` (`service_id`, `repair_shop_id`) VALUES (273, 8);
INSERT INTO `service_location` (`service_id`, `repair_shop_id`) VALUES (274, 2);
INSERT INTO `service_location` (`service_id`, `repair_shop_id`) VALUES (275, 8);
INSERT INTO `service_location` (`service_id`, `repair_shop_id`) VALUES (276, 9);
INSERT INTO `service_location` (`service_id`, `repair_shop_id`) VALUES (277, 9);
INSERT INTO `service_location` (`service_id`, `repair_shop_id`) VALUES (278, 7);
INSERT INTO `service_location` (`service_id`, `repair_shop_id`) VALUES (279, 5);
INSERT INTO `service_location` (`service_id`, `repair_shop_id`) VALUES (280, 4);
INSERT INTO `service_location` (`service_id`, `repair_shop_id`) VALUES (281, 9);
INSERT INTO `service_location` (`service_id`, `repair_shop_id`) VALUES (282, 10);
INSERT INTO `service_location` (`service_id`, `repair_shop_id`) VALUES (283, 6);
INSERT INTO `service_location` (`service_id`, `repair_shop_id`) VALUES (284, 9);
INSERT INTO `service_location` (`service_id`, `repair_shop_id`) VALUES (285, 9);
INSERT INTO `service_location` (`service_id`, `repair_shop_id`) VALUES (286, 9);
INSERT INTO `service_location` (`service_id`, `repair_shop_id`) VALUES (287, 6);
INSERT INTO `service_location` (`service_id`, `repair_shop_id`) VALUES (288, 3);
INSERT INTO `service_location` (`service_id`, `repair_shop_id`) VALUES (289, 3);
INSERT INTO `service_location` (`service_id`, `repair_shop_id`) VALUES (290, 7);
INSERT INTO `service_location` (`service_id`, `repair_shop_id`) VALUES (291, 1);
INSERT INTO `service_location` (`service_id`, `repair_shop_id`) VALUES (292, 2);
INSERT INTO `service_location` (`service_id`, `repair_shop_id`) VALUES (293, 1);
INSERT INTO `service_location` (`service_id`, `repair_shop_id`) VALUES (294, 2);
INSERT INTO `service_location` (`service_id`, `repair_shop_id`) VALUES (295, 9);
INSERT INTO `service_location` (`service_id`, `repair_shop_id`) VALUES (296, 2);
INSERT INTO `service_location` (`service_id`, `repair_shop_id`) VALUES (297, 1);
INSERT INTO `service_location` (`service_id`, `repair_shop_id`) VALUES (298, 7);
INSERT INTO `service_location` (`service_id`, `repair_shop_id`) VALUES (299, 8);
INSERT INTO `service_location` (`service_id`, `repair_shop_id`) VALUES (300, 10);
INSERT INTO `service_location` (`service_id`, `repair_shop_id`) VALUES (301, 8);
INSERT INTO `service_location` (`service_id`, `repair_shop_id`) VALUES (302, 2);
INSERT INTO `service_location` (`service_id`, `repair_shop_id`) VALUES (303, 3);
INSERT INTO `service_location` (`service_id`, `repair_shop_id`) VALUES (304, 5);
INSERT INTO `service_location` (`service_id`, `repair_shop_id`) VALUES (305, 4);
INSERT INTO `service_location` (`service_id`, `repair_shop_id`) VALUES (306, 8);
INSERT INTO `service_location` (`service_id`, `repair_shop_id`) VALUES (307, 2);
INSERT INTO `service_location` (`service_id`, `repair_shop_id`) VALUES (308, 5);
INSERT INTO `service_location` (`service_id`, `repair_shop_id`) VALUES (309, 10);
INSERT INTO `service_location` (`service_id`, `repair_shop_id`) VALUES (310, 5);
INSERT INTO `service_location` (`service_id`, `repair_shop_id`) VALUES (311, 7);
INSERT INTO `service_location` (`service_id`, `repair_shop_id`) VALUES (312, 5);
INSERT INTO `service_location` (`service_id`, `repair_shop_id`) VALUES (313, 6);
INSERT INTO `service_location` (`service_id`, `repair_shop_id`) VALUES (314, 1);
INSERT INTO `service_location` (`service_id`, `repair_shop_id`) VALUES (315, 9);
INSERT INTO `service_location` (`service_id`, `repair_shop_id`) VALUES (316, 10);
INSERT INTO `service_location` (`service_id`, `repair_shop_id`) VALUES (317, 10);
INSERT INTO `service_location` (`service_id`, `repair_shop_id`) VALUES (318, 9);
INSERT INTO `service_location` (`service_id`, `repair_shop_id`) VALUES (319, 7);
INSERT INTO `service_location` (`service_id`, `repair_shop_id`) VALUES (320, 9);
INSERT INTO `service_location` (`service_id`, `repair_shop_id`) VALUES (321, 8);
INSERT INTO `service_location` (`service_id`, `repair_shop_id`) VALUES (322, 10);
INSERT INTO `service_location` (`service_id`, `repair_shop_id`) VALUES (323, 6);
INSERT INTO `service_location` (`service_id`, `repair_shop_id`) VALUES (324, 3);
INSERT INTO `service_location` (`service_id`, `repair_shop_id`) VALUES (325, 4);
INSERT INTO `service_location` (`service_id`, `repair_shop_id`) VALUES (326, 10);
INSERT INTO `service_location` (`service_id`, `repair_shop_id`) VALUES (327, 4);
INSERT INTO `service_location` (`service_id`, `repair_shop_id`) VALUES (328, 5);
INSERT INTO `service_location` (`service_id`, `repair_shop_id`) VALUES (329, 7);
INSERT INTO `service_location` (`service_id`, `repair_shop_id`) VALUES (330, 6);
INSERT INTO `service_location` (`service_id`, `repair_shop_id`) VALUES (331, 1);
INSERT INTO `service_location` (`service_id`, `repair_shop_id`) VALUES (332, 2);
INSERT INTO `service_location` (`service_id`, `repair_shop_id`) VALUES (333, 1);
INSERT INTO `service_location` (`service_id`, `repair_shop_id`) VALUES (334, 3);
INSERT INTO `service_location` (`service_id`, `repair_shop_id`) VALUES (335, 10);
INSERT INTO `service_location` (`service_id`, `repair_shop_id`) VALUES (336, 7);
INSERT INTO `service_location` (`service_id`, `repair_shop_id`) VALUES (337, 4);
INSERT INTO `service_location` (`service_id`, `repair_shop_id`) VALUES (338, 2);
INSERT INTO `service_location` (`service_id`, `repair_shop_id`) VALUES (339, 7);
INSERT INTO `service_location` (`service_id`, `repair_shop_id`) VALUES (340, 7);
INSERT INTO `service_location` (`service_id`, `repair_shop_id`) VALUES (341, 9);
INSERT INTO `service_location` (`service_id`, `repair_shop_id`) VALUES (342, 1);
INSERT INTO `service_location` (`service_id`, `repair_shop_id`) VALUES (343, 1);
INSERT INTO `service_location` (`service_id`, `repair_shop_id`) VALUES (344, 10);
INSERT INTO `service_location` (`service_id`, `repair_shop_id`) VALUES (345, 6);
INSERT INTO `service_location` (`service_id`, `repair_shop_id`) VALUES (346, 6);
INSERT INTO `service_location` (`service_id`, `repair_shop_id`) VALUES (347, 1);
INSERT INTO `service_location` (`service_id`, `repair_shop_id`) VALUES (348, 10);
INSERT INTO `service_location` (`service_id`, `repair_shop_id`) VALUES (349, 5);
INSERT INTO `service_location` (`service_id`, `repair_shop_id`) VALUES (350, 8);
INSERT INTO `service_location` (`service_id`, `repair_shop_id`) VALUES (351, 8);
INSERT INTO `service_location` (`service_id`, `repair_shop_id`) VALUES (352, 10);
INSERT INTO `service_location` (`service_id`, `repair_shop_id`) VALUES (353, 7);
INSERT INTO `service_location` (`service_id`, `repair_shop_id`) VALUES (354, 3);
INSERT INTO `service_location` (`service_id`, `repair_shop_id`) VALUES (355, 9);
INSERT INTO `service_location` (`service_id`, `repair_shop_id`) VALUES (356, 10);
INSERT INTO `service_location` (`service_id`, `repair_shop_id`) VALUES (357, 4);
INSERT INTO `service_location` (`service_id`, `repair_shop_id`) VALUES (358, 7);
INSERT INTO `service_location` (`service_id`, `repair_shop_id`) VALUES (359, 9);
INSERT INTO `service_location` (`service_id`, `repair_shop_id`) VALUES (360, 10);
INSERT INTO `service_location` (`service_id`, `repair_shop_id`) VALUES (361, 5);
INSERT INTO `service_location` (`service_id`, `repair_shop_id`) VALUES (362, 1);
INSERT INTO `service_location` (`service_id`, `repair_shop_id`) VALUES (363, 8);
INSERT INTO `service_location` (`service_id`, `repair_shop_id`) VALUES (364, 4);
INSERT INTO `service_location` (`service_id`, `repair_shop_id`) VALUES (365, 10);
INSERT INTO `service_location` (`service_id`, `repair_shop_id`) VALUES (366, 3);
INSERT INTO `service_location` (`service_id`, `repair_shop_id`) VALUES (367, 1);
INSERT INTO `service_location` (`service_id`, `repair_shop_id`) VALUES (368, 5);
INSERT INTO `service_location` (`service_id`, `repair_shop_id`) VALUES (369, 9);
INSERT INTO `service_location` (`service_id`, `repair_shop_id`) VALUES (370, 8);
INSERT INTO `service_location` (`service_id`, `repair_shop_id`) VALUES (371, 10);
INSERT INTO `service_location` (`service_id`, `repair_shop_id`) VALUES (372, 9);
INSERT INTO `service_location` (`service_id`, `repair_shop_id`) VALUES (373, 1);
INSERT INTO `service_location` (`service_id`, `repair_shop_id`) VALUES (374, 2);
INSERT INTO `service_location` (`service_id`, `repair_shop_id`) VALUES (375, 2);
INSERT INTO `service_location` (`service_id`, `repair_shop_id`) VALUES (376, 9);
INSERT INTO `service_location` (`service_id`, `repair_shop_id`) VALUES (377, 2);
INSERT INTO `service_location` (`service_id`, `repair_shop_id`) VALUES (378, 4);
INSERT INTO `service_location` (`service_id`, `repair_shop_id`) VALUES (379, 9);
INSERT INTO `service_location` (`service_id`, `repair_shop_id`) VALUES (380, 2);
INSERT INTO `service_location` (`service_id`, `repair_shop_id`) VALUES (381, 2);
INSERT INTO `service_location` (`service_id`, `repair_shop_id`) VALUES (382, 1);
INSERT INTO `service_location` (`service_id`, `repair_shop_id`) VALUES (383, 8);
INSERT INTO `service_location` (`service_id`, `repair_shop_id`) VALUES (384, 7);
INSERT INTO `service_location` (`service_id`, `repair_shop_id`) VALUES (385, 9);
INSERT INTO `service_location` (`service_id`, `repair_shop_id`) VALUES (386, 6);
INSERT INTO `service_location` (`service_id`, `repair_shop_id`) VALUES (387, 10);
INSERT INTO `service_location` (`service_id`, `repair_shop_id`) VALUES (388, 10);
INSERT INTO `service_location` (`service_id`, `repair_shop_id`) VALUES (389, 2);
INSERT INTO `service_location` (`service_id`, `repair_shop_id`) VALUES (390, 5);
INSERT INTO `service_location` (`service_id`, `repair_shop_id`) VALUES (391, 9);
INSERT INTO `service_location` (`service_id`, `repair_shop_id`) VALUES (392, 2);
INSERT INTO `service_location` (`service_id`, `repair_shop_id`) VALUES (393, 7);
INSERT INTO `service_location` (`service_id`, `repair_shop_id`) VALUES (394, 8);
INSERT INTO `service_location` (`service_id`, `repair_shop_id`) VALUES (395, 9);
INSERT INTO `service_location` (`service_id`, `repair_shop_id`) VALUES (396, 5);
INSERT INTO `service_location` (`service_id`, `repair_shop_id`) VALUES (397, 4);
INSERT INTO `service_location` (`service_id`, `repair_shop_id`) VALUES (398, 2);
INSERT INTO `service_location` (`service_id`, `repair_shop_id`) VALUES (399, 5);
INSERT INTO `service_location` (`service_id`, `repair_shop_id`) VALUES (400, 2);
INSERT INTO `service_location` (`service_id`, `repair_shop_id`) VALUES (401, 10);
INSERT INTO `service_location` (`service_id`, `repair_shop_id`) VALUES (402, 7);
INSERT INTO `service_location` (`service_id`, `repair_shop_id`) VALUES (403, 7);
INSERT INTO `service_location` (`service_id`, `repair_shop_id`) VALUES (404, 8);
INSERT INTO `service_location` (`service_id`, `repair_shop_id`) VALUES (405, 2);
INSERT INTO `service_location` (`service_id`, `repair_shop_id`) VALUES (406, 10);
INSERT INTO `service_location` (`service_id`, `repair_shop_id`) VALUES (407, 2);
INSERT INTO `service_location` (`service_id`, `repair_shop_id`) VALUES (408, 4);
INSERT INTO `service_location` (`service_id`, `repair_shop_id`) VALUES (409, 1);
INSERT INTO `service_location` (`service_id`, `repair_shop_id`) VALUES (410, 10);
INSERT INTO `service_location` (`service_id`, `repair_shop_id`) VALUES (411, 10);
INSERT INTO `service_location` (`service_id`, `repair_shop_id`) VALUES (412, 10);
INSERT INTO `service_location` (`service_id`, `repair_shop_id`) VALUES (413, 8);
INSERT INTO `service_location` (`service_id`, `repair_shop_id`) VALUES (414, 5);
INSERT INTO `service_location` (`service_id`, `repair_shop_id`) VALUES (415, 9);
INSERT INTO `service_location` (`service_id`, `repair_shop_id`) VALUES (416, 8);
INSERT INTO `service_location` (`service_id`, `repair_shop_id`) VALUES (417, 4);
INSERT INTO `service_location` (`service_id`, `repair_shop_id`) VALUES (418, 8);
INSERT INTO `service_location` (`service_id`, `repair_shop_id`) VALUES (419, 4);
INSERT INTO `service_location` (`service_id`, `repair_shop_id`) VALUES (420, 10);
INSERT INTO `service_location` (`service_id`, `repair_shop_id`) VALUES (421, 9);
INSERT INTO `service_location` (`service_id`, `repair_shop_id`) VALUES (422, 2);
INSERT INTO `service_location` (`service_id`, `repair_shop_id`) VALUES (423, 5);
INSERT INTO `service_location` (`service_id`, `repair_shop_id`) VALUES (424, 1);
INSERT INTO `service_location` (`service_id`, `repair_shop_id`) VALUES (425, 1);
INSERT INTO `service_location` (`service_id`, `repair_shop_id`) VALUES (426, 6);
INSERT INTO `service_location` (`service_id`, `repair_shop_id`) VALUES (427, 5);
INSERT INTO `service_location` (`service_id`, `repair_shop_id`) VALUES (428, 8);
INSERT INTO `service_location` (`service_id`, `repair_shop_id`) VALUES (429, 10);
INSERT INTO `service_location` (`service_id`, `repair_shop_id`) VALUES (430, 8);
INSERT INTO `service_location` (`service_id`, `repair_shop_id`) VALUES (431, 4);
INSERT INTO `service_location` (`service_id`, `repair_shop_id`) VALUES (432, 3);
INSERT INTO `service_location` (`service_id`, `repair_shop_id`) VALUES (433, 1);
INSERT INTO `service_location` (`service_id`, `repair_shop_id`) VALUES (434, 10);
INSERT INTO `service_location` (`service_id`, `repair_shop_id`) VALUES (435, 4);
INSERT INTO `service_location` (`service_id`, `repair_shop_id`) VALUES (436, 9);
INSERT INTO `service_location` (`service_id`, `repair_shop_id`) VALUES (437, 7);
INSERT INTO `service_location` (`service_id`, `repair_shop_id`) VALUES (438, 1);
INSERT INTO `service_location` (`service_id`, `repair_shop_id`) VALUES (439, 10);
INSERT INTO `service_location` (`service_id`, `repair_shop_id`) VALUES (440, 6);
INSERT INTO `service_location` (`service_id`, `repair_shop_id`) VALUES (441, 8);
INSERT INTO `service_location` (`service_id`, `repair_shop_id`) VALUES (442, 10);
INSERT INTO `service_location` (`service_id`, `repair_shop_id`) VALUES (443, 9);
INSERT INTO `service_location` (`service_id`, `repair_shop_id`) VALUES (444, 3);
INSERT INTO `service_location` (`service_id`, `repair_shop_id`) VALUES (445, 4);
INSERT INTO `service_location` (`service_id`, `repair_shop_id`) VALUES (446, 4);
INSERT INTO `service_location` (`service_id`, `repair_shop_id`) VALUES (447, 7);
INSERT INTO `service_location` (`service_id`, `repair_shop_id`) VALUES (448, 7);
INSERT INTO `service_location` (`service_id`, `repair_shop_id`) VALUES (449, 10);
INSERT INTO `service_location` (`service_id`, `repair_shop_id`) VALUES (450, 5);
INSERT INTO `service_location` (`service_id`, `repair_shop_id`) VALUES (451, 4);
INSERT INTO `service_location` (`service_id`, `repair_shop_id`) VALUES (452, 7);
INSERT INTO `service_location` (`service_id`, `repair_shop_id`) VALUES (453, 3);
INSERT INTO `service_location` (`service_id`, `repair_shop_id`) VALUES (454, 7);
INSERT INTO `service_location` (`service_id`, `repair_shop_id`) VALUES (455, 10);
INSERT INTO `service_location` (`service_id`, `repair_shop_id`) VALUES (456, 6);
INSERT INTO `service_location` (`service_id`, `repair_shop_id`) VALUES (457, 6);
INSERT INTO `service_location` (`service_id`, `repair_shop_id`) VALUES (458, 3);
INSERT INTO `service_location` (`service_id`, `repair_shop_id`) VALUES (459, 8);
INSERT INTO `service_location` (`service_id`, `repair_shop_id`) VALUES (460, 5);
INSERT INTO `service_location` (`service_id`, `repair_shop_id`) VALUES (461, 2);
INSERT INTO `service_location` (`service_id`, `repair_shop_id`) VALUES (462, 3);
INSERT INTO `service_location` (`service_id`, `repair_shop_id`) VALUES (463, 4);
INSERT INTO `service_location` (`service_id`, `repair_shop_id`) VALUES (464, 1);
INSERT INTO `service_location` (`service_id`, `repair_shop_id`) VALUES (465, 8);
INSERT INTO `service_location` (`service_id`, `repair_shop_id`) VALUES (466, 4);
INSERT INTO `service_location` (`service_id`, `repair_shop_id`) VALUES (467, 6);
INSERT INTO `service_location` (`service_id`, `repair_shop_id`) VALUES (468, 10);
INSERT INTO `service_location` (`service_id`, `repair_shop_id`) VALUES (469, 4);
INSERT INTO `service_location` (`service_id`, `repair_shop_id`) VALUES (470, 1);
INSERT INTO `service_location` (`service_id`, `repair_shop_id`) VALUES (471, 9);
INSERT INTO `service_location` (`service_id`, `repair_shop_id`) VALUES (472, 8);
INSERT INTO `service_location` (`service_id`, `repair_shop_id`) VALUES (473, 8);
INSERT INTO `service_location` (`service_id`, `repair_shop_id`) VALUES (474, 6);
INSERT INTO `service_location` (`service_id`, `repair_shop_id`) VALUES (475, 8);
INSERT INTO `service_location` (`service_id`, `repair_shop_id`) VALUES (476, 6);
INSERT INTO `service_location` (`service_id`, `repair_shop_id`) VALUES (477, 5);
INSERT INTO `service_location` (`service_id`, `repair_shop_id`) VALUES (478, 6);
INSERT INTO `service_location` (`service_id`, `repair_shop_id`) VALUES (479, 5);
INSERT INTO `service_location` (`service_id`, `repair_shop_id`) VALUES (480, 5);
INSERT INTO `service_location` (`service_id`, `repair_shop_id`) VALUES (481, 5);
INSERT INTO `service_location` (`service_id`, `repair_shop_id`) VALUES (482, 1);
INSERT INTO `service_location` (`service_id`, `repair_shop_id`) VALUES (483, 9);
INSERT INTO `service_location` (`service_id`, `repair_shop_id`) VALUES (484, 10);
INSERT INTO `service_location` (`service_id`, `repair_shop_id`) VALUES (485, 1);
INSERT INTO `service_location` (`service_id`, `repair_shop_id`) VALUES (486, 5);
INSERT INTO `service_location` (`service_id`, `repair_shop_id`) VALUES (487, 5);
INSERT INTO `service_location` (`service_id`, `repair_shop_id`) VALUES (488, 6);
INSERT INTO `service_location` (`service_id`, `repair_shop_id`) VALUES (489, 4);
INSERT INTO `service_location` (`service_id`, `repair_shop_id`) VALUES (490, 9);
INSERT INTO `service_location` (`service_id`, `repair_shop_id`) VALUES (491, 6);
INSERT INTO `service_location` (`service_id`, `repair_shop_id`) VALUES (492, 5);
INSERT INTO `service_location` (`service_id`, `repair_shop_id`) VALUES (493, 6);
INSERT INTO `service_location` (`service_id`, `repair_shop_id`) VALUES (494, 7);
INSERT INTO `service_location` (`service_id`, `repair_shop_id`) VALUES (495, 6);
INSERT INTO `service_location` (`service_id`, `repair_shop_id`) VALUES (496, 7);
INSERT INTO `service_location` (`service_id`, `repair_shop_id`) VALUES (497, 9);
INSERT INTO `service_location` (`service_id`, `repair_shop_id`) VALUES (498, 2);
INSERT INTO `service_location` (`service_id`, `repair_shop_id`) VALUES (499, 8);
INSERT INTO `service_location` (`service_id`, `repair_shop_id`) VALUES (500, 8);
INSERT INTO `service_location` (`service_id`, `repair_shop_id`) VALUES (501, 1);
INSERT INTO `service_location` (`service_id`, `repair_shop_id`) VALUES (502, 2);
INSERT INTO `service_location` (`service_id`, `repair_shop_id`) VALUES (503, 1);
INSERT INTO `service_location` (`service_id`, `repair_shop_id`) VALUES (504, 10);
INSERT INTO `service_location` (`service_id`, `repair_shop_id`) VALUES (505, 1);
INSERT INTO `service_location` (`service_id`, `repair_shop_id`) VALUES (506, 6);
INSERT INTO `service_location` (`service_id`, `repair_shop_id`) VALUES (507, 10);
INSERT INTO `service_location` (`service_id`, `repair_shop_id`) VALUES (508, 10);
INSERT INTO `service_location` (`service_id`, `repair_shop_id`) VALUES (509, 10);
INSERT INTO `service_location` (`service_id`, `repair_shop_id`) VALUES (510, 6);
INSERT INTO `service_location` (`service_id`, `repair_shop_id`) VALUES (511, 8);
INSERT INTO `service_location` (`service_id`, `repair_shop_id`) VALUES (512, 7);
INSERT INTO `service_location` (`service_id`, `repair_shop_id`) VALUES (513, 5);
INSERT INTO `service_location` (`service_id`, `repair_shop_id`) VALUES (514, 6);
INSERT INTO `service_location` (`service_id`, `repair_shop_id`) VALUES (515, 6);
INSERT INTO `service_location` (`service_id`, `repair_shop_id`) VALUES (516, 8);
INSERT INTO `service_location` (`service_id`, `repair_shop_id`) VALUES (517, 3);
INSERT INTO `service_location` (`service_id`, `repair_shop_id`) VALUES (518, 3);
INSERT INTO `service_location` (`service_id`, `repair_shop_id`) VALUES (519, 1);
INSERT INTO `service_location` (`service_id`, `repair_shop_id`) VALUES (520, 10);
INSERT INTO `service_location` (`service_id`, `repair_shop_id`) VALUES (521, 8);
INSERT INTO `service_location` (`service_id`, `repair_shop_id`) VALUES (522, 10);
INSERT INTO `service_location` (`service_id`, `repair_shop_id`) VALUES (523, 5);
INSERT INTO `service_location` (`service_id`, `repair_shop_id`) VALUES (524, 4);
INSERT INTO `service_location` (`service_id`, `repair_shop_id`) VALUES (525, 6);
INSERT INTO `service_location` (`service_id`, `repair_shop_id`) VALUES (526, 4);
INSERT INTO `service_location` (`service_id`, `repair_shop_id`) VALUES (527, 9);
INSERT INTO `service_location` (`service_id`, `repair_shop_id`) VALUES (528, 4);
INSERT INTO `service_location` (`service_id`, `repair_shop_id`) VALUES (529, 3);
INSERT INTO `service_location` (`service_id`, `repair_shop_id`) VALUES (530, 2);
INSERT INTO `service_location` (`service_id`, `repair_shop_id`) VALUES (531, 3);
INSERT INTO `service_location` (`service_id`, `repair_shop_id`) VALUES (532, 3);
INSERT INTO `service_location` (`service_id`, `repair_shop_id`) VALUES (533, 1);
INSERT INTO `service_location` (`service_id`, `repair_shop_id`) VALUES (534, 10);
INSERT INTO `service_location` (`service_id`, `repair_shop_id`) VALUES (535, 2);
INSERT INTO `service_location` (`service_id`, `repair_shop_id`) VALUES (536, 5);
INSERT INTO `service_location` (`service_id`, `repair_shop_id`) VALUES (537, 9);
INSERT INTO `service_location` (`service_id`, `repair_shop_id`) VALUES (538, 10);
INSERT INTO `service_location` (`service_id`, `repair_shop_id`) VALUES (539, 7);
INSERT INTO `service_location` (`service_id`, `repair_shop_id`) VALUES (540, 10);
INSERT INTO `service_location` (`service_id`, `repair_shop_id`) VALUES (541, 10);
INSERT INTO `service_location` (`service_id`, `repair_shop_id`) VALUES (542, 3);
INSERT INTO `service_location` (`service_id`, `repair_shop_id`) VALUES (543, 4);
INSERT INTO `service_location` (`service_id`, `repair_shop_id`) VALUES (544, 6);
INSERT INTO `service_location` (`service_id`, `repair_shop_id`) VALUES (545, 5);
INSERT INTO `service_location` (`service_id`, `repair_shop_id`) VALUES (546, 1);
INSERT INTO `service_location` (`service_id`, `repair_shop_id`) VALUES (547, 6);
INSERT INTO `service_location` (`service_id`, `repair_shop_id`) VALUES (548, 6);
INSERT INTO `service_location` (`service_id`, `repair_shop_id`) VALUES (549, 6);
INSERT INTO `service_location` (`service_id`, `repair_shop_id`) VALUES (550, 6);
INSERT INTO `service_location` (`service_id`, `repair_shop_id`) VALUES (551, 7);
INSERT INTO `service_location` (`service_id`, `repair_shop_id`) VALUES (552, 4);
INSERT INTO `service_location` (`service_id`, `repair_shop_id`) VALUES (553, 1);
INSERT INTO `service_location` (`service_id`, `repair_shop_id`) VALUES (554, 1);
INSERT INTO `service_location` (`service_id`, `repair_shop_id`) VALUES (555, 4);
INSERT INTO `service_location` (`service_id`, `repair_shop_id`) VALUES (556, 6);
INSERT INTO `service_location` (`service_id`, `repair_shop_id`) VALUES (557, 10);
INSERT INTO `service_location` (`service_id`, `repair_shop_id`) VALUES (558, 3);
INSERT INTO `service_location` (`service_id`, `repair_shop_id`) VALUES (559, 10);
INSERT INTO `service_location` (`service_id`, `repair_shop_id`) VALUES (560, 5);
INSERT INTO `service_location` (`service_id`, `repair_shop_id`) VALUES (561, 7);
INSERT INTO `service_location` (`service_id`, `repair_shop_id`) VALUES (562, 4);
INSERT INTO `service_location` (`service_id`, `repair_shop_id`) VALUES (563, 3);
INSERT INTO `service_location` (`service_id`, `repair_shop_id`) VALUES (564, 1);
INSERT INTO `service_location` (`service_id`, `repair_shop_id`) VALUES (565, 4);
INSERT INTO `service_location` (`service_id`, `repair_shop_id`) VALUES (566, 1);
INSERT INTO `service_location` (`service_id`, `repair_shop_id`) VALUES (567, 9);
INSERT INTO `service_location` (`service_id`, `repair_shop_id`) VALUES (568, 1);
INSERT INTO `service_location` (`service_id`, `repair_shop_id`) VALUES (569, 4);
INSERT INTO `service_location` (`service_id`, `repair_shop_id`) VALUES (570, 8);
INSERT INTO `service_location` (`service_id`, `repair_shop_id`) VALUES (571, 9);
INSERT INTO `service_location` (`service_id`, `repair_shop_id`) VALUES (572, 4);
INSERT INTO `service_location` (`service_id`, `repair_shop_id`) VALUES (573, 2);
INSERT INTO `service_location` (`service_id`, `repair_shop_id`) VALUES (574, 7);
INSERT INTO `service_location` (`service_id`, `repair_shop_id`) VALUES (575, 10);
INSERT INTO `service_location` (`service_id`, `repair_shop_id`) VALUES (576, 9);
INSERT INTO `service_location` (`service_id`, `repair_shop_id`) VALUES (577, 7);
INSERT INTO `service_location` (`service_id`, `repair_shop_id`) VALUES (578, 1);
INSERT INTO `service_location` (`service_id`, `repair_shop_id`) VALUES (579, 3);
INSERT INTO `service_location` (`service_id`, `repair_shop_id`) VALUES (580, 1);
INSERT INTO `service_location` (`service_id`, `repair_shop_id`) VALUES (581, 3);
INSERT INTO `service_location` (`service_id`, `repair_shop_id`) VALUES (582, 8);
INSERT INTO `service_location` (`service_id`, `repair_shop_id`) VALUES (583, 4);
INSERT INTO `service_location` (`service_id`, `repair_shop_id`) VALUES (584, 6);
INSERT INTO `service_location` (`service_id`, `repair_shop_id`) VALUES (585, 2);
INSERT INTO `service_location` (`service_id`, `repair_shop_id`) VALUES (586, 1);
INSERT INTO `service_location` (`service_id`, `repair_shop_id`) VALUES (587, 3);
INSERT INTO `service_location` (`service_id`, `repair_shop_id`) VALUES (588, 6);
INSERT INTO `service_location` (`service_id`, `repair_shop_id`) VALUES (589, 7);
INSERT INTO `service_location` (`service_id`, `repair_shop_id`) VALUES (590, 4);
INSERT INTO `service_location` (`service_id`, `repair_shop_id`) VALUES (591, 3);
INSERT INTO `service_location` (`service_id`, `repair_shop_id`) VALUES (592, 10);
INSERT INTO `service_location` (`service_id`, `repair_shop_id`) VALUES (593, 4);
INSERT INTO `service_location` (`service_id`, `repair_shop_id`) VALUES (594, 5);
INSERT INTO `service_location` (`service_id`, `repair_shop_id`) VALUES (595, 7);
INSERT INTO `service_location` (`service_id`, `repair_shop_id`) VALUES (596, 5);
INSERT INTO `service_location` (`service_id`, `repair_shop_id`) VALUES (597, 9);
INSERT INTO `service_location` (`service_id`, `repair_shop_id`) VALUES (598, 7);
INSERT INTO `service_location` (`service_id`, `repair_shop_id`) VALUES (599, 2);
INSERT INTO `service_location` (`service_id`, `repair_shop_id`) VALUES (600, 6);
INSERT INTO `service_location` (`service_id`, `repair_shop_id`) VALUES (601, 9);
INSERT INTO `service_location` (`service_id`, `repair_shop_id`) VALUES (602, 9);
INSERT INTO `service_location` (`service_id`, `repair_shop_id`) VALUES (603, 4);
INSERT INTO `service_location` (`service_id`, `repair_shop_id`) VALUES (604, 10);
INSERT INTO `service_location` (`service_id`, `repair_shop_id`) VALUES (605, 6);
INSERT INTO `service_location` (`service_id`, `repair_shop_id`) VALUES (606, 3);
INSERT INTO `service_location` (`service_id`, `repair_shop_id`) VALUES (607, 6);
INSERT INTO `service_location` (`service_id`, `repair_shop_id`) VALUES (608, 10);
INSERT INTO `service_location` (`service_id`, `repair_shop_id`) VALUES (609, 6);
INSERT INTO `service_location` (`service_id`, `repair_shop_id`) VALUES (610, 1);
INSERT INTO `service_location` (`service_id`, `repair_shop_id`) VALUES (611, 5);
INSERT INTO `service_location` (`service_id`, `repair_shop_id`) VALUES (612, 10);
INSERT INTO `service_location` (`service_id`, `repair_shop_id`) VALUES (613, 2);
INSERT INTO `service_location` (`service_id`, `repair_shop_id`) VALUES (614, 2);
INSERT INTO `service_location` (`service_id`, `repair_shop_id`) VALUES (615, 1);
INSERT INTO `service_location` (`service_id`, `repair_shop_id`) VALUES (616, 5);
INSERT INTO `service_location` (`service_id`, `repair_shop_id`) VALUES (617, 5);
INSERT INTO `service_location` (`service_id`, `repair_shop_id`) VALUES (618, 8);
INSERT INTO `service_location` (`service_id`, `repair_shop_id`) VALUES (619, 7);
INSERT INTO `service_location` (`service_id`, `repair_shop_id`) VALUES (620, 1);
INSERT INTO `service_location` (`service_id`, `repair_shop_id`) VALUES (621, 8);
INSERT INTO `service_location` (`service_id`, `repair_shop_id`) VALUES (622, 4);
INSERT INTO `service_location` (`service_id`, `repair_shop_id`) VALUES (623, 3);
INSERT INTO `service_location` (`service_id`, `repair_shop_id`) VALUES (624, 1);
INSERT INTO `service_location` (`service_id`, `repair_shop_id`) VALUES (625, 4);
INSERT INTO `service_location` (`service_id`, `repair_shop_id`) VALUES (626, 10);
INSERT INTO `service_location` (`service_id`, `repair_shop_id`) VALUES (627, 8);
INSERT INTO `service_location` (`service_id`, `repair_shop_id`) VALUES (628, 9);
INSERT INTO `service_location` (`service_id`, `repair_shop_id`) VALUES (629, 9);
INSERT INTO `service_location` (`service_id`, `repair_shop_id`) VALUES (630, 5);
INSERT INTO `service_location` (`service_id`, `repair_shop_id`) VALUES (631, 3);
INSERT INTO `service_location` (`service_id`, `repair_shop_id`) VALUES (632, 5);
INSERT INTO `service_location` (`service_id`, `repair_shop_id`) VALUES (633, 10);
INSERT INTO `service_location` (`service_id`, `repair_shop_id`) VALUES (634, 3);
INSERT INTO `service_location` (`service_id`, `repair_shop_id`) VALUES (635, 4);
INSERT INTO `service_location` (`service_id`, `repair_shop_id`) VALUES (636, 8);
INSERT INTO `service_location` (`service_id`, `repair_shop_id`) VALUES (637, 5);
INSERT INTO `service_location` (`service_id`, `repair_shop_id`) VALUES (638, 3);
INSERT INTO `service_location` (`service_id`, `repair_shop_id`) VALUES (639, 4);
INSERT INTO `service_location` (`service_id`, `repair_shop_id`) VALUES (640, 5);
INSERT INTO `service_location` (`service_id`, `repair_shop_id`) VALUES (641, 10);
INSERT INTO `service_location` (`service_id`, `repair_shop_id`) VALUES (642, 6);
INSERT INTO `service_location` (`service_id`, `repair_shop_id`) VALUES (643, 8);
INSERT INTO `service_location` (`service_id`, `repair_shop_id`) VALUES (644, 4);
INSERT INTO `service_location` (`service_id`, `repair_shop_id`) VALUES (645, 10);
INSERT INTO `service_location` (`service_id`, `repair_shop_id`) VALUES (646, 1);
INSERT INTO `service_location` (`service_id`, `repair_shop_id`) VALUES (647, 3);
INSERT INTO `service_location` (`service_id`, `repair_shop_id`) VALUES (648, 2);
INSERT INTO `service_location` (`service_id`, `repair_shop_id`) VALUES (649, 7);
INSERT INTO `service_location` (`service_id`, `repair_shop_id`) VALUES (650, 1);
INSERT INTO `service_location` (`service_id`, `repair_shop_id`) VALUES (651, 1);
INSERT INTO `service_location` (`service_id`, `repair_shop_id`) VALUES (652, 8);
INSERT INTO `service_location` (`service_id`, `repair_shop_id`) VALUES (653, 1);
INSERT INTO `service_location` (`service_id`, `repair_shop_id`) VALUES (654, 6);
INSERT INTO `service_location` (`service_id`, `repair_shop_id`) VALUES (655, 1);
INSERT INTO `service_location` (`service_id`, `repair_shop_id`) VALUES (656, 6);
INSERT INTO `service_location` (`service_id`, `repair_shop_id`) VALUES (657, 4);
INSERT INTO `service_location` (`service_id`, `repair_shop_id`) VALUES (658, 8);
INSERT INTO `service_location` (`service_id`, `repair_shop_id`) VALUES (659, 6);
INSERT INTO `service_location` (`service_id`, `repair_shop_id`) VALUES (660, 3);
INSERT INTO `service_location` (`service_id`, `repair_shop_id`) VALUES (661, 3);
INSERT INTO `service_location` (`service_id`, `repair_shop_id`) VALUES (662, 2);
INSERT INTO `service_location` (`service_id`, `repair_shop_id`) VALUES (663, 2);
INSERT INTO `service_location` (`service_id`, `repair_shop_id`) VALUES (664, 8);
INSERT INTO `service_location` (`service_id`, `repair_shop_id`) VALUES (665, 5);
INSERT INTO `service_location` (`service_id`, `repair_shop_id`) VALUES (666, 6);
INSERT INTO `service_location` (`service_id`, `repair_shop_id`) VALUES (667, 10);
INSERT INTO `service_location` (`service_id`, `repair_shop_id`) VALUES (668, 2);
INSERT INTO `service_location` (`service_id`, `repair_shop_id`) VALUES (669, 6);
INSERT INTO `service_location` (`service_id`, `repair_shop_id`) VALUES (670, 10);
INSERT INTO `service_location` (`service_id`, `repair_shop_id`) VALUES (671, 5);
INSERT INTO `service_location` (`service_id`, `repair_shop_id`) VALUES (672, 8);
INSERT INTO `service_location` (`service_id`, `repair_shop_id`) VALUES (673, 5);
INSERT INTO `service_location` (`service_id`, `repair_shop_id`) VALUES (674, 4);
INSERT INTO `service_location` (`service_id`, `repair_shop_id`) VALUES (675, 9);
INSERT INTO `service_location` (`service_id`, `repair_shop_id`) VALUES (676, 4);
INSERT INTO `service_location` (`service_id`, `repair_shop_id`) VALUES (677, 7);
INSERT INTO `service_location` (`service_id`, `repair_shop_id`) VALUES (678, 7);
INSERT INTO `service_location` (`service_id`, `repair_shop_id`) VALUES (679, 8);
INSERT INTO `service_location` (`service_id`, `repair_shop_id`) VALUES (680, 2);
INSERT INTO `service_location` (`service_id`, `repair_shop_id`) VALUES (681, 5);
INSERT INTO `service_location` (`service_id`, `repair_shop_id`) VALUES (682, 6);
INSERT INTO `service_location` (`service_id`, `repair_shop_id`) VALUES (683, 6);
INSERT INTO `service_location` (`service_id`, `repair_shop_id`) VALUES (684, 5);
INSERT INTO `service_location` (`service_id`, `repair_shop_id`) VALUES (685, 7);
INSERT INTO `service_location` (`service_id`, `repair_shop_id`) VALUES (686, 9);
INSERT INTO `service_location` (`service_id`, `repair_shop_id`) VALUES (687, 2);
INSERT INTO `service_location` (`service_id`, `repair_shop_id`) VALUES (688, 6);
INSERT INTO `service_location` (`service_id`, `repair_shop_id`) VALUES (689, 10);
INSERT INTO `service_location` (`service_id`, `repair_shop_id`) VALUES (690, 6);
INSERT INTO `service_location` (`service_id`, `repair_shop_id`) VALUES (691, 8);
INSERT INTO `service_location` (`service_id`, `repair_shop_id`) VALUES (692, 10);
INSERT INTO `service_location` (`service_id`, `repair_shop_id`) VALUES (693, 1);
INSERT INTO `service_location` (`service_id`, `repair_shop_id`) VALUES (694, 8);
INSERT INTO `service_location` (`service_id`, `repair_shop_id`) VALUES (695, 10);
INSERT INTO `service_location` (`service_id`, `repair_shop_id`) VALUES (696, 7);
INSERT INTO `service_location` (`service_id`, `repair_shop_id`) VALUES (697, 3);
INSERT INTO `service_location` (`service_id`, `repair_shop_id`) VALUES (698, 8);
INSERT INTO `service_location` (`service_id`, `repair_shop_id`) VALUES (699, 8);
INSERT INTO `service_location` (`service_id`, `repair_shop_id`) VALUES (700, 6);
INSERT INTO `service_location` (`service_id`, `repair_shop_id`) VALUES (701, 10);
INSERT INTO `service_location` (`service_id`, `repair_shop_id`) VALUES (702, 2);
INSERT INTO `service_location` (`service_id`, `repair_shop_id`) VALUES (703, 4);
INSERT INTO `service_location` (`service_id`, `repair_shop_id`) VALUES (704, 10);
INSERT INTO `service_location` (`service_id`, `repair_shop_id`) VALUES (705, 7);
INSERT INTO `service_location` (`service_id`, `repair_shop_id`) VALUES (706, 10);
INSERT INTO `service_location` (`service_id`, `repair_shop_id`) VALUES (707, 10);
INSERT INTO `service_location` (`service_id`, `repair_shop_id`) VALUES (708, 2);
INSERT INTO `service_location` (`service_id`, `repair_shop_id`) VALUES (709, 5);
INSERT INTO `service_location` (`service_id`, `repair_shop_id`) VALUES (710, 10);
INSERT INTO `service_location` (`service_id`, `repair_shop_id`) VALUES (711, 1);
INSERT INTO `service_location` (`service_id`, `repair_shop_id`) VALUES (712, 3);
INSERT INTO `service_location` (`service_id`, `repair_shop_id`) VALUES (713, 10);
INSERT INTO `service_location` (`service_id`, `repair_shop_id`) VALUES (714, 5);
INSERT INTO `service_location` (`service_id`, `repair_shop_id`) VALUES (715, 6);
INSERT INTO `service_location` (`service_id`, `repair_shop_id`) VALUES (716, 3);
INSERT INTO `service_location` (`service_id`, `repair_shop_id`) VALUES (717, 8);
INSERT INTO `service_location` (`service_id`, `repair_shop_id`) VALUES (718, 8);
INSERT INTO `service_location` (`service_id`, `repair_shop_id`) VALUES (719, 1);
INSERT INTO `service_location` (`service_id`, `repair_shop_id`) VALUES (720, 4);
INSERT INTO `service_location` (`service_id`, `repair_shop_id`) VALUES (721, 9);
INSERT INTO `service_location` (`service_id`, `repair_shop_id`) VALUES (722, 1);
INSERT INTO `service_location` (`service_id`, `repair_shop_id`) VALUES (723, 8);
INSERT INTO `service_location` (`service_id`, `repair_shop_id`) VALUES (724, 7);
INSERT INTO `service_location` (`service_id`, `repair_shop_id`) VALUES (725, 1);
INSERT INTO `service_location` (`service_id`, `repair_shop_id`) VALUES (726, 6);
INSERT INTO `service_location` (`service_id`, `repair_shop_id`) VALUES (727, 6);
INSERT INTO `service_location` (`service_id`, `repair_shop_id`) VALUES (728, 5);
INSERT INTO `service_location` (`service_id`, `repair_shop_id`) VALUES (729, 6);
INSERT INTO `service_location` (`service_id`, `repair_shop_id`) VALUES (730, 2);
INSERT INTO `service_location` (`service_id`, `repair_shop_id`) VALUES (731, 7);
INSERT INTO `service_location` (`service_id`, `repair_shop_id`) VALUES (732, 6);
INSERT INTO `service_location` (`service_id`, `repair_shop_id`) VALUES (733, 7);
INSERT INTO `service_location` (`service_id`, `repair_shop_id`) VALUES (734, 7);
INSERT INTO `service_location` (`service_id`, `repair_shop_id`) VALUES (735, 4);
INSERT INTO `service_location` (`service_id`, `repair_shop_id`) VALUES (736, 10);
INSERT INTO `service_location` (`service_id`, `repair_shop_id`) VALUES (737, 3);
INSERT INTO `service_location` (`service_id`, `repair_shop_id`) VALUES (738, 10);
INSERT INTO `service_location` (`service_id`, `repair_shop_id`) VALUES (739, 3);
INSERT INTO `service_location` (`service_id`, `repair_shop_id`) VALUES (740, 10);
INSERT INTO `service_location` (`service_id`, `repair_shop_id`) VALUES (741, 1);
INSERT INTO `service_location` (`service_id`, `repair_shop_id`) VALUES (742, 10);
INSERT INTO `service_location` (`service_id`, `repair_shop_id`) VALUES (743, 4);
INSERT INTO `service_location` (`service_id`, `repair_shop_id`) VALUES (744, 3);
INSERT INTO `service_location` (`service_id`, `repair_shop_id`) VALUES (745, 8);
INSERT INTO `service_location` (`service_id`, `repair_shop_id`) VALUES (746, 8);
INSERT INTO `service_location` (`service_id`, `repair_shop_id`) VALUES (747, 4);
INSERT INTO `service_location` (`service_id`, `repair_shop_id`) VALUES (748, 6);
INSERT INTO `service_location` (`service_id`, `repair_shop_id`) VALUES (749, 2);
INSERT INTO `service_location` (`service_id`, `repair_shop_id`) VALUES (750, 7);
INSERT INTO `service_location` (`service_id`, `repair_shop_id`) VALUES (751, 2);
INSERT INTO `service_location` (`service_id`, `repair_shop_id`) VALUES (752, 4);
INSERT INTO `service_location` (`service_id`, `repair_shop_id`) VALUES (753, 8);
INSERT INTO `service_location` (`service_id`, `repair_shop_id`) VALUES (754, 5);
INSERT INTO `service_location` (`service_id`, `repair_shop_id`) VALUES (755, 9);
INSERT INTO `service_location` (`service_id`, `repair_shop_id`) VALUES (756, 6);
INSERT INTO `service_location` (`service_id`, `repair_shop_id`) VALUES (757, 6);
INSERT INTO `service_location` (`service_id`, `repair_shop_id`) VALUES (758, 5);
INSERT INTO `service_location` (`service_id`, `repair_shop_id`) VALUES (759, 5);
INSERT INTO `service_location` (`service_id`, `repair_shop_id`) VALUES (760, 1);
INSERT INTO `service_location` (`service_id`, `repair_shop_id`) VALUES (761, 3);
INSERT INTO `service_location` (`service_id`, `repair_shop_id`) VALUES (762, 2);
INSERT INTO `service_location` (`service_id`, `repair_shop_id`) VALUES (763, 7);
INSERT INTO `service_location` (`service_id`, `repair_shop_id`) VALUES (764, 2);
INSERT INTO `service_location` (`service_id`, `repair_shop_id`) VALUES (765, 1);
INSERT INTO `service_location` (`service_id`, `repair_shop_id`) VALUES (766, 8);
INSERT INTO `service_location` (`service_id`, `repair_shop_id`) VALUES (767, 1);
INSERT INTO `service_location` (`service_id`, `repair_shop_id`) VALUES (768, 6);
INSERT INTO `service_location` (`service_id`, `repair_shop_id`) VALUES (769, 1);
INSERT INTO `service_location` (`service_id`, `repair_shop_id`) VALUES (770, 2);
INSERT INTO `service_location` (`service_id`, `repair_shop_id`) VALUES (771, 6);
INSERT INTO `service_location` (`service_id`, `repair_shop_id`) VALUES (772, 3);
INSERT INTO `service_location` (`service_id`, `repair_shop_id`) VALUES (773, 9);
INSERT INTO `service_location` (`service_id`, `repair_shop_id`) VALUES (774, 10);
INSERT INTO `service_location` (`service_id`, `repair_shop_id`) VALUES (775, 8);
INSERT INTO `service_location` (`service_id`, `repair_shop_id`) VALUES (776, 9);
INSERT INTO `service_location` (`service_id`, `repair_shop_id`) VALUES (777, 4);
INSERT INTO `service_location` (`service_id`, `repair_shop_id`) VALUES (778, 5);
INSERT INTO `service_location` (`service_id`, `repair_shop_id`) VALUES (779, 4);
INSERT INTO `service_location` (`service_id`, `repair_shop_id`) VALUES (780, 1);
INSERT INTO `service_location` (`service_id`, `repair_shop_id`) VALUES (781, 8);
INSERT INTO `service_location` (`service_id`, `repair_shop_id`) VALUES (782, 4);
INSERT INTO `service_location` (`service_id`, `repair_shop_id`) VALUES (783, 7);
INSERT INTO `service_location` (`service_id`, `repair_shop_id`) VALUES (784, 9);
INSERT INTO `service_location` (`service_id`, `repair_shop_id`) VALUES (785, 8);
INSERT INTO `service_location` (`service_id`, `repair_shop_id`) VALUES (786, 10);
INSERT INTO `service_location` (`service_id`, `repair_shop_id`) VALUES (787, 8);
INSERT INTO `service_location` (`service_id`, `repair_shop_id`) VALUES (788, 7);
INSERT INTO `service_location` (`service_id`, `repair_shop_id`) VALUES (789, 8);
INSERT INTO `service_location` (`service_id`, `repair_shop_id`) VALUES (790, 7);
INSERT INTO `service_location` (`service_id`, `repair_shop_id`) VALUES (791, 9);
INSERT INTO `service_location` (`service_id`, `repair_shop_id`) VALUES (792, 6);
INSERT INTO `service_location` (`service_id`, `repair_shop_id`) VALUES (793, 3);
INSERT INTO `service_location` (`service_id`, `repair_shop_id`) VALUES (794, 4);
INSERT INTO `service_location` (`service_id`, `repair_shop_id`) VALUES (795, 3);
INSERT INTO `service_location` (`service_id`, `repair_shop_id`) VALUES (796, 9);
INSERT INTO `service_location` (`service_id`, `repair_shop_id`) VALUES (797, 6);
INSERT INTO `service_location` (`service_id`, `repair_shop_id`) VALUES (798, 9);
INSERT INTO `service_location` (`service_id`, `repair_shop_id`) VALUES (799, 1);
INSERT INTO `service_location` (`service_id`, `repair_shop_id`) VALUES (800, 7);
INSERT INTO `service_location` (`service_id`, `repair_shop_id`) VALUES (801, 9);
INSERT INTO `service_location` (`service_id`, `repair_shop_id`) VALUES (802, 9);
INSERT INTO `service_location` (`service_id`, `repair_shop_id`) VALUES (803, 1);
INSERT INTO `service_location` (`service_id`, `repair_shop_id`) VALUES (804, 4);
INSERT INTO `service_location` (`service_id`, `repair_shop_id`) VALUES (805, 9);
INSERT INTO `service_location` (`service_id`, `repair_shop_id`) VALUES (806, 1);
INSERT INTO `service_location` (`service_id`, `repair_shop_id`) VALUES (807, 5);
INSERT INTO `service_location` (`service_id`, `repair_shop_id`) VALUES (808, 5);
INSERT INTO `service_location` (`service_id`, `repair_shop_id`) VALUES (809, 10);
INSERT INTO `service_location` (`service_id`, `repair_shop_id`) VALUES (810, 5);
INSERT INTO `service_location` (`service_id`, `repair_shop_id`) VALUES (811, 6);
INSERT INTO `service_location` (`service_id`, `repair_shop_id`) VALUES (812, 6);
INSERT INTO `service_location` (`service_id`, `repair_shop_id`) VALUES (813, 7);
INSERT INTO `service_location` (`service_id`, `repair_shop_id`) VALUES (814, 9);
INSERT INTO `service_location` (`service_id`, `repair_shop_id`) VALUES (815, 4);
INSERT INTO `service_location` (`service_id`, `repair_shop_id`) VALUES (816, 5);
INSERT INTO `service_location` (`service_id`, `repair_shop_id`) VALUES (817, 5);
INSERT INTO `service_location` (`service_id`, `repair_shop_id`) VALUES (818, 9);
INSERT INTO `service_location` (`service_id`, `repair_shop_id`) VALUES (819, 6);
INSERT INTO `service_location` (`service_id`, `repair_shop_id`) VALUES (820, 10);
INSERT INTO `service_location` (`service_id`, `repair_shop_id`) VALUES (821, 5);
INSERT INTO `service_location` (`service_id`, `repair_shop_id`) VALUES (822, 4);
INSERT INTO `service_location` (`service_id`, `repair_shop_id`) VALUES (823, 10);
INSERT INTO `service_location` (`service_id`, `repair_shop_id`) VALUES (824, 8);
INSERT INTO `service_location` (`service_id`, `repair_shop_id`) VALUES (825, 9);
INSERT INTO `service_location` (`service_id`, `repair_shop_id`) VALUES (826, 8);
INSERT INTO `service_location` (`service_id`, `repair_shop_id`) VALUES (827, 1);
INSERT INTO `service_location` (`service_id`, `repair_shop_id`) VALUES (828, 10);
INSERT INTO `service_location` (`service_id`, `repair_shop_id`) VALUES (829, 9);
INSERT INTO `service_location` (`service_id`, `repair_shop_id`) VALUES (830, 9);
INSERT INTO `service_location` (`service_id`, `repair_shop_id`) VALUES (831, 2);
INSERT INTO `service_location` (`service_id`, `repair_shop_id`) VALUES (832, 2);
INSERT INTO `service_location` (`service_id`, `repair_shop_id`) VALUES (833, 5);
INSERT INTO `service_location` (`service_id`, `repair_shop_id`) VALUES (834, 6);
INSERT INTO `service_location` (`service_id`, `repair_shop_id`) VALUES (835, 8);
INSERT INTO `service_location` (`service_id`, `repair_shop_id`) VALUES (836, 6);
INSERT INTO `service_location` (`service_id`, `repair_shop_id`) VALUES (837, 2);
INSERT INTO `service_location` (`service_id`, `repair_shop_id`) VALUES (838, 1);
INSERT INTO `service_location` (`service_id`, `repair_shop_id`) VALUES (839, 8);
INSERT INTO `service_location` (`service_id`, `repair_shop_id`) VALUES (840, 4);
INSERT INTO `service_location` (`service_id`, `repair_shop_id`) VALUES (841, 1);
INSERT INTO `service_location` (`service_id`, `repair_shop_id`) VALUES (842, 10);
INSERT INTO `service_location` (`service_id`, `repair_shop_id`) VALUES (843, 5);
INSERT INTO `service_location` (`service_id`, `repair_shop_id`) VALUES (844, 2);
INSERT INTO `service_location` (`service_id`, `repair_shop_id`) VALUES (845, 9);
INSERT INTO `service_location` (`service_id`, `repair_shop_id`) VALUES (846, 6);
INSERT INTO `service_location` (`service_id`, `repair_shop_id`) VALUES (847, 9);
INSERT INTO `service_location` (`service_id`, `repair_shop_id`) VALUES (848, 3);
INSERT INTO `service_location` (`service_id`, `repair_shop_id`) VALUES (849, 7);
INSERT INTO `service_location` (`service_id`, `repair_shop_id`) VALUES (850, 6);
INSERT INTO `service_location` (`service_id`, `repair_shop_id`) VALUES (851, 4);
INSERT INTO `service_location` (`service_id`, `repair_shop_id`) VALUES (852, 1);
INSERT INTO `service_location` (`service_id`, `repair_shop_id`) VALUES (853, 7);
INSERT INTO `service_location` (`service_id`, `repair_shop_id`) VALUES (854, 3);
INSERT INTO `service_location` (`service_id`, `repair_shop_id`) VALUES (855, 1);
INSERT INTO `service_location` (`service_id`, `repair_shop_id`) VALUES (856, 5);
INSERT INTO `service_location` (`service_id`, `repair_shop_id`) VALUES (857, 1);
INSERT INTO `service_location` (`service_id`, `repair_shop_id`) VALUES (858, 7);
INSERT INTO `service_location` (`service_id`, `repair_shop_id`) VALUES (859, 10);
INSERT INTO `service_location` (`service_id`, `repair_shop_id`) VALUES (860, 9);
INSERT INTO `service_location` (`service_id`, `repair_shop_id`) VALUES (861, 6);
INSERT INTO `service_location` (`service_id`, `repair_shop_id`) VALUES (862, 1);
INSERT INTO `service_location` (`service_id`, `repair_shop_id`) VALUES (863, 2);
INSERT INTO `service_location` (`service_id`, `repair_shop_id`) VALUES (864, 5);
INSERT INTO `service_location` (`service_id`, `repair_shop_id`) VALUES (865, 3);
INSERT INTO `service_location` (`service_id`, `repair_shop_id`) VALUES (866, 8);
INSERT INTO `service_location` (`service_id`, `repair_shop_id`) VALUES (867, 7);
INSERT INTO `service_location` (`service_id`, `repair_shop_id`) VALUES (868, 8);
INSERT INTO `service_location` (`service_id`, `repair_shop_id`) VALUES (869, 2);
INSERT INTO `service_location` (`service_id`, `repair_shop_id`) VALUES (870, 3);
INSERT INTO `service_location` (`service_id`, `repair_shop_id`) VALUES (871, 3);
INSERT INTO `service_location` (`service_id`, `repair_shop_id`) VALUES (872, 1);
INSERT INTO `service_location` (`service_id`, `repair_shop_id`) VALUES (873, 7);
INSERT INTO `service_location` (`service_id`, `repair_shop_id`) VALUES (874, 7);
INSERT INTO `service_location` (`service_id`, `repair_shop_id`) VALUES (875, 2);
INSERT INTO `service_location` (`service_id`, `repair_shop_id`) VALUES (876, 4);
INSERT INTO `service_location` (`service_id`, `repair_shop_id`) VALUES (877, 9);
INSERT INTO `service_location` (`service_id`, `repair_shop_id`) VALUES (878, 7);
INSERT INTO `service_location` (`service_id`, `repair_shop_id`) VALUES (879, 5);
INSERT INTO `service_location` (`service_id`, `repair_shop_id`) VALUES (880, 1);
INSERT INTO `service_location` (`service_id`, `repair_shop_id`) VALUES (881, 6);
INSERT INTO `service_location` (`service_id`, `repair_shop_id`) VALUES (882, 6);
INSERT INTO `service_location` (`service_id`, `repair_shop_id`) VALUES (883, 9);
INSERT INTO `service_location` (`service_id`, `repair_shop_id`) VALUES (884, 7);
INSERT INTO `service_location` (`service_id`, `repair_shop_id`) VALUES (885, 10);
INSERT INTO `service_location` (`service_id`, `repair_shop_id`) VALUES (886, 7);
INSERT INTO `service_location` (`service_id`, `repair_shop_id`) VALUES (887, 9);
INSERT INTO `service_location` (`service_id`, `repair_shop_id`) VALUES (888, 5);
INSERT INTO `service_location` (`service_id`, `repair_shop_id`) VALUES (889, 5);
INSERT INTO `service_location` (`service_id`, `repair_shop_id`) VALUES (890, 5);
INSERT INTO `service_location` (`service_id`, `repair_shop_id`) VALUES (891, 3);
INSERT INTO `service_location` (`service_id`, `repair_shop_id`) VALUES (892, 10);
INSERT INTO `service_location` (`service_id`, `repair_shop_id`) VALUES (893, 8);
INSERT INTO `service_location` (`service_id`, `repair_shop_id`) VALUES (894, 7);
INSERT INTO `service_location` (`service_id`, `repair_shop_id`) VALUES (895, 7);
INSERT INTO `service_location` (`service_id`, `repair_shop_id`) VALUES (896, 7);
INSERT INTO `service_location` (`service_id`, `repair_shop_id`) VALUES (897, 3);
INSERT INTO `service_location` (`service_id`, `repair_shop_id`) VALUES (898, 6);
INSERT INTO `service_location` (`service_id`, `repair_shop_id`) VALUES (899, 7);
INSERT INTO `service_location` (`service_id`, `repair_shop_id`) VALUES (900, 6);
INSERT INTO `service_location` (`service_id`, `repair_shop_id`) VALUES (901, 2);
INSERT INTO `service_location` (`service_id`, `repair_shop_id`) VALUES (902, 2);
INSERT INTO `service_location` (`service_id`, `repair_shop_id`) VALUES (903, 6);
INSERT INTO `service_location` (`service_id`, `repair_shop_id`) VALUES (904, 9);
INSERT INTO `service_location` (`service_id`, `repair_shop_id`) VALUES (905, 1);
INSERT INTO `service_location` (`service_id`, `repair_shop_id`) VALUES (906, 6);
INSERT INTO `service_location` (`service_id`, `repair_shop_id`) VALUES (907, 8);
INSERT INTO `service_location` (`service_id`, `repair_shop_id`) VALUES (908, 2);
INSERT INTO `service_location` (`service_id`, `repair_shop_id`) VALUES (909, 4);
INSERT INTO `service_location` (`service_id`, `repair_shop_id`) VALUES (910, 8);
INSERT INTO `service_location` (`service_id`, `repair_shop_id`) VALUES (911, 6);
INSERT INTO `service_location` (`service_id`, `repair_shop_id`) VALUES (912, 5);
INSERT INTO `service_location` (`service_id`, `repair_shop_id`) VALUES (913, 10);
INSERT INTO `service_location` (`service_id`, `repair_shop_id`) VALUES (914, 8);
INSERT INTO `service_location` (`service_id`, `repair_shop_id`) VALUES (915, 8);
INSERT INTO `service_location` (`service_id`, `repair_shop_id`) VALUES (916, 3);
INSERT INTO `service_location` (`service_id`, `repair_shop_id`) VALUES (917, 5);
INSERT INTO `service_location` (`service_id`, `repair_shop_id`) VALUES (918, 6);
INSERT INTO `service_location` (`service_id`, `repair_shop_id`) VALUES (919, 9);
INSERT INTO `service_location` (`service_id`, `repair_shop_id`) VALUES (920, 10);
INSERT INTO `service_location` (`service_id`, `repair_shop_id`) VALUES (921, 4);
INSERT INTO `service_location` (`service_id`, `repair_shop_id`) VALUES (922, 5);
INSERT INTO `service_location` (`service_id`, `repair_shop_id`) VALUES (923, 4);
INSERT INTO `service_location` (`service_id`, `repair_shop_id`) VALUES (924, 4);
INSERT INTO `service_location` (`service_id`, `repair_shop_id`) VALUES (925, 9);
INSERT INTO `service_location` (`service_id`, `repair_shop_id`) VALUES (926, 2);
INSERT INTO `service_location` (`service_id`, `repair_shop_id`) VALUES (927, 8);
INSERT INTO `service_location` (`service_id`, `repair_shop_id`) VALUES (928, 2);
INSERT INTO `service_location` (`service_id`, `repair_shop_id`) VALUES (929, 9);
INSERT INTO `service_location` (`service_id`, `repair_shop_id`) VALUES (930, 1);
INSERT INTO `service_location` (`service_id`, `repair_shop_id`) VALUES (931, 8);
INSERT INTO `service_location` (`service_id`, `repair_shop_id`) VALUES (932, 9);
INSERT INTO `service_location` (`service_id`, `repair_shop_id`) VALUES (933, 2);
INSERT INTO `service_location` (`service_id`, `repair_shop_id`) VALUES (934, 9);
INSERT INTO `service_location` (`service_id`, `repair_shop_id`) VALUES (935, 7);
INSERT INTO `service_location` (`service_id`, `repair_shop_id`) VALUES (936, 10);
INSERT INTO `service_location` (`service_id`, `repair_shop_id`) VALUES (937, 8);
INSERT INTO `service_location` (`service_id`, `repair_shop_id`) VALUES (938, 9);
INSERT INTO `service_location` (`service_id`, `repair_shop_id`) VALUES (939, 10);
INSERT INTO `service_location` (`service_id`, `repair_shop_id`) VALUES (940, 6);
INSERT INTO `service_location` (`service_id`, `repair_shop_id`) VALUES (941, 9);
INSERT INTO `service_location` (`service_id`, `repair_shop_id`) VALUES (942, 4);
INSERT INTO `service_location` (`service_id`, `repair_shop_id`) VALUES (943, 2);
INSERT INTO `service_location` (`service_id`, `repair_shop_id`) VALUES (944, 3);
INSERT INTO `service_location` (`service_id`, `repair_shop_id`) VALUES (945, 5);
INSERT INTO `service_location` (`service_id`, `repair_shop_id`) VALUES (946, 5);
INSERT INTO `service_location` (`service_id`, `repair_shop_id`) VALUES (947, 6);
INSERT INTO `service_location` (`service_id`, `repair_shop_id`) VALUES (948, 4);
INSERT INTO `service_location` (`service_id`, `repair_shop_id`) VALUES (949, 1);
INSERT INTO `service_location` (`service_id`, `repair_shop_id`) VALUES (950, 10);
INSERT INTO `service_location` (`service_id`, `repair_shop_id`) VALUES (951, 8);
INSERT INTO `service_location` (`service_id`, `repair_shop_id`) VALUES (952, 2);
INSERT INTO `service_location` (`service_id`, `repair_shop_id`) VALUES (953, 3);
INSERT INTO `service_location` (`service_id`, `repair_shop_id`) VALUES (954, 3);
INSERT INTO `service_location` (`service_id`, `repair_shop_id`) VALUES (955, 9);
INSERT INTO `service_location` (`service_id`, `repair_shop_id`) VALUES (956, 4);
INSERT INTO `service_location` (`service_id`, `repair_shop_id`) VALUES (957, 8);
INSERT INTO `service_location` (`service_id`, `repair_shop_id`) VALUES (958, 2);
INSERT INTO `service_location` (`service_id`, `repair_shop_id`) VALUES (959, 8);
INSERT INTO `service_location` (`service_id`, `repair_shop_id`) VALUES (960, 7);
INSERT INTO `service_location` (`service_id`, `repair_shop_id`) VALUES (961, 5);
INSERT INTO `service_location` (`service_id`, `repair_shop_id`) VALUES (962, 10);
INSERT INTO `service_location` (`service_id`, `repair_shop_id`) VALUES (963, 10);
INSERT INTO `service_location` (`service_id`, `repair_shop_id`) VALUES (964, 3);
INSERT INTO `service_location` (`service_id`, `repair_shop_id`) VALUES (965, 1);
INSERT INTO `service_location` (`service_id`, `repair_shop_id`) VALUES (966, 5);
INSERT INTO `service_location` (`service_id`, `repair_shop_id`) VALUES (967, 6);
INSERT INTO `service_location` (`service_id`, `repair_shop_id`) VALUES (968, 7);
INSERT INTO `service_location` (`service_id`, `repair_shop_id`) VALUES (969, 3);
INSERT INTO `service_location` (`service_id`, `repair_shop_id`) VALUES (970, 3);
INSERT INTO `service_location` (`service_id`, `repair_shop_id`) VALUES (971, 6);
INSERT INTO `service_location` (`service_id`, `repair_shop_id`) VALUES (972, 10);
INSERT INTO `service_location` (`service_id`, `repair_shop_id`) VALUES (973, 6);
INSERT INTO `service_location` (`service_id`, `repair_shop_id`) VALUES (974, 7);
INSERT INTO `service_location` (`service_id`, `repair_shop_id`) VALUES (975, 2);
INSERT INTO `service_location` (`service_id`, `repair_shop_id`) VALUES (976, 2);
INSERT INTO `service_location` (`service_id`, `repair_shop_id`) VALUES (977, 4);
INSERT INTO `service_location` (`service_id`, `repair_shop_id`) VALUES (978, 10);
INSERT INTO `service_location` (`service_id`, `repair_shop_id`) VALUES (979, 3);
INSERT INTO `service_location` (`service_id`, `repair_shop_id`) VALUES (980, 8);
INSERT INTO `service_location` (`service_id`, `repair_shop_id`) VALUES (981, 8);
INSERT INTO `service_location` (`service_id`, `repair_shop_id`) VALUES (982, 9);
INSERT INTO `service_location` (`service_id`, `repair_shop_id`) VALUES (983, 5);
INSERT INTO `service_location` (`service_id`, `repair_shop_id`) VALUES (984, 10);
INSERT INTO `service_location` (`service_id`, `repair_shop_id`) VALUES (985, 7);
INSERT INTO `service_location` (`service_id`, `repair_shop_id`) VALUES (986, 6);
INSERT INTO `service_location` (`service_id`, `repair_shop_id`) VALUES (987, 4);
INSERT INTO `service_location` (`service_id`, `repair_shop_id`) VALUES (988, 6);
INSERT INTO `service_location` (`service_id`, `repair_shop_id`) VALUES (989, 9);
INSERT INTO `service_location` (`service_id`, `repair_shop_id`) VALUES (990, 1);
INSERT INTO `service_location` (`service_id`, `repair_shop_id`) VALUES (991, 9);
INSERT INTO `service_location` (`service_id`, `repair_shop_id`) VALUES (992, 6);
INSERT INTO `service_location` (`service_id`, `repair_shop_id`) VALUES (993, 7);
INSERT INTO `service_location` (`service_id`, `repair_shop_id`) VALUES (994, 2);
INSERT INTO `service_location` (`service_id`, `repair_shop_id`) VALUES (995, 8);
INSERT INTO `service_location` (`service_id`, `repair_shop_id`) VALUES (996, 10);
INSERT INTO `service_location` (`service_id`, `repair_shop_id`) VALUES (997, 4);
INSERT INTO `service_location` (`service_id`, `repair_shop_id`) VALUES (998, 1);
INSERT INTO `service_location` (`service_id`, `repair_shop_id`) VALUES (999, 3);
INSERT INTO `service_location` (`service_id`, `repair_shop_id`) VALUES (1000, 8);

COMMIT;


-- -----------------------------------------------------
-- Data for table `technician_services`
-- -----------------------------------------------------
START TRANSACTION;
USE `automaticDB`;
INSERT INTO `technician_services` (`technician_id`, `service_id`) VALUES (30, 1);
INSERT INTO `technician_services` (`technician_id`, `service_id`) VALUES (26, 2);
INSERT INTO `technician_services` (`technician_id`, `service_id`) VALUES (3, 3);
INSERT INTO `technician_services` (`technician_id`, `service_id`) VALUES (27, 4);
INSERT INTO `technician_services` (`technician_id`, `service_id`) VALUES (13, 5);
INSERT INTO `technician_services` (`technician_id`, `service_id`) VALUES (23, 6);
INSERT INTO `technician_services` (`technician_id`, `service_id`) VALUES (34, 7);
INSERT INTO `technician_services` (`technician_id`, `service_id`) VALUES (26, 8);
INSERT INTO `technician_services` (`technician_id`, `service_id`) VALUES (21, 9);
INSERT INTO `technician_services` (`technician_id`, `service_id`) VALUES (20, 10);
INSERT INTO `technician_services` (`technician_id`, `service_id`) VALUES (18, 11);
INSERT INTO `technician_services` (`technician_id`, `service_id`) VALUES (40, 12);
INSERT INTO `technician_services` (`technician_id`, `service_id`) VALUES (23, 13);
INSERT INTO `technician_services` (`technician_id`, `service_id`) VALUES (10, 14);
INSERT INTO `technician_services` (`technician_id`, `service_id`) VALUES (8, 15);
INSERT INTO `technician_services` (`technician_id`, `service_id`) VALUES (31, 16);
INSERT INTO `technician_services` (`technician_id`, `service_id`) VALUES (28, 17);
INSERT INTO `technician_services` (`technician_id`, `service_id`) VALUES (33, 18);
INSERT INTO `technician_services` (`technician_id`, `service_id`) VALUES (17, 19);
INSERT INTO `technician_services` (`technician_id`, `service_id`) VALUES (7, 20);
INSERT INTO `technician_services` (`technician_id`, `service_id`) VALUES (2, 21);
INSERT INTO `technician_services` (`technician_id`, `service_id`) VALUES (1, 22);
INSERT INTO `technician_services` (`technician_id`, `service_id`) VALUES (2, 23);
INSERT INTO `technician_services` (`technician_id`, `service_id`) VALUES (23, 24);
INSERT INTO `technician_services` (`technician_id`, `service_id`) VALUES (12, 25);
INSERT INTO `technician_services` (`technician_id`, `service_id`) VALUES (34, 26);
INSERT INTO `technician_services` (`technician_id`, `service_id`) VALUES (4, 27);
INSERT INTO `technician_services` (`technician_id`, `service_id`) VALUES (16, 28);
INSERT INTO `technician_services` (`technician_id`, `service_id`) VALUES (37, 29);
INSERT INTO `technician_services` (`technician_id`, `service_id`) VALUES (13, 30);
INSERT INTO `technician_services` (`technician_id`, `service_id`) VALUES (24, 31);
INSERT INTO `technician_services` (`technician_id`, `service_id`) VALUES (12, 32);
INSERT INTO `technician_services` (`technician_id`, `service_id`) VALUES (24, 33);
INSERT INTO `technician_services` (`technician_id`, `service_id`) VALUES (27, 34);
INSERT INTO `technician_services` (`technician_id`, `service_id`) VALUES (21, 35);
INSERT INTO `technician_services` (`technician_id`, `service_id`) VALUES (1, 36);
INSERT INTO `technician_services` (`technician_id`, `service_id`) VALUES (21, 37);
INSERT INTO `technician_services` (`technician_id`, `service_id`) VALUES (21, 38);
INSERT INTO `technician_services` (`technician_id`, `service_id`) VALUES (13, 39);
INSERT INTO `technician_services` (`technician_id`, `service_id`) VALUES (6, 40);
INSERT INTO `technician_services` (`technician_id`, `service_id`) VALUES (11, 41);
INSERT INTO `technician_services` (`technician_id`, `service_id`) VALUES (9, 42);
INSERT INTO `technician_services` (`technician_id`, `service_id`) VALUES (37, 43);
INSERT INTO `technician_services` (`technician_id`, `service_id`) VALUES (10, 44);
INSERT INTO `technician_services` (`technician_id`, `service_id`) VALUES (17, 45);
INSERT INTO `technician_services` (`technician_id`, `service_id`) VALUES (5, 46);
INSERT INTO `technician_services` (`technician_id`, `service_id`) VALUES (36, 47);
INSERT INTO `technician_services` (`technician_id`, `service_id`) VALUES (5, 48);
INSERT INTO `technician_services` (`technician_id`, `service_id`) VALUES (17, 49);
INSERT INTO `technician_services` (`technician_id`, `service_id`) VALUES (10, 50);
INSERT INTO `technician_services` (`technician_id`, `service_id`) VALUES (2, 51);
INSERT INTO `technician_services` (`technician_id`, `service_id`) VALUES (20, 52);
INSERT INTO `technician_services` (`technician_id`, `service_id`) VALUES (25, 53);
INSERT INTO `technician_services` (`technician_id`, `service_id`) VALUES (1, 54);
INSERT INTO `technician_services` (`technician_id`, `service_id`) VALUES (27, 55);
INSERT INTO `technician_services` (`technician_id`, `service_id`) VALUES (39, 56);
INSERT INTO `technician_services` (`technician_id`, `service_id`) VALUES (28, 57);
INSERT INTO `technician_services` (`technician_id`, `service_id`) VALUES (20, 58);
INSERT INTO `technician_services` (`technician_id`, `service_id`) VALUES (31, 59);
INSERT INTO `technician_services` (`technician_id`, `service_id`) VALUES (16, 60);
INSERT INTO `technician_services` (`technician_id`, `service_id`) VALUES (34, 61);
INSERT INTO `technician_services` (`technician_id`, `service_id`) VALUES (8, 62);
INSERT INTO `technician_services` (`technician_id`, `service_id`) VALUES (19, 63);
INSERT INTO `technician_services` (`technician_id`, `service_id`) VALUES (34, 64);
INSERT INTO `technician_services` (`technician_id`, `service_id`) VALUES (39, 65);
INSERT INTO `technician_services` (`technician_id`, `service_id`) VALUES (22, 66);
INSERT INTO `technician_services` (`technician_id`, `service_id`) VALUES (3, 67);
INSERT INTO `technician_services` (`technician_id`, `service_id`) VALUES (32, 68);
INSERT INTO `technician_services` (`technician_id`, `service_id`) VALUES (4, 69);
INSERT INTO `technician_services` (`technician_id`, `service_id`) VALUES (23, 70);
INSERT INTO `technician_services` (`technician_id`, `service_id`) VALUES (3, 71);
INSERT INTO `technician_services` (`technician_id`, `service_id`) VALUES (25, 72);
INSERT INTO `technician_services` (`technician_id`, `service_id`) VALUES (17, 73);
INSERT INTO `technician_services` (`technician_id`, `service_id`) VALUES (25, 74);
INSERT INTO `technician_services` (`technician_id`, `service_id`) VALUES (20, 75);
INSERT INTO `technician_services` (`technician_id`, `service_id`) VALUES (17, 76);
INSERT INTO `technician_services` (`technician_id`, `service_id`) VALUES (29, 77);
INSERT INTO `technician_services` (`technician_id`, `service_id`) VALUES (29, 78);
INSERT INTO `technician_services` (`technician_id`, `service_id`) VALUES (36, 79);
INSERT INTO `technician_services` (`technician_id`, `service_id`) VALUES (27, 80);
INSERT INTO `technician_services` (`technician_id`, `service_id`) VALUES (37, 81);
INSERT INTO `technician_services` (`technician_id`, `service_id`) VALUES (31, 82);
INSERT INTO `technician_services` (`technician_id`, `service_id`) VALUES (31, 83);
INSERT INTO `technician_services` (`technician_id`, `service_id`) VALUES (9, 84);
INSERT INTO `technician_services` (`technician_id`, `service_id`) VALUES (36, 85);
INSERT INTO `technician_services` (`technician_id`, `service_id`) VALUES (14, 86);
INSERT INTO `technician_services` (`technician_id`, `service_id`) VALUES (29, 87);
INSERT INTO `technician_services` (`technician_id`, `service_id`) VALUES (20, 88);
INSERT INTO `technician_services` (`technician_id`, `service_id`) VALUES (13, 89);
INSERT INTO `technician_services` (`technician_id`, `service_id`) VALUES (21, 90);
INSERT INTO `technician_services` (`technician_id`, `service_id`) VALUES (37, 91);
INSERT INTO `technician_services` (`technician_id`, `service_id`) VALUES (9, 92);
INSERT INTO `technician_services` (`technician_id`, `service_id`) VALUES (32, 93);
INSERT INTO `technician_services` (`technician_id`, `service_id`) VALUES (2, 94);
INSERT INTO `technician_services` (`technician_id`, `service_id`) VALUES (32, 95);
INSERT INTO `technician_services` (`technician_id`, `service_id`) VALUES (21, 96);
INSERT INTO `technician_services` (`technician_id`, `service_id`) VALUES (12, 97);
INSERT INTO `technician_services` (`technician_id`, `service_id`) VALUES (9, 98);
INSERT INTO `technician_services` (`technician_id`, `service_id`) VALUES (24, 99);
INSERT INTO `technician_services` (`technician_id`, `service_id`) VALUES (35, 100);
INSERT INTO `technician_services` (`technician_id`, `service_id`) VALUES (21, 101);
INSERT INTO `technician_services` (`technician_id`, `service_id`) VALUES (24, 102);
INSERT INTO `technician_services` (`technician_id`, `service_id`) VALUES (35, 103);
INSERT INTO `technician_services` (`technician_id`, `service_id`) VALUES (23, 104);
INSERT INTO `technician_services` (`technician_id`, `service_id`) VALUES (19, 105);
INSERT INTO `technician_services` (`technician_id`, `service_id`) VALUES (40, 106);
INSERT INTO `technician_services` (`technician_id`, `service_id`) VALUES (26, 107);
INSERT INTO `technician_services` (`technician_id`, `service_id`) VALUES (32, 108);
INSERT INTO `technician_services` (`technician_id`, `service_id`) VALUES (25, 109);
INSERT INTO `technician_services` (`technician_id`, `service_id`) VALUES (17, 110);
INSERT INTO `technician_services` (`technician_id`, `service_id`) VALUES (32, 111);
INSERT INTO `technician_services` (`technician_id`, `service_id`) VALUES (30, 112);
INSERT INTO `technician_services` (`technician_id`, `service_id`) VALUES (32, 113);
INSERT INTO `technician_services` (`technician_id`, `service_id`) VALUES (38, 114);
INSERT INTO `technician_services` (`technician_id`, `service_id`) VALUES (9, 115);
INSERT INTO `technician_services` (`technician_id`, `service_id`) VALUES (31, 116);
INSERT INTO `technician_services` (`technician_id`, `service_id`) VALUES (3, 117);
INSERT INTO `technician_services` (`technician_id`, `service_id`) VALUES (2, 118);
INSERT INTO `technician_services` (`technician_id`, `service_id`) VALUES (21, 119);
INSERT INTO `technician_services` (`technician_id`, `service_id`) VALUES (33, 120);
INSERT INTO `technician_services` (`technician_id`, `service_id`) VALUES (7, 121);
INSERT INTO `technician_services` (`technician_id`, `service_id`) VALUES (11, 122);
INSERT INTO `technician_services` (`technician_id`, `service_id`) VALUES (18, 123);
INSERT INTO `technician_services` (`technician_id`, `service_id`) VALUES (3, 124);
INSERT INTO `technician_services` (`technician_id`, `service_id`) VALUES (5, 125);
INSERT INTO `technician_services` (`technician_id`, `service_id`) VALUES (30, 126);
INSERT INTO `technician_services` (`technician_id`, `service_id`) VALUES (16, 127);
INSERT INTO `technician_services` (`technician_id`, `service_id`) VALUES (2, 128);
INSERT INTO `technician_services` (`technician_id`, `service_id`) VALUES (35, 129);
INSERT INTO `technician_services` (`technician_id`, `service_id`) VALUES (23, 130);
INSERT INTO `technician_services` (`technician_id`, `service_id`) VALUES (13, 131);
INSERT INTO `technician_services` (`technician_id`, `service_id`) VALUES (11, 132);
INSERT INTO `technician_services` (`technician_id`, `service_id`) VALUES (18, 133);
INSERT INTO `technician_services` (`technician_id`, `service_id`) VALUES (39, 134);
INSERT INTO `technician_services` (`technician_id`, `service_id`) VALUES (20, 135);
INSERT INTO `technician_services` (`technician_id`, `service_id`) VALUES (34, 136);
INSERT INTO `technician_services` (`technician_id`, `service_id`) VALUES (16, 137);
INSERT INTO `technician_services` (`technician_id`, `service_id`) VALUES (38, 138);
INSERT INTO `technician_services` (`technician_id`, `service_id`) VALUES (31, 139);
INSERT INTO `technician_services` (`technician_id`, `service_id`) VALUES (1, 140);
INSERT INTO `technician_services` (`technician_id`, `service_id`) VALUES (10, 141);
INSERT INTO `technician_services` (`technician_id`, `service_id`) VALUES (15, 142);
INSERT INTO `technician_services` (`technician_id`, `service_id`) VALUES (4, 143);
INSERT INTO `technician_services` (`technician_id`, `service_id`) VALUES (17, 144);
INSERT INTO `technician_services` (`technician_id`, `service_id`) VALUES (2, 145);
INSERT INTO `technician_services` (`technician_id`, `service_id`) VALUES (1, 146);
INSERT INTO `technician_services` (`technician_id`, `service_id`) VALUES (37, 147);
INSERT INTO `technician_services` (`technician_id`, `service_id`) VALUES (12, 148);
INSERT INTO `technician_services` (`technician_id`, `service_id`) VALUES (12, 149);
INSERT INTO `technician_services` (`technician_id`, `service_id`) VALUES (14, 150);
INSERT INTO `technician_services` (`technician_id`, `service_id`) VALUES (34, 151);
INSERT INTO `technician_services` (`technician_id`, `service_id`) VALUES (37, 152);
INSERT INTO `technician_services` (`technician_id`, `service_id`) VALUES (19, 153);
INSERT INTO `technician_services` (`technician_id`, `service_id`) VALUES (7, 154);
INSERT INTO `technician_services` (`technician_id`, `service_id`) VALUES (6, 155);
INSERT INTO `technician_services` (`technician_id`, `service_id`) VALUES (40, 156);
INSERT INTO `technician_services` (`technician_id`, `service_id`) VALUES (11, 157);
INSERT INTO `technician_services` (`technician_id`, `service_id`) VALUES (10, 158);
INSERT INTO `technician_services` (`technician_id`, `service_id`) VALUES (20, 159);
INSERT INTO `technician_services` (`technician_id`, `service_id`) VALUES (24, 160);
INSERT INTO `technician_services` (`technician_id`, `service_id`) VALUES (19, 161);
INSERT INTO `technician_services` (`technician_id`, `service_id`) VALUES (26, 162);
INSERT INTO `technician_services` (`technician_id`, `service_id`) VALUES (5, 163);
INSERT INTO `technician_services` (`technician_id`, `service_id`) VALUES (32, 164);
INSERT INTO `technician_services` (`technician_id`, `service_id`) VALUES (1, 165);
INSERT INTO `technician_services` (`technician_id`, `service_id`) VALUES (12, 166);
INSERT INTO `technician_services` (`technician_id`, `service_id`) VALUES (23, 167);
INSERT INTO `technician_services` (`technician_id`, `service_id`) VALUES (1, 168);
INSERT INTO `technician_services` (`technician_id`, `service_id`) VALUES (9, 169);
INSERT INTO `technician_services` (`technician_id`, `service_id`) VALUES (31, 170);
INSERT INTO `technician_services` (`technician_id`, `service_id`) VALUES (28, 171);
INSERT INTO `technician_services` (`technician_id`, `service_id`) VALUES (8, 172);
INSERT INTO `technician_services` (`technician_id`, `service_id`) VALUES (40, 173);
INSERT INTO `technician_services` (`technician_id`, `service_id`) VALUES (30, 174);
INSERT INTO `technician_services` (`technician_id`, `service_id`) VALUES (14, 175);
INSERT INTO `technician_services` (`technician_id`, `service_id`) VALUES (15, 176);
INSERT INTO `technician_services` (`technician_id`, `service_id`) VALUES (11, 177);
INSERT INTO `technician_services` (`technician_id`, `service_id`) VALUES (40, 178);
INSERT INTO `technician_services` (`technician_id`, `service_id`) VALUES (34, 179);
INSERT INTO `technician_services` (`technician_id`, `service_id`) VALUES (11, 180);
INSERT INTO `technician_services` (`technician_id`, `service_id`) VALUES (27, 181);
INSERT INTO `technician_services` (`technician_id`, `service_id`) VALUES (32, 182);
INSERT INTO `technician_services` (`technician_id`, `service_id`) VALUES (8, 183);
INSERT INTO `technician_services` (`technician_id`, `service_id`) VALUES (4, 184);
INSERT INTO `technician_services` (`technician_id`, `service_id`) VALUES (33, 185);
INSERT INTO `technician_services` (`technician_id`, `service_id`) VALUES (15, 186);
INSERT INTO `technician_services` (`technician_id`, `service_id`) VALUES (18, 187);
INSERT INTO `technician_services` (`technician_id`, `service_id`) VALUES (33, 188);
INSERT INTO `technician_services` (`technician_id`, `service_id`) VALUES (11, 189);
INSERT INTO `technician_services` (`technician_id`, `service_id`) VALUES (2, 190);
INSERT INTO `technician_services` (`technician_id`, `service_id`) VALUES (13, 191);
INSERT INTO `technician_services` (`technician_id`, `service_id`) VALUES (13, 192);
INSERT INTO `technician_services` (`technician_id`, `service_id`) VALUES (11, 193);
INSERT INTO `technician_services` (`technician_id`, `service_id`) VALUES (38, 194);
INSERT INTO `technician_services` (`technician_id`, `service_id`) VALUES (7, 195);
INSERT INTO `technician_services` (`technician_id`, `service_id`) VALUES (10, 196);
INSERT INTO `technician_services` (`technician_id`, `service_id`) VALUES (14, 197);
INSERT INTO `technician_services` (`technician_id`, `service_id`) VALUES (33, 198);
INSERT INTO `technician_services` (`technician_id`, `service_id`) VALUES (6, 199);
INSERT INTO `technician_services` (`technician_id`, `service_id`) VALUES (23, 200);
INSERT INTO `technician_services` (`technician_id`, `service_id`) VALUES (29, 201);
INSERT INTO `technician_services` (`technician_id`, `service_id`) VALUES (33, 202);
INSERT INTO `technician_services` (`technician_id`, `service_id`) VALUES (11, 203);
INSERT INTO `technician_services` (`technician_id`, `service_id`) VALUES (36, 204);
INSERT INTO `technician_services` (`technician_id`, `service_id`) VALUES (18, 205);
INSERT INTO `technician_services` (`technician_id`, `service_id`) VALUES (37, 206);
INSERT INTO `technician_services` (`technician_id`, `service_id`) VALUES (7, 207);
INSERT INTO `technician_services` (`technician_id`, `service_id`) VALUES (7, 208);
INSERT INTO `technician_services` (`technician_id`, `service_id`) VALUES (30, 209);
INSERT INTO `technician_services` (`technician_id`, `service_id`) VALUES (19, 210);
INSERT INTO `technician_services` (`technician_id`, `service_id`) VALUES (38, 211);
INSERT INTO `technician_services` (`technician_id`, `service_id`) VALUES (27, 212);
INSERT INTO `technician_services` (`technician_id`, `service_id`) VALUES (5, 213);
INSERT INTO `technician_services` (`technician_id`, `service_id`) VALUES (27, 214);
INSERT INTO `technician_services` (`technician_id`, `service_id`) VALUES (17, 215);
INSERT INTO `technician_services` (`technician_id`, `service_id`) VALUES (17, 216);
INSERT INTO `technician_services` (`technician_id`, `service_id`) VALUES (3, 217);
INSERT INTO `technician_services` (`technician_id`, `service_id`) VALUES (32, 218);
INSERT INTO `technician_services` (`technician_id`, `service_id`) VALUES (16, 219);
INSERT INTO `technician_services` (`technician_id`, `service_id`) VALUES (37, 220);
INSERT INTO `technician_services` (`technician_id`, `service_id`) VALUES (32, 221);
INSERT INTO `technician_services` (`technician_id`, `service_id`) VALUES (16, 222);
INSERT INTO `technician_services` (`technician_id`, `service_id`) VALUES (22, 223);
INSERT INTO `technician_services` (`technician_id`, `service_id`) VALUES (27, 224);
INSERT INTO `technician_services` (`technician_id`, `service_id`) VALUES (32, 225);
INSERT INTO `technician_services` (`technician_id`, `service_id`) VALUES (5, 226);
INSERT INTO `technician_services` (`technician_id`, `service_id`) VALUES (25, 227);
INSERT INTO `technician_services` (`technician_id`, `service_id`) VALUES (19, 228);
INSERT INTO `technician_services` (`technician_id`, `service_id`) VALUES (13, 229);
INSERT INTO `technician_services` (`technician_id`, `service_id`) VALUES (15, 230);
INSERT INTO `technician_services` (`technician_id`, `service_id`) VALUES (37, 231);
INSERT INTO `technician_services` (`technician_id`, `service_id`) VALUES (30, 232);
INSERT INTO `technician_services` (`technician_id`, `service_id`) VALUES (32, 233);
INSERT INTO `technician_services` (`technician_id`, `service_id`) VALUES (38, 234);
INSERT INTO `technician_services` (`technician_id`, `service_id`) VALUES (20, 235);
INSERT INTO `technician_services` (`technician_id`, `service_id`) VALUES (21, 236);
INSERT INTO `technician_services` (`technician_id`, `service_id`) VALUES (36, 237);
INSERT INTO `technician_services` (`technician_id`, `service_id`) VALUES (32, 238);
INSERT INTO `technician_services` (`technician_id`, `service_id`) VALUES (8, 239);
INSERT INTO `technician_services` (`technician_id`, `service_id`) VALUES (40, 240);
INSERT INTO `technician_services` (`technician_id`, `service_id`) VALUES (24, 241);
INSERT INTO `technician_services` (`technician_id`, `service_id`) VALUES (15, 242);
INSERT INTO `technician_services` (`technician_id`, `service_id`) VALUES (11, 243);
INSERT INTO `technician_services` (`technician_id`, `service_id`) VALUES (28, 244);
INSERT INTO `technician_services` (`technician_id`, `service_id`) VALUES (7, 245);
INSERT INTO `technician_services` (`technician_id`, `service_id`) VALUES (17, 246);
INSERT INTO `technician_services` (`technician_id`, `service_id`) VALUES (31, 247);
INSERT INTO `technician_services` (`technician_id`, `service_id`) VALUES (39, 248);
INSERT INTO `technician_services` (`technician_id`, `service_id`) VALUES (35, 249);
INSERT INTO `technician_services` (`technician_id`, `service_id`) VALUES (33, 250);
INSERT INTO `technician_services` (`technician_id`, `service_id`) VALUES (21, 251);
INSERT INTO `technician_services` (`technician_id`, `service_id`) VALUES (19, 252);
INSERT INTO `technician_services` (`technician_id`, `service_id`) VALUES (30, 253);
INSERT INTO `technician_services` (`technician_id`, `service_id`) VALUES (18, 254);
INSERT INTO `technician_services` (`technician_id`, `service_id`) VALUES (31, 255);
INSERT INTO `technician_services` (`technician_id`, `service_id`) VALUES (7, 256);
INSERT INTO `technician_services` (`technician_id`, `service_id`) VALUES (9, 257);
INSERT INTO `technician_services` (`technician_id`, `service_id`) VALUES (25, 258);
INSERT INTO `technician_services` (`technician_id`, `service_id`) VALUES (10, 259);
INSERT INTO `technician_services` (`technician_id`, `service_id`) VALUES (30, 260);
INSERT INTO `technician_services` (`technician_id`, `service_id`) VALUES (1, 261);
INSERT INTO `technician_services` (`technician_id`, `service_id`) VALUES (26, 262);
INSERT INTO `technician_services` (`technician_id`, `service_id`) VALUES (2, 263);
INSERT INTO `technician_services` (`technician_id`, `service_id`) VALUES (38, 264);
INSERT INTO `technician_services` (`technician_id`, `service_id`) VALUES (13, 265);
INSERT INTO `technician_services` (`technician_id`, `service_id`) VALUES (1, 266);
INSERT INTO `technician_services` (`technician_id`, `service_id`) VALUES (30, 267);
INSERT INTO `technician_services` (`technician_id`, `service_id`) VALUES (14, 268);
INSERT INTO `technician_services` (`technician_id`, `service_id`) VALUES (7, 269);
INSERT INTO `technician_services` (`technician_id`, `service_id`) VALUES (33, 270);
INSERT INTO `technician_services` (`technician_id`, `service_id`) VALUES (8, 271);
INSERT INTO `technician_services` (`technician_id`, `service_id`) VALUES (28, 272);
INSERT INTO `technician_services` (`technician_id`, `service_id`) VALUES (3, 273);
INSERT INTO `technician_services` (`technician_id`, `service_id`) VALUES (34, 274);
INSERT INTO `technician_services` (`technician_id`, `service_id`) VALUES (40, 275);
INSERT INTO `technician_services` (`technician_id`, `service_id`) VALUES (34, 276);
INSERT INTO `technician_services` (`technician_id`, `service_id`) VALUES (30, 277);
INSERT INTO `technician_services` (`technician_id`, `service_id`) VALUES (27, 278);
INSERT INTO `technician_services` (`technician_id`, `service_id`) VALUES (22, 279);
INSERT INTO `technician_services` (`technician_id`, `service_id`) VALUES (15, 280);
INSERT INTO `technician_services` (`technician_id`, `service_id`) VALUES (38, 281);
INSERT INTO `technician_services` (`technician_id`, `service_id`) VALUES (9, 282);
INSERT INTO `technician_services` (`technician_id`, `service_id`) VALUES (40, 283);
INSERT INTO `technician_services` (`technician_id`, `service_id`) VALUES (11, 284);
INSERT INTO `technician_services` (`technician_id`, `service_id`) VALUES (28, 285);
INSERT INTO `technician_services` (`technician_id`, `service_id`) VALUES (34, 286);
INSERT INTO `technician_services` (`technician_id`, `service_id`) VALUES (28, 287);
INSERT INTO `technician_services` (`technician_id`, `service_id`) VALUES (17, 288);
INSERT INTO `technician_services` (`technician_id`, `service_id`) VALUES (30, 289);
INSERT INTO `technician_services` (`technician_id`, `service_id`) VALUES (5, 290);
INSERT INTO `technician_services` (`technician_id`, `service_id`) VALUES (8, 291);
INSERT INTO `technician_services` (`technician_id`, `service_id`) VALUES (11, 292);
INSERT INTO `technician_services` (`technician_id`, `service_id`) VALUES (19, 293);
INSERT INTO `technician_services` (`technician_id`, `service_id`) VALUES (16, 294);
INSERT INTO `technician_services` (`technician_id`, `service_id`) VALUES (29, 295);
INSERT INTO `technician_services` (`technician_id`, `service_id`) VALUES (8, 296);
INSERT INTO `technician_services` (`technician_id`, `service_id`) VALUES (15, 297);
INSERT INTO `technician_services` (`technician_id`, `service_id`) VALUES (21, 298);
INSERT INTO `technician_services` (`technician_id`, `service_id`) VALUES (3, 299);
INSERT INTO `technician_services` (`technician_id`, `service_id`) VALUES (31, 300);
INSERT INTO `technician_services` (`technician_id`, `service_id`) VALUES (8, 301);
INSERT INTO `technician_services` (`technician_id`, `service_id`) VALUES (17, 302);
INSERT INTO `technician_services` (`technician_id`, `service_id`) VALUES (3, 303);
INSERT INTO `technician_services` (`technician_id`, `service_id`) VALUES (2, 304);
INSERT INTO `technician_services` (`technician_id`, `service_id`) VALUES (15, 305);
INSERT INTO `technician_services` (`technician_id`, `service_id`) VALUES (16, 306);
INSERT INTO `technician_services` (`technician_id`, `service_id`) VALUES (33, 307);
INSERT INTO `technician_services` (`technician_id`, `service_id`) VALUES (12, 308);
INSERT INTO `technician_services` (`technician_id`, `service_id`) VALUES (32, 309);
INSERT INTO `technician_services` (`technician_id`, `service_id`) VALUES (10, 310);
INSERT INTO `technician_services` (`technician_id`, `service_id`) VALUES (25, 311);
INSERT INTO `technician_services` (`technician_id`, `service_id`) VALUES (17, 312);
INSERT INTO `technician_services` (`technician_id`, `service_id`) VALUES (20, 313);
INSERT INTO `technician_services` (`technician_id`, `service_id`) VALUES (5, 314);
INSERT INTO `technician_services` (`technician_id`, `service_id`) VALUES (2, 315);
INSERT INTO `technician_services` (`technician_id`, `service_id`) VALUES (2, 316);
INSERT INTO `technician_services` (`technician_id`, `service_id`) VALUES (4, 317);
INSERT INTO `technician_services` (`technician_id`, `service_id`) VALUES (2, 318);
INSERT INTO `technician_services` (`technician_id`, `service_id`) VALUES (5, 319);
INSERT INTO `technician_services` (`technician_id`, `service_id`) VALUES (2, 320);
INSERT INTO `technician_services` (`technician_id`, `service_id`) VALUES (10, 321);
INSERT INTO `technician_services` (`technician_id`, `service_id`) VALUES (14, 322);
INSERT INTO `technician_services` (`technician_id`, `service_id`) VALUES (26, 323);
INSERT INTO `technician_services` (`technician_id`, `service_id`) VALUES (25, 324);
INSERT INTO `technician_services` (`technician_id`, `service_id`) VALUES (14, 325);
INSERT INTO `technician_services` (`technician_id`, `service_id`) VALUES (40, 326);
INSERT INTO `technician_services` (`technician_id`, `service_id`) VALUES (10, 327);
INSERT INTO `technician_services` (`technician_id`, `service_id`) VALUES (9, 328);
INSERT INTO `technician_services` (`technician_id`, `service_id`) VALUES (29, 329);
INSERT INTO `technician_services` (`technician_id`, `service_id`) VALUES (13, 330);
INSERT INTO `technician_services` (`technician_id`, `service_id`) VALUES (23, 331);
INSERT INTO `technician_services` (`technician_id`, `service_id`) VALUES (40, 332);
INSERT INTO `technician_services` (`technician_id`, `service_id`) VALUES (22, 333);
INSERT INTO `technician_services` (`technician_id`, `service_id`) VALUES (39, 334);
INSERT INTO `technician_services` (`technician_id`, `service_id`) VALUES (26, 335);
INSERT INTO `technician_services` (`technician_id`, `service_id`) VALUES (18, 336);
INSERT INTO `technician_services` (`technician_id`, `service_id`) VALUES (3, 337);
INSERT INTO `technician_services` (`technician_id`, `service_id`) VALUES (38, 338);
INSERT INTO `technician_services` (`technician_id`, `service_id`) VALUES (28, 339);
INSERT INTO `technician_services` (`technician_id`, `service_id`) VALUES (19, 340);
INSERT INTO `technician_services` (`technician_id`, `service_id`) VALUES (34, 341);
INSERT INTO `technician_services` (`technician_id`, `service_id`) VALUES (26, 342);
INSERT INTO `technician_services` (`technician_id`, `service_id`) VALUES (19, 343);
INSERT INTO `technician_services` (`technician_id`, `service_id`) VALUES (10, 344);
INSERT INTO `technician_services` (`technician_id`, `service_id`) VALUES (27, 345);
INSERT INTO `technician_services` (`technician_id`, `service_id`) VALUES (10, 346);
INSERT INTO `technician_services` (`technician_id`, `service_id`) VALUES (35, 347);
INSERT INTO `technician_services` (`technician_id`, `service_id`) VALUES (16, 348);
INSERT INTO `technician_services` (`technician_id`, `service_id`) VALUES (26, 349);
INSERT INTO `technician_services` (`technician_id`, `service_id`) VALUES (35, 350);
INSERT INTO `technician_services` (`technician_id`, `service_id`) VALUES (32, 351);
INSERT INTO `technician_services` (`technician_id`, `service_id`) VALUES (37, 352);
INSERT INTO `technician_services` (`technician_id`, `service_id`) VALUES (25, 353);
INSERT INTO `technician_services` (`technician_id`, `service_id`) VALUES (37, 354);
INSERT INTO `technician_services` (`technician_id`, `service_id`) VALUES (37, 355);
INSERT INTO `technician_services` (`technician_id`, `service_id`) VALUES (37, 356);
INSERT INTO `technician_services` (`technician_id`, `service_id`) VALUES (15, 357);
INSERT INTO `technician_services` (`technician_id`, `service_id`) VALUES (13, 358);
INSERT INTO `technician_services` (`technician_id`, `service_id`) VALUES (22, 359);
INSERT INTO `technician_services` (`technician_id`, `service_id`) VALUES (28, 360);
INSERT INTO `technician_services` (`technician_id`, `service_id`) VALUES (17, 361);
INSERT INTO `technician_services` (`technician_id`, `service_id`) VALUES (4, 362);
INSERT INTO `technician_services` (`technician_id`, `service_id`) VALUES (30, 363);
INSERT INTO `technician_services` (`technician_id`, `service_id`) VALUES (11, 364);
INSERT INTO `technician_services` (`technician_id`, `service_id`) VALUES (20, 365);
INSERT INTO `technician_services` (`technician_id`, `service_id`) VALUES (37, 366);
INSERT INTO `technician_services` (`technician_id`, `service_id`) VALUES (1, 367);
INSERT INTO `technician_services` (`technician_id`, `service_id`) VALUES (20, 368);
INSERT INTO `technician_services` (`technician_id`, `service_id`) VALUES (21, 369);
INSERT INTO `technician_services` (`technician_id`, `service_id`) VALUES (17, 370);
INSERT INTO `technician_services` (`technician_id`, `service_id`) VALUES (2, 371);
INSERT INTO `technician_services` (`technician_id`, `service_id`) VALUES (7, 372);
INSERT INTO `technician_services` (`technician_id`, `service_id`) VALUES (34, 373);
INSERT INTO `technician_services` (`technician_id`, `service_id`) VALUES (25, 374);
INSERT INTO `technician_services` (`technician_id`, `service_id`) VALUES (7, 375);
INSERT INTO `technician_services` (`technician_id`, `service_id`) VALUES (7, 376);
INSERT INTO `technician_services` (`technician_id`, `service_id`) VALUES (17, 377);
INSERT INTO `technician_services` (`technician_id`, `service_id`) VALUES (12, 378);
INSERT INTO `technician_services` (`technician_id`, `service_id`) VALUES (1, 379);
INSERT INTO `technician_services` (`technician_id`, `service_id`) VALUES (18, 380);
INSERT INTO `technician_services` (`technician_id`, `service_id`) VALUES (16, 381);
INSERT INTO `technician_services` (`technician_id`, `service_id`) VALUES (12, 382);
INSERT INTO `technician_services` (`technician_id`, `service_id`) VALUES (24, 383);
INSERT INTO `technician_services` (`technician_id`, `service_id`) VALUES (23, 384);
INSERT INTO `technician_services` (`technician_id`, `service_id`) VALUES (23, 385);
INSERT INTO `technician_services` (`technician_id`, `service_id`) VALUES (39, 386);
INSERT INTO `technician_services` (`technician_id`, `service_id`) VALUES (16, 387);
INSERT INTO `technician_services` (`technician_id`, `service_id`) VALUES (11, 388);
INSERT INTO `technician_services` (`technician_id`, `service_id`) VALUES (7, 389);
INSERT INTO `technician_services` (`technician_id`, `service_id`) VALUES (37, 390);
INSERT INTO `technician_services` (`technician_id`, `service_id`) VALUES (23, 391);
INSERT INTO `technician_services` (`technician_id`, `service_id`) VALUES (39, 392);
INSERT INTO `technician_services` (`technician_id`, `service_id`) VALUES (39, 393);
INSERT INTO `technician_services` (`technician_id`, `service_id`) VALUES (20, 394);
INSERT INTO `technician_services` (`technician_id`, `service_id`) VALUES (8, 395);
INSERT INTO `technician_services` (`technician_id`, `service_id`) VALUES (5, 396);
INSERT INTO `technician_services` (`technician_id`, `service_id`) VALUES (25, 397);
INSERT INTO `technician_services` (`technician_id`, `service_id`) VALUES (13, 398);
INSERT INTO `technician_services` (`technician_id`, `service_id`) VALUES (20, 399);
INSERT INTO `technician_services` (`technician_id`, `service_id`) VALUES (20, 400);
INSERT INTO `technician_services` (`technician_id`, `service_id`) VALUES (12, 401);
INSERT INTO `technician_services` (`technician_id`, `service_id`) VALUES (5, 402);
INSERT INTO `technician_services` (`technician_id`, `service_id`) VALUES (31, 403);
INSERT INTO `technician_services` (`technician_id`, `service_id`) VALUES (30, 404);
INSERT INTO `technician_services` (`technician_id`, `service_id`) VALUES (14, 405);
INSERT INTO `technician_services` (`technician_id`, `service_id`) VALUES (15, 406);
INSERT INTO `technician_services` (`technician_id`, `service_id`) VALUES (9, 407);
INSERT INTO `technician_services` (`technician_id`, `service_id`) VALUES (10, 408);
INSERT INTO `technician_services` (`technician_id`, `service_id`) VALUES (5, 409);
INSERT INTO `technician_services` (`technician_id`, `service_id`) VALUES (33, 410);
INSERT INTO `technician_services` (`technician_id`, `service_id`) VALUES (34, 411);
INSERT INTO `technician_services` (`technician_id`, `service_id`) VALUES (16, 412);
INSERT INTO `technician_services` (`technician_id`, `service_id`) VALUES (3, 413);
INSERT INTO `technician_services` (`technician_id`, `service_id`) VALUES (12, 414);
INSERT INTO `technician_services` (`technician_id`, `service_id`) VALUES (13, 415);
INSERT INTO `technician_services` (`technician_id`, `service_id`) VALUES (13, 416);
INSERT INTO `technician_services` (`technician_id`, `service_id`) VALUES (22, 417);
INSERT INTO `technician_services` (`technician_id`, `service_id`) VALUES (13, 418);
INSERT INTO `technician_services` (`technician_id`, `service_id`) VALUES (14, 419);
INSERT INTO `technician_services` (`technician_id`, `service_id`) VALUES (28, 420);
INSERT INTO `technician_services` (`technician_id`, `service_id`) VALUES (36, 421);
INSERT INTO `technician_services` (`technician_id`, `service_id`) VALUES (13, 422);
INSERT INTO `technician_services` (`technician_id`, `service_id`) VALUES (13, 423);
INSERT INTO `technician_services` (`technician_id`, `service_id`) VALUES (12, 424);
INSERT INTO `technician_services` (`technician_id`, `service_id`) VALUES (34, 425);
INSERT INTO `technician_services` (`technician_id`, `service_id`) VALUES (27, 426);
INSERT INTO `technician_services` (`technician_id`, `service_id`) VALUES (22, 427);
INSERT INTO `technician_services` (`technician_id`, `service_id`) VALUES (31, 428);
INSERT INTO `technician_services` (`technician_id`, `service_id`) VALUES (26, 429);
INSERT INTO `technician_services` (`technician_id`, `service_id`) VALUES (14, 430);
INSERT INTO `technician_services` (`technician_id`, `service_id`) VALUES (3, 431);
INSERT INTO `technician_services` (`technician_id`, `service_id`) VALUES (36, 432);
INSERT INTO `technician_services` (`technician_id`, `service_id`) VALUES (17, 433);
INSERT INTO `technician_services` (`technician_id`, `service_id`) VALUES (29, 434);
INSERT INTO `technician_services` (`technician_id`, `service_id`) VALUES (14, 435);
INSERT INTO `technician_services` (`technician_id`, `service_id`) VALUES (17, 436);
INSERT INTO `technician_services` (`technician_id`, `service_id`) VALUES (9, 437);
INSERT INTO `technician_services` (`technician_id`, `service_id`) VALUES (34, 438);
INSERT INTO `technician_services` (`technician_id`, `service_id`) VALUES (34, 439);
INSERT INTO `technician_services` (`technician_id`, `service_id`) VALUES (10, 440);
INSERT INTO `technician_services` (`technician_id`, `service_id`) VALUES (23, 441);
INSERT INTO `technician_services` (`technician_id`, `service_id`) VALUES (31, 442);
INSERT INTO `technician_services` (`technician_id`, `service_id`) VALUES (29, 443);
INSERT INTO `technician_services` (`technician_id`, `service_id`) VALUES (2, 444);
INSERT INTO `technician_services` (`technician_id`, `service_id`) VALUES (28, 445);
INSERT INTO `technician_services` (`technician_id`, `service_id`) VALUES (20, 446);
INSERT INTO `technician_services` (`technician_id`, `service_id`) VALUES (40, 447);
INSERT INTO `technician_services` (`technician_id`, `service_id`) VALUES (7, 448);
INSERT INTO `technician_services` (`technician_id`, `service_id`) VALUES (6, 449);
INSERT INTO `technician_services` (`technician_id`, `service_id`) VALUES (10, 450);
INSERT INTO `technician_services` (`technician_id`, `service_id`) VALUES (21, 451);
INSERT INTO `technician_services` (`technician_id`, `service_id`) VALUES (27, 452);
INSERT INTO `technician_services` (`technician_id`, `service_id`) VALUES (15, 453);
INSERT INTO `technician_services` (`technician_id`, `service_id`) VALUES (31, 454);
INSERT INTO `technician_services` (`technician_id`, `service_id`) VALUES (36, 455);
INSERT INTO `technician_services` (`technician_id`, `service_id`) VALUES (21, 456);
INSERT INTO `technician_services` (`technician_id`, `service_id`) VALUES (20, 457);
INSERT INTO `technician_services` (`technician_id`, `service_id`) VALUES (33, 458);
INSERT INTO `technician_services` (`technician_id`, `service_id`) VALUES (19, 459);
INSERT INTO `technician_services` (`technician_id`, `service_id`) VALUES (40, 460);
INSERT INTO `technician_services` (`technician_id`, `service_id`) VALUES (31, 461);
INSERT INTO `technician_services` (`technician_id`, `service_id`) VALUES (39, 462);
INSERT INTO `technician_services` (`technician_id`, `service_id`) VALUES (36, 463);
INSERT INTO `technician_services` (`technician_id`, `service_id`) VALUES (7, 464);
INSERT INTO `technician_services` (`technician_id`, `service_id`) VALUES (21, 465);
INSERT INTO `technician_services` (`technician_id`, `service_id`) VALUES (32, 466);
INSERT INTO `technician_services` (`technician_id`, `service_id`) VALUES (29, 467);
INSERT INTO `technician_services` (`technician_id`, `service_id`) VALUES (25, 468);
INSERT INTO `technician_services` (`technician_id`, `service_id`) VALUES (40, 469);
INSERT INTO `technician_services` (`technician_id`, `service_id`) VALUES (38, 470);
INSERT INTO `technician_services` (`technician_id`, `service_id`) VALUES (16, 471);
INSERT INTO `technician_services` (`technician_id`, `service_id`) VALUES (15, 472);
INSERT INTO `technician_services` (`technician_id`, `service_id`) VALUES (7, 473);
INSERT INTO `technician_services` (`technician_id`, `service_id`) VALUES (37, 474);
INSERT INTO `technician_services` (`technician_id`, `service_id`) VALUES (26, 475);
INSERT INTO `technician_services` (`technician_id`, `service_id`) VALUES (36, 476);
INSERT INTO `technician_services` (`technician_id`, `service_id`) VALUES (6, 477);
INSERT INTO `technician_services` (`technician_id`, `service_id`) VALUES (40, 478);
INSERT INTO `technician_services` (`technician_id`, `service_id`) VALUES (2, 479);
INSERT INTO `technician_services` (`technician_id`, `service_id`) VALUES (39, 480);
INSERT INTO `technician_services` (`technician_id`, `service_id`) VALUES (16, 481);
INSERT INTO `technician_services` (`technician_id`, `service_id`) VALUES (18, 482);
INSERT INTO `technician_services` (`technician_id`, `service_id`) VALUES (30, 483);
INSERT INTO `technician_services` (`technician_id`, `service_id`) VALUES (5, 484);
INSERT INTO `technician_services` (`technician_id`, `service_id`) VALUES (33, 485);
INSERT INTO `technician_services` (`technician_id`, `service_id`) VALUES (35, 486);
INSERT INTO `technician_services` (`technician_id`, `service_id`) VALUES (16, 487);
INSERT INTO `technician_services` (`technician_id`, `service_id`) VALUES (25, 488);
INSERT INTO `technician_services` (`technician_id`, `service_id`) VALUES (31, 489);
INSERT INTO `technician_services` (`technician_id`, `service_id`) VALUES (40, 490);
INSERT INTO `technician_services` (`technician_id`, `service_id`) VALUES (28, 491);
INSERT INTO `technician_services` (`technician_id`, `service_id`) VALUES (40, 492);
INSERT INTO `technician_services` (`technician_id`, `service_id`) VALUES (30, 493);
INSERT INTO `technician_services` (`technician_id`, `service_id`) VALUES (4, 494);
INSERT INTO `technician_services` (`technician_id`, `service_id`) VALUES (9, 495);
INSERT INTO `technician_services` (`technician_id`, `service_id`) VALUES (40, 496);
INSERT INTO `technician_services` (`technician_id`, `service_id`) VALUES (18, 497);
INSERT INTO `technician_services` (`technician_id`, `service_id`) VALUES (35, 498);
INSERT INTO `technician_services` (`technician_id`, `service_id`) VALUES (10, 499);
INSERT INTO `technician_services` (`technician_id`, `service_id`) VALUES (27, 500);
INSERT INTO `technician_services` (`technician_id`, `service_id`) VALUES (13, 501);
INSERT INTO `technician_services` (`technician_id`, `service_id`) VALUES (9, 502);
INSERT INTO `technician_services` (`technician_id`, `service_id`) VALUES (15, 503);
INSERT INTO `technician_services` (`technician_id`, `service_id`) VALUES (23, 504);
INSERT INTO `technician_services` (`technician_id`, `service_id`) VALUES (19, 505);
INSERT INTO `technician_services` (`technician_id`, `service_id`) VALUES (26, 506);
INSERT INTO `technician_services` (`technician_id`, `service_id`) VALUES (14, 507);
INSERT INTO `technician_services` (`technician_id`, `service_id`) VALUES (2, 508);
INSERT INTO `technician_services` (`technician_id`, `service_id`) VALUES (30, 509);
INSERT INTO `technician_services` (`technician_id`, `service_id`) VALUES (18, 510);
INSERT INTO `technician_services` (`technician_id`, `service_id`) VALUES (34, 511);
INSERT INTO `technician_services` (`technician_id`, `service_id`) VALUES (33, 512);
INSERT INTO `technician_services` (`technician_id`, `service_id`) VALUES (6, 513);
INSERT INTO `technician_services` (`technician_id`, `service_id`) VALUES (1, 514);
INSERT INTO `technician_services` (`technician_id`, `service_id`) VALUES (22, 515);
INSERT INTO `technician_services` (`technician_id`, `service_id`) VALUES (23, 516);
INSERT INTO `technician_services` (`technician_id`, `service_id`) VALUES (2, 517);
INSERT INTO `technician_services` (`technician_id`, `service_id`) VALUES (4, 518);
INSERT INTO `technician_services` (`technician_id`, `service_id`) VALUES (34, 519);
INSERT INTO `technician_services` (`technician_id`, `service_id`) VALUES (4, 520);
INSERT INTO `technician_services` (`technician_id`, `service_id`) VALUES (16, 521);
INSERT INTO `technician_services` (`technician_id`, `service_id`) VALUES (22, 522);
INSERT INTO `technician_services` (`technician_id`, `service_id`) VALUES (27, 523);
INSERT INTO `technician_services` (`technician_id`, `service_id`) VALUES (4, 524);
INSERT INTO `technician_services` (`technician_id`, `service_id`) VALUES (33, 525);
INSERT INTO `technician_services` (`technician_id`, `service_id`) VALUES (10, 526);
INSERT INTO `technician_services` (`technician_id`, `service_id`) VALUES (2, 527);
INSERT INTO `technician_services` (`technician_id`, `service_id`) VALUES (10, 528);
INSERT INTO `technician_services` (`technician_id`, `service_id`) VALUES (24, 529);
INSERT INTO `technician_services` (`technician_id`, `service_id`) VALUES (8, 530);
INSERT INTO `technician_services` (`technician_id`, `service_id`) VALUES (8, 531);
INSERT INTO `technician_services` (`technician_id`, `service_id`) VALUES (5, 532);
INSERT INTO `technician_services` (`technician_id`, `service_id`) VALUES (4, 533);
INSERT INTO `technician_services` (`technician_id`, `service_id`) VALUES (12, 534);
INSERT INTO `technician_services` (`technician_id`, `service_id`) VALUES (38, 535);
INSERT INTO `technician_services` (`technician_id`, `service_id`) VALUES (4, 536);
INSERT INTO `technician_services` (`technician_id`, `service_id`) VALUES (29, 537);
INSERT INTO `technician_services` (`technician_id`, `service_id`) VALUES (20, 538);
INSERT INTO `technician_services` (`technician_id`, `service_id`) VALUES (23, 539);
INSERT INTO `technician_services` (`technician_id`, `service_id`) VALUES (31, 540);
INSERT INTO `technician_services` (`technician_id`, `service_id`) VALUES (35, 541);
INSERT INTO `technician_services` (`technician_id`, `service_id`) VALUES (15, 542);
INSERT INTO `technician_services` (`technician_id`, `service_id`) VALUES (19, 543);
INSERT INTO `technician_services` (`technician_id`, `service_id`) VALUES (23, 544);
INSERT INTO `technician_services` (`technician_id`, `service_id`) VALUES (30, 545);
INSERT INTO `technician_services` (`technician_id`, `service_id`) VALUES (21, 546);
INSERT INTO `technician_services` (`technician_id`, `service_id`) VALUES (35, 547);
INSERT INTO `technician_services` (`technician_id`, `service_id`) VALUES (15, 548);
INSERT INTO `technician_services` (`technician_id`, `service_id`) VALUES (16, 549);
INSERT INTO `technician_services` (`technician_id`, `service_id`) VALUES (12, 550);
INSERT INTO `technician_services` (`technician_id`, `service_id`) VALUES (2, 551);
INSERT INTO `technician_services` (`technician_id`, `service_id`) VALUES (39, 552);
INSERT INTO `technician_services` (`technician_id`, `service_id`) VALUES (6, 553);
INSERT INTO `technician_services` (`technician_id`, `service_id`) VALUES (10, 554);
INSERT INTO `technician_services` (`technician_id`, `service_id`) VALUES (38, 555);
INSERT INTO `technician_services` (`technician_id`, `service_id`) VALUES (15, 556);
INSERT INTO `technician_services` (`technician_id`, `service_id`) VALUES (33, 557);
INSERT INTO `technician_services` (`technician_id`, `service_id`) VALUES (31, 558);
INSERT INTO `technician_services` (`technician_id`, `service_id`) VALUES (21, 559);
INSERT INTO `technician_services` (`technician_id`, `service_id`) VALUES (1, 560);
INSERT INTO `technician_services` (`technician_id`, `service_id`) VALUES (40, 561);
INSERT INTO `technician_services` (`technician_id`, `service_id`) VALUES (39, 562);
INSERT INTO `technician_services` (`technician_id`, `service_id`) VALUES (10, 563);
INSERT INTO `technician_services` (`technician_id`, `service_id`) VALUES (34, 564);
INSERT INTO `technician_services` (`technician_id`, `service_id`) VALUES (33, 565);
INSERT INTO `technician_services` (`technician_id`, `service_id`) VALUES (10, 566);
INSERT INTO `technician_services` (`technician_id`, `service_id`) VALUES (3, 567);
INSERT INTO `technician_services` (`technician_id`, `service_id`) VALUES (8, 568);
INSERT INTO `technician_services` (`technician_id`, `service_id`) VALUES (14, 569);
INSERT INTO `technician_services` (`technician_id`, `service_id`) VALUES (33, 570);
INSERT INTO `technician_services` (`technician_id`, `service_id`) VALUES (24, 571);
INSERT INTO `technician_services` (`technician_id`, `service_id`) VALUES (20, 572);
INSERT INTO `technician_services` (`technician_id`, `service_id`) VALUES (16, 573);
INSERT INTO `technician_services` (`technician_id`, `service_id`) VALUES (28, 574);
INSERT INTO `technician_services` (`technician_id`, `service_id`) VALUES (30, 575);
INSERT INTO `technician_services` (`technician_id`, `service_id`) VALUES (29, 576);
INSERT INTO `technician_services` (`technician_id`, `service_id`) VALUES (3, 577);
INSERT INTO `technician_services` (`technician_id`, `service_id`) VALUES (18, 578);
INSERT INTO `technician_services` (`technician_id`, `service_id`) VALUES (12, 579);
INSERT INTO `technician_services` (`technician_id`, `service_id`) VALUES (23, 580);
INSERT INTO `technician_services` (`technician_id`, `service_id`) VALUES (29, 581);
INSERT INTO `technician_services` (`technician_id`, `service_id`) VALUES (17, 582);
INSERT INTO `technician_services` (`technician_id`, `service_id`) VALUES (22, 583);
INSERT INTO `technician_services` (`technician_id`, `service_id`) VALUES (10, 584);
INSERT INTO `technician_services` (`technician_id`, `service_id`) VALUES (15, 585);
INSERT INTO `technician_services` (`technician_id`, `service_id`) VALUES (6, 586);
INSERT INTO `technician_services` (`technician_id`, `service_id`) VALUES (21, 587);
INSERT INTO `technician_services` (`technician_id`, `service_id`) VALUES (36, 588);
INSERT INTO `technician_services` (`technician_id`, `service_id`) VALUES (30, 589);
INSERT INTO `technician_services` (`technician_id`, `service_id`) VALUES (27, 590);
INSERT INTO `technician_services` (`technician_id`, `service_id`) VALUES (9, 591);
INSERT INTO `technician_services` (`technician_id`, `service_id`) VALUES (29, 592);
INSERT INTO `technician_services` (`technician_id`, `service_id`) VALUES (27, 593);
INSERT INTO `technician_services` (`technician_id`, `service_id`) VALUES (5, 594);
INSERT INTO `technician_services` (`technician_id`, `service_id`) VALUES (15, 595);
INSERT INTO `technician_services` (`technician_id`, `service_id`) VALUES (37, 596);
INSERT INTO `technician_services` (`technician_id`, `service_id`) VALUES (32, 597);
INSERT INTO `technician_services` (`technician_id`, `service_id`) VALUES (8, 598);
INSERT INTO `technician_services` (`technician_id`, `service_id`) VALUES (22, 599);
INSERT INTO `technician_services` (`technician_id`, `service_id`) VALUES (30, 600);
INSERT INTO `technician_services` (`technician_id`, `service_id`) VALUES (39, 601);
INSERT INTO `technician_services` (`technician_id`, `service_id`) VALUES (27, 602);
INSERT INTO `technician_services` (`technician_id`, `service_id`) VALUES (34, 603);
INSERT INTO `technician_services` (`technician_id`, `service_id`) VALUES (9, 604);
INSERT INTO `technician_services` (`technician_id`, `service_id`) VALUES (18, 605);
INSERT INTO `technician_services` (`technician_id`, `service_id`) VALUES (11, 606);
INSERT INTO `technician_services` (`technician_id`, `service_id`) VALUES (40, 607);
INSERT INTO `technician_services` (`technician_id`, `service_id`) VALUES (29, 608);
INSERT INTO `technician_services` (`technician_id`, `service_id`) VALUES (17, 609);
INSERT INTO `technician_services` (`technician_id`, `service_id`) VALUES (30, 610);
INSERT INTO `technician_services` (`technician_id`, `service_id`) VALUES (23, 611);
INSERT INTO `technician_services` (`technician_id`, `service_id`) VALUES (5, 612);
INSERT INTO `technician_services` (`technician_id`, `service_id`) VALUES (32, 613);
INSERT INTO `technician_services` (`technician_id`, `service_id`) VALUES (18, 614);
INSERT INTO `technician_services` (`technician_id`, `service_id`) VALUES (1, 615);
INSERT INTO `technician_services` (`technician_id`, `service_id`) VALUES (4, 616);
INSERT INTO `technician_services` (`technician_id`, `service_id`) VALUES (12, 617);
INSERT INTO `technician_services` (`technician_id`, `service_id`) VALUES (4, 618);
INSERT INTO `technician_services` (`technician_id`, `service_id`) VALUES (37, 619);
INSERT INTO `technician_services` (`technician_id`, `service_id`) VALUES (13, 620);
INSERT INTO `technician_services` (`technician_id`, `service_id`) VALUES (18, 621);
INSERT INTO `technician_services` (`technician_id`, `service_id`) VALUES (17, 622);
INSERT INTO `technician_services` (`technician_id`, `service_id`) VALUES (36, 623);
INSERT INTO `technician_services` (`technician_id`, `service_id`) VALUES (38, 624);
INSERT INTO `technician_services` (`technician_id`, `service_id`) VALUES (30, 625);
INSERT INTO `technician_services` (`technician_id`, `service_id`) VALUES (1, 626);
INSERT INTO `technician_services` (`technician_id`, `service_id`) VALUES (26, 627);
INSERT INTO `technician_services` (`technician_id`, `service_id`) VALUES (19, 628);
INSERT INTO `technician_services` (`technician_id`, `service_id`) VALUES (1, 629);
INSERT INTO `technician_services` (`technician_id`, `service_id`) VALUES (37, 630);
INSERT INTO `technician_services` (`technician_id`, `service_id`) VALUES (2, 631);
INSERT INTO `technician_services` (`technician_id`, `service_id`) VALUES (23, 632);
INSERT INTO `technician_services` (`technician_id`, `service_id`) VALUES (32, 633);
INSERT INTO `technician_services` (`technician_id`, `service_id`) VALUES (16, 634);
INSERT INTO `technician_services` (`technician_id`, `service_id`) VALUES (31, 635);
INSERT INTO `technician_services` (`technician_id`, `service_id`) VALUES (13, 636);
INSERT INTO `technician_services` (`technician_id`, `service_id`) VALUES (37, 637);
INSERT INTO `technician_services` (`technician_id`, `service_id`) VALUES (31, 638);
INSERT INTO `technician_services` (`technician_id`, `service_id`) VALUES (6, 639);
INSERT INTO `technician_services` (`technician_id`, `service_id`) VALUES (37, 640);
INSERT INTO `technician_services` (`technician_id`, `service_id`) VALUES (12, 641);
INSERT INTO `technician_services` (`technician_id`, `service_id`) VALUES (28, 642);
INSERT INTO `technician_services` (`technician_id`, `service_id`) VALUES (21, 643);
INSERT INTO `technician_services` (`technician_id`, `service_id`) VALUES (30, 644);
INSERT INTO `technician_services` (`technician_id`, `service_id`) VALUES (10, 645);
INSERT INTO `technician_services` (`technician_id`, `service_id`) VALUES (1, 646);
INSERT INTO `technician_services` (`technician_id`, `service_id`) VALUES (33, 647);
INSERT INTO `technician_services` (`technician_id`, `service_id`) VALUES (30, 648);
INSERT INTO `technician_services` (`technician_id`, `service_id`) VALUES (28, 649);
INSERT INTO `technician_services` (`technician_id`, `service_id`) VALUES (31, 650);
INSERT INTO `technician_services` (`technician_id`, `service_id`) VALUES (3, 651);
INSERT INTO `technician_services` (`technician_id`, `service_id`) VALUES (26, 652);
INSERT INTO `technician_services` (`technician_id`, `service_id`) VALUES (33, 653);
INSERT INTO `technician_services` (`technician_id`, `service_id`) VALUES (25, 654);
INSERT INTO `technician_services` (`technician_id`, `service_id`) VALUES (23, 655);
INSERT INTO `technician_services` (`technician_id`, `service_id`) VALUES (6, 656);
INSERT INTO `technician_services` (`technician_id`, `service_id`) VALUES (1, 657);
INSERT INTO `technician_services` (`technician_id`, `service_id`) VALUES (28, 658);
INSERT INTO `technician_services` (`technician_id`, `service_id`) VALUES (7, 659);
INSERT INTO `technician_services` (`technician_id`, `service_id`) VALUES (34, 660);
INSERT INTO `technician_services` (`technician_id`, `service_id`) VALUES (31, 661);
INSERT INTO `technician_services` (`technician_id`, `service_id`) VALUES (2, 662);
INSERT INTO `technician_services` (`technician_id`, `service_id`) VALUES (29, 663);
INSERT INTO `technician_services` (`technician_id`, `service_id`) VALUES (8, 664);
INSERT INTO `technician_services` (`technician_id`, `service_id`) VALUES (20, 665);
INSERT INTO `technician_services` (`technician_id`, `service_id`) VALUES (35, 666);
INSERT INTO `technician_services` (`technician_id`, `service_id`) VALUES (37, 667);
INSERT INTO `technician_services` (`technician_id`, `service_id`) VALUES (36, 668);
INSERT INTO `technician_services` (`technician_id`, `service_id`) VALUES (28, 669);
INSERT INTO `technician_services` (`technician_id`, `service_id`) VALUES (34, 670);
INSERT INTO `technician_services` (`technician_id`, `service_id`) VALUES (28, 671);
INSERT INTO `technician_services` (`technician_id`, `service_id`) VALUES (37, 672);
INSERT INTO `technician_services` (`technician_id`, `service_id`) VALUES (23, 673);
INSERT INTO `technician_services` (`technician_id`, `service_id`) VALUES (8, 674);
INSERT INTO `technician_services` (`technician_id`, `service_id`) VALUES (16, 675);
INSERT INTO `technician_services` (`technician_id`, `service_id`) VALUES (2, 676);
INSERT INTO `technician_services` (`technician_id`, `service_id`) VALUES (28, 677);
INSERT INTO `technician_services` (`technician_id`, `service_id`) VALUES (16, 678);
INSERT INTO `technician_services` (`technician_id`, `service_id`) VALUES (23, 679);
INSERT INTO `technician_services` (`technician_id`, `service_id`) VALUES (23, 680);
INSERT INTO `technician_services` (`technician_id`, `service_id`) VALUES (30, 681);
INSERT INTO `technician_services` (`technician_id`, `service_id`) VALUES (23, 682);
INSERT INTO `technician_services` (`technician_id`, `service_id`) VALUES (33, 683);
INSERT INTO `technician_services` (`technician_id`, `service_id`) VALUES (2, 684);
INSERT INTO `technician_services` (`technician_id`, `service_id`) VALUES (37, 685);
INSERT INTO `technician_services` (`technician_id`, `service_id`) VALUES (23, 686);
INSERT INTO `technician_services` (`technician_id`, `service_id`) VALUES (18, 687);
INSERT INTO `technician_services` (`technician_id`, `service_id`) VALUES (11, 688);
INSERT INTO `technician_services` (`technician_id`, `service_id`) VALUES (30, 689);
INSERT INTO `technician_services` (`technician_id`, `service_id`) VALUES (38, 690);
INSERT INTO `technician_services` (`technician_id`, `service_id`) VALUES (18, 691);
INSERT INTO `technician_services` (`technician_id`, `service_id`) VALUES (2, 692);
INSERT INTO `technician_services` (`technician_id`, `service_id`) VALUES (19, 693);
INSERT INTO `technician_services` (`technician_id`, `service_id`) VALUES (4, 694);
INSERT INTO `technician_services` (`technician_id`, `service_id`) VALUES (19, 695);
INSERT INTO `technician_services` (`technician_id`, `service_id`) VALUES (40, 696);
INSERT INTO `technician_services` (`technician_id`, `service_id`) VALUES (8, 697);
INSERT INTO `technician_services` (`technician_id`, `service_id`) VALUES (7, 698);
INSERT INTO `technician_services` (`technician_id`, `service_id`) VALUES (6, 699);
INSERT INTO `technician_services` (`technician_id`, `service_id`) VALUES (37, 700);
INSERT INTO `technician_services` (`technician_id`, `service_id`) VALUES (4, 701);
INSERT INTO `technician_services` (`technician_id`, `service_id`) VALUES (40, 702);
INSERT INTO `technician_services` (`technician_id`, `service_id`) VALUES (12, 703);
INSERT INTO `technician_services` (`technician_id`, `service_id`) VALUES (13, 704);
INSERT INTO `technician_services` (`technician_id`, `service_id`) VALUES (22, 705);
INSERT INTO `technician_services` (`technician_id`, `service_id`) VALUES (40, 706);
INSERT INTO `technician_services` (`technician_id`, `service_id`) VALUES (2, 707);
INSERT INTO `technician_services` (`technician_id`, `service_id`) VALUES (21, 708);
INSERT INTO `technician_services` (`technician_id`, `service_id`) VALUES (36, 709);
INSERT INTO `technician_services` (`technician_id`, `service_id`) VALUES (26, 710);
INSERT INTO `technician_services` (`technician_id`, `service_id`) VALUES (4, 711);
INSERT INTO `technician_services` (`technician_id`, `service_id`) VALUES (26, 712);
INSERT INTO `technician_services` (`technician_id`, `service_id`) VALUES (20, 713);
INSERT INTO `technician_services` (`technician_id`, `service_id`) VALUES (24, 714);
INSERT INTO `technician_services` (`technician_id`, `service_id`) VALUES (37, 715);
INSERT INTO `technician_services` (`technician_id`, `service_id`) VALUES (16, 716);
INSERT INTO `technician_services` (`technician_id`, `service_id`) VALUES (14, 717);
INSERT INTO `technician_services` (`technician_id`, `service_id`) VALUES (31, 718);
INSERT INTO `technician_services` (`technician_id`, `service_id`) VALUES (39, 719);
INSERT INTO `technician_services` (`technician_id`, `service_id`) VALUES (35, 720);
INSERT INTO `technician_services` (`technician_id`, `service_id`) VALUES (26, 721);
INSERT INTO `technician_services` (`technician_id`, `service_id`) VALUES (36, 722);
INSERT INTO `technician_services` (`technician_id`, `service_id`) VALUES (39, 723);
INSERT INTO `technician_services` (`technician_id`, `service_id`) VALUES (26, 724);
INSERT INTO `technician_services` (`technician_id`, `service_id`) VALUES (17, 725);
INSERT INTO `technician_services` (`technician_id`, `service_id`) VALUES (38, 726);
INSERT INTO `technician_services` (`technician_id`, `service_id`) VALUES (12, 727);
INSERT INTO `technician_services` (`technician_id`, `service_id`) VALUES (32, 728);
INSERT INTO `technician_services` (`technician_id`, `service_id`) VALUES (22, 729);
INSERT INTO `technician_services` (`technician_id`, `service_id`) VALUES (33, 730);
INSERT INTO `technician_services` (`technician_id`, `service_id`) VALUES (25, 731);
INSERT INTO `technician_services` (`technician_id`, `service_id`) VALUES (24, 732);
INSERT INTO `technician_services` (`technician_id`, `service_id`) VALUES (25, 733);
INSERT INTO `technician_services` (`technician_id`, `service_id`) VALUES (22, 734);
INSERT INTO `technician_services` (`technician_id`, `service_id`) VALUES (38, 735);
INSERT INTO `technician_services` (`technician_id`, `service_id`) VALUES (3, 736);
INSERT INTO `technician_services` (`technician_id`, `service_id`) VALUES (1, 737);
INSERT INTO `technician_services` (`technician_id`, `service_id`) VALUES (28, 738);
INSERT INTO `technician_services` (`technician_id`, `service_id`) VALUES (34, 739);
INSERT INTO `technician_services` (`technician_id`, `service_id`) VALUES (28, 740);
INSERT INTO `technician_services` (`technician_id`, `service_id`) VALUES (23, 741);
INSERT INTO `technician_services` (`technician_id`, `service_id`) VALUES (14, 742);
INSERT INTO `technician_services` (`technician_id`, `service_id`) VALUES (6, 743);
INSERT INTO `technician_services` (`technician_id`, `service_id`) VALUES (36, 744);
INSERT INTO `technician_services` (`technician_id`, `service_id`) VALUES (12, 745);
INSERT INTO `technician_services` (`technician_id`, `service_id`) VALUES (3, 746);
INSERT INTO `technician_services` (`technician_id`, `service_id`) VALUES (17, 747);
INSERT INTO `technician_services` (`technician_id`, `service_id`) VALUES (9, 748);
INSERT INTO `technician_services` (`technician_id`, `service_id`) VALUES (34, 749);
INSERT INTO `technician_services` (`technician_id`, `service_id`) VALUES (13, 750);
INSERT INTO `technician_services` (`technician_id`, `service_id`) VALUES (9, 751);
INSERT INTO `technician_services` (`technician_id`, `service_id`) VALUES (10, 752);
INSERT INTO `technician_services` (`technician_id`, `service_id`) VALUES (13, 753);
INSERT INTO `technician_services` (`technician_id`, `service_id`) VALUES (3, 754);
INSERT INTO `technician_services` (`technician_id`, `service_id`) VALUES (31, 755);
INSERT INTO `technician_services` (`technician_id`, `service_id`) VALUES (15, 756);
INSERT INTO `technician_services` (`technician_id`, `service_id`) VALUES (27, 757);
INSERT INTO `technician_services` (`technician_id`, `service_id`) VALUES (6, 758);
INSERT INTO `technician_services` (`technician_id`, `service_id`) VALUES (18, 759);
INSERT INTO `technician_services` (`technician_id`, `service_id`) VALUES (14, 760);
INSERT INTO `technician_services` (`technician_id`, `service_id`) VALUES (36, 761);
INSERT INTO `technician_services` (`technician_id`, `service_id`) VALUES (8, 762);
INSERT INTO `technician_services` (`technician_id`, `service_id`) VALUES (31, 763);
INSERT INTO `technician_services` (`technician_id`, `service_id`) VALUES (33, 764);
INSERT INTO `technician_services` (`technician_id`, `service_id`) VALUES (23, 765);
INSERT INTO `technician_services` (`technician_id`, `service_id`) VALUES (13, 766);
INSERT INTO `technician_services` (`technician_id`, `service_id`) VALUES (8, 767);
INSERT INTO `technician_services` (`technician_id`, `service_id`) VALUES (5, 768);
INSERT INTO `technician_services` (`technician_id`, `service_id`) VALUES (28, 769);
INSERT INTO `technician_services` (`technician_id`, `service_id`) VALUES (30, 770);
INSERT INTO `technician_services` (`technician_id`, `service_id`) VALUES (32, 771);
INSERT INTO `technician_services` (`technician_id`, `service_id`) VALUES (39, 772);
INSERT INTO `technician_services` (`technician_id`, `service_id`) VALUES (9, 773);
INSERT INTO `technician_services` (`technician_id`, `service_id`) VALUES (2, 774);
INSERT INTO `technician_services` (`technician_id`, `service_id`) VALUES (28, 775);
INSERT INTO `technician_services` (`technician_id`, `service_id`) VALUES (34, 776);
INSERT INTO `technician_services` (`technician_id`, `service_id`) VALUES (19, 777);
INSERT INTO `technician_services` (`technician_id`, `service_id`) VALUES (10, 778);
INSERT INTO `technician_services` (`technician_id`, `service_id`) VALUES (33, 779);
INSERT INTO `technician_services` (`technician_id`, `service_id`) VALUES (21, 780);
INSERT INTO `technician_services` (`technician_id`, `service_id`) VALUES (4, 781);
INSERT INTO `technician_services` (`technician_id`, `service_id`) VALUES (4, 782);
INSERT INTO `technician_services` (`technician_id`, `service_id`) VALUES (40, 783);
INSERT INTO `technician_services` (`technician_id`, `service_id`) VALUES (4, 784);
INSERT INTO `technician_services` (`technician_id`, `service_id`) VALUES (14, 785);
INSERT INTO `technician_services` (`technician_id`, `service_id`) VALUES (35, 786);
INSERT INTO `technician_services` (`technician_id`, `service_id`) VALUES (21, 787);
INSERT INTO `technician_services` (`technician_id`, `service_id`) VALUES (30, 788);
INSERT INTO `technician_services` (`technician_id`, `service_id`) VALUES (26, 789);
INSERT INTO `technician_services` (`technician_id`, `service_id`) VALUES (1, 790);
INSERT INTO `technician_services` (`technician_id`, `service_id`) VALUES (17, 791);
INSERT INTO `technician_services` (`technician_id`, `service_id`) VALUES (2, 792);
INSERT INTO `technician_services` (`technician_id`, `service_id`) VALUES (5, 793);
INSERT INTO `technician_services` (`technician_id`, `service_id`) VALUES (9, 794);
INSERT INTO `technician_services` (`technician_id`, `service_id`) VALUES (17, 795);
INSERT INTO `technician_services` (`technician_id`, `service_id`) VALUES (5, 796);
INSERT INTO `technician_services` (`technician_id`, `service_id`) VALUES (28, 797);
INSERT INTO `technician_services` (`technician_id`, `service_id`) VALUES (23, 798);
INSERT INTO `technician_services` (`technician_id`, `service_id`) VALUES (26, 799);
INSERT INTO `technician_services` (`technician_id`, `service_id`) VALUES (15, 800);
INSERT INTO `technician_services` (`technician_id`, `service_id`) VALUES (4, 801);
INSERT INTO `technician_services` (`technician_id`, `service_id`) VALUES (35, 802);
INSERT INTO `technician_services` (`technician_id`, `service_id`) VALUES (39, 803);
INSERT INTO `technician_services` (`technician_id`, `service_id`) VALUES (13, 804);
INSERT INTO `technician_services` (`technician_id`, `service_id`) VALUES (34, 805);
INSERT INTO `technician_services` (`technician_id`, `service_id`) VALUES (3, 806);
INSERT INTO `technician_services` (`technician_id`, `service_id`) VALUES (33, 807);
INSERT INTO `technician_services` (`technician_id`, `service_id`) VALUES (19, 808);
INSERT INTO `technician_services` (`technician_id`, `service_id`) VALUES (4, 809);
INSERT INTO `technician_services` (`technician_id`, `service_id`) VALUES (5, 810);
INSERT INTO `technician_services` (`technician_id`, `service_id`) VALUES (14, 811);
INSERT INTO `technician_services` (`technician_id`, `service_id`) VALUES (13, 812);
INSERT INTO `technician_services` (`technician_id`, `service_id`) VALUES (17, 813);
INSERT INTO `technician_services` (`technician_id`, `service_id`) VALUES (23, 814);
INSERT INTO `technician_services` (`technician_id`, `service_id`) VALUES (4, 815);
INSERT INTO `technician_services` (`technician_id`, `service_id`) VALUES (18, 816);
INSERT INTO `technician_services` (`technician_id`, `service_id`) VALUES (14, 817);
INSERT INTO `technician_services` (`technician_id`, `service_id`) VALUES (19, 818);
INSERT INTO `technician_services` (`technician_id`, `service_id`) VALUES (9, 819);
INSERT INTO `technician_services` (`technician_id`, `service_id`) VALUES (18, 820);
INSERT INTO `technician_services` (`technician_id`, `service_id`) VALUES (8, 821);
INSERT INTO `technician_services` (`technician_id`, `service_id`) VALUES (20, 822);
INSERT INTO `technician_services` (`technician_id`, `service_id`) VALUES (18, 823);
INSERT INTO `technician_services` (`technician_id`, `service_id`) VALUES (30, 824);
INSERT INTO `technician_services` (`technician_id`, `service_id`) VALUES (18, 825);
INSERT INTO `technician_services` (`technician_id`, `service_id`) VALUES (13, 826);
INSERT INTO `technician_services` (`technician_id`, `service_id`) VALUES (4, 827);
INSERT INTO `technician_services` (`technician_id`, `service_id`) VALUES (26, 828);
INSERT INTO `technician_services` (`technician_id`, `service_id`) VALUES (35, 829);
INSERT INTO `technician_services` (`technician_id`, `service_id`) VALUES (6, 830);
INSERT INTO `technician_services` (`technician_id`, `service_id`) VALUES (37, 831);
INSERT INTO `technician_services` (`technician_id`, `service_id`) VALUES (40, 832);
INSERT INTO `technician_services` (`technician_id`, `service_id`) VALUES (30, 833);
INSERT INTO `technician_services` (`technician_id`, `service_id`) VALUES (1, 834);
INSERT INTO `technician_services` (`technician_id`, `service_id`) VALUES (18, 835);
INSERT INTO `technician_services` (`technician_id`, `service_id`) VALUES (29, 836);
INSERT INTO `technician_services` (`technician_id`, `service_id`) VALUES (34, 837);
INSERT INTO `technician_services` (`technician_id`, `service_id`) VALUES (35, 838);
INSERT INTO `technician_services` (`technician_id`, `service_id`) VALUES (23, 839);
INSERT INTO `technician_services` (`technician_id`, `service_id`) VALUES (15, 840);
INSERT INTO `technician_services` (`technician_id`, `service_id`) VALUES (9, 841);
INSERT INTO `technician_services` (`technician_id`, `service_id`) VALUES (26, 842);
INSERT INTO `technician_services` (`technician_id`, `service_id`) VALUES (36, 843);
INSERT INTO `technician_services` (`technician_id`, `service_id`) VALUES (31, 844);
INSERT INTO `technician_services` (`technician_id`, `service_id`) VALUES (34, 845);
INSERT INTO `technician_services` (`technician_id`, `service_id`) VALUES (2, 846);
INSERT INTO `technician_services` (`technician_id`, `service_id`) VALUES (4, 847);
INSERT INTO `technician_services` (`technician_id`, `service_id`) VALUES (7, 848);
INSERT INTO `technician_services` (`technician_id`, `service_id`) VALUES (7, 849);
INSERT INTO `technician_services` (`technician_id`, `service_id`) VALUES (38, 850);
INSERT INTO `technician_services` (`technician_id`, `service_id`) VALUES (30, 851);
INSERT INTO `technician_services` (`technician_id`, `service_id`) VALUES (24, 852);
INSERT INTO `technician_services` (`technician_id`, `service_id`) VALUES (1, 853);
INSERT INTO `technician_services` (`technician_id`, `service_id`) VALUES (33, 854);
INSERT INTO `technician_services` (`technician_id`, `service_id`) VALUES (1, 855);
INSERT INTO `technician_services` (`technician_id`, `service_id`) VALUES (38, 856);
INSERT INTO `technician_services` (`technician_id`, `service_id`) VALUES (22, 857);
INSERT INTO `technician_services` (`technician_id`, `service_id`) VALUES (2, 858);
INSERT INTO `technician_services` (`technician_id`, `service_id`) VALUES (12, 859);
INSERT INTO `technician_services` (`technician_id`, `service_id`) VALUES (8, 860);
INSERT INTO `technician_services` (`technician_id`, `service_id`) VALUES (17, 861);
INSERT INTO `technician_services` (`technician_id`, `service_id`) VALUES (35, 862);
INSERT INTO `technician_services` (`technician_id`, `service_id`) VALUES (28, 863);
INSERT INTO `technician_services` (`technician_id`, `service_id`) VALUES (13, 864);
INSERT INTO `technician_services` (`technician_id`, `service_id`) VALUES (12, 865);
INSERT INTO `technician_services` (`technician_id`, `service_id`) VALUES (38, 866);
INSERT INTO `technician_services` (`technician_id`, `service_id`) VALUES (34, 867);
INSERT INTO `technician_services` (`technician_id`, `service_id`) VALUES (19, 868);
INSERT INTO `technician_services` (`technician_id`, `service_id`) VALUES (1, 869);
INSERT INTO `technician_services` (`technician_id`, `service_id`) VALUES (25, 870);
INSERT INTO `technician_services` (`technician_id`, `service_id`) VALUES (12, 871);
INSERT INTO `technician_services` (`technician_id`, `service_id`) VALUES (32, 872);
INSERT INTO `technician_services` (`technician_id`, `service_id`) VALUES (12, 873);
INSERT INTO `technician_services` (`technician_id`, `service_id`) VALUES (16, 874);
INSERT INTO `technician_services` (`technician_id`, `service_id`) VALUES (36, 875);
INSERT INTO `technician_services` (`technician_id`, `service_id`) VALUES (19, 876);
INSERT INTO `technician_services` (`technician_id`, `service_id`) VALUES (19, 877);
INSERT INTO `technician_services` (`technician_id`, `service_id`) VALUES (19, 878);
INSERT INTO `technician_services` (`technician_id`, `service_id`) VALUES (40, 879);
INSERT INTO `technician_services` (`technician_id`, `service_id`) VALUES (35, 880);
INSERT INTO `technician_services` (`technician_id`, `service_id`) VALUES (23, 881);
INSERT INTO `technician_services` (`technician_id`, `service_id`) VALUES (10, 882);
INSERT INTO `technician_services` (`technician_id`, `service_id`) VALUES (3, 883);
INSERT INTO `technician_services` (`technician_id`, `service_id`) VALUES (37, 884);
INSERT INTO `technician_services` (`technician_id`, `service_id`) VALUES (6, 885);
INSERT INTO `technician_services` (`technician_id`, `service_id`) VALUES (6, 886);
INSERT INTO `technician_services` (`technician_id`, `service_id`) VALUES (39, 887);
INSERT INTO `technician_services` (`technician_id`, `service_id`) VALUES (40, 888);
INSERT INTO `technician_services` (`technician_id`, `service_id`) VALUES (34, 889);
INSERT INTO `technician_services` (`technician_id`, `service_id`) VALUES (21, 890);
INSERT INTO `technician_services` (`technician_id`, `service_id`) VALUES (11, 891);
INSERT INTO `technician_services` (`technician_id`, `service_id`) VALUES (33, 892);
INSERT INTO `technician_services` (`technician_id`, `service_id`) VALUES (22, 893);
INSERT INTO `technician_services` (`technician_id`, `service_id`) VALUES (39, 894);
INSERT INTO `technician_services` (`technician_id`, `service_id`) VALUES (20, 895);
INSERT INTO `technician_services` (`technician_id`, `service_id`) VALUES (32, 896);
INSERT INTO `technician_services` (`technician_id`, `service_id`) VALUES (6, 897);
INSERT INTO `technician_services` (`technician_id`, `service_id`) VALUES (2, 898);
INSERT INTO `technician_services` (`technician_id`, `service_id`) VALUES (39, 899);
INSERT INTO `technician_services` (`technician_id`, `service_id`) VALUES (8, 900);
INSERT INTO `technician_services` (`technician_id`, `service_id`) VALUES (3, 901);
INSERT INTO `technician_services` (`technician_id`, `service_id`) VALUES (27, 902);
INSERT INTO `technician_services` (`technician_id`, `service_id`) VALUES (31, 903);
INSERT INTO `technician_services` (`technician_id`, `service_id`) VALUES (15, 904);
INSERT INTO `technician_services` (`technician_id`, `service_id`) VALUES (27, 905);
INSERT INTO `technician_services` (`technician_id`, `service_id`) VALUES (32, 906);
INSERT INTO `technician_services` (`technician_id`, `service_id`) VALUES (11, 907);
INSERT INTO `technician_services` (`technician_id`, `service_id`) VALUES (27, 908);
INSERT INTO `technician_services` (`technician_id`, `service_id`) VALUES (3, 909);
INSERT INTO `technician_services` (`technician_id`, `service_id`) VALUES (40, 910);
INSERT INTO `technician_services` (`technician_id`, `service_id`) VALUES (28, 911);
INSERT INTO `technician_services` (`technician_id`, `service_id`) VALUES (39, 912);
INSERT INTO `technician_services` (`technician_id`, `service_id`) VALUES (11, 913);
INSERT INTO `technician_services` (`technician_id`, `service_id`) VALUES (39, 914);
INSERT INTO `technician_services` (`technician_id`, `service_id`) VALUES (29, 915);
INSERT INTO `technician_services` (`technician_id`, `service_id`) VALUES (16, 916);
INSERT INTO `technician_services` (`technician_id`, `service_id`) VALUES (40, 917);
INSERT INTO `technician_services` (`technician_id`, `service_id`) VALUES (7, 918);
INSERT INTO `technician_services` (`technician_id`, `service_id`) VALUES (28, 919);
INSERT INTO `technician_services` (`technician_id`, `service_id`) VALUES (38, 920);
INSERT INTO `technician_services` (`technician_id`, `service_id`) VALUES (11, 921);
INSERT INTO `technician_services` (`technician_id`, `service_id`) VALUES (1, 922);
INSERT INTO `technician_services` (`technician_id`, `service_id`) VALUES (38, 923);
INSERT INTO `technician_services` (`technician_id`, `service_id`) VALUES (15, 924);
INSERT INTO `technician_services` (`technician_id`, `service_id`) VALUES (15, 925);
INSERT INTO `technician_services` (`technician_id`, `service_id`) VALUES (27, 926);
INSERT INTO `technician_services` (`technician_id`, `service_id`) VALUES (36, 927);
INSERT INTO `technician_services` (`technician_id`, `service_id`) VALUES (3, 928);
INSERT INTO `technician_services` (`technician_id`, `service_id`) VALUES (27, 929);
INSERT INTO `technician_services` (`technician_id`, `service_id`) VALUES (30, 930);
INSERT INTO `technician_services` (`technician_id`, `service_id`) VALUES (27, 931);
INSERT INTO `technician_services` (`technician_id`, `service_id`) VALUES (3, 932);
INSERT INTO `technician_services` (`technician_id`, `service_id`) VALUES (24, 933);
INSERT INTO `technician_services` (`technician_id`, `service_id`) VALUES (29, 934);
INSERT INTO `technician_services` (`technician_id`, `service_id`) VALUES (36, 935);
INSERT INTO `technician_services` (`technician_id`, `service_id`) VALUES (3, 936);
INSERT INTO `technician_services` (`technician_id`, `service_id`) VALUES (20, 937);
INSERT INTO `technician_services` (`technician_id`, `service_id`) VALUES (33, 938);
INSERT INTO `technician_services` (`technician_id`, `service_id`) VALUES (7, 939);
INSERT INTO `technician_services` (`technician_id`, `service_id`) VALUES (19, 940);
INSERT INTO `technician_services` (`technician_id`, `service_id`) VALUES (39, 941);
INSERT INTO `technician_services` (`technician_id`, `service_id`) VALUES (30, 942);
INSERT INTO `technician_services` (`technician_id`, `service_id`) VALUES (1, 943);
INSERT INTO `technician_services` (`technician_id`, `service_id`) VALUES (21, 944);
INSERT INTO `technician_services` (`technician_id`, `service_id`) VALUES (1, 945);
INSERT INTO `technician_services` (`technician_id`, `service_id`) VALUES (7, 946);
INSERT INTO `technician_services` (`technician_id`, `service_id`) VALUES (25, 947);
INSERT INTO `technician_services` (`technician_id`, `service_id`) VALUES (36, 948);
INSERT INTO `technician_services` (`technician_id`, `service_id`) VALUES (21, 949);
INSERT INTO `technician_services` (`technician_id`, `service_id`) VALUES (32, 950);
INSERT INTO `technician_services` (`technician_id`, `service_id`) VALUES (8, 951);
INSERT INTO `technician_services` (`technician_id`, `service_id`) VALUES (28, 952);
INSERT INTO `technician_services` (`technician_id`, `service_id`) VALUES (36, 953);
INSERT INTO `technician_services` (`technician_id`, `service_id`) VALUES (40, 954);
INSERT INTO `technician_services` (`technician_id`, `service_id`) VALUES (4, 955);
INSERT INTO `technician_services` (`technician_id`, `service_id`) VALUES (30, 956);
INSERT INTO `technician_services` (`technician_id`, `service_id`) VALUES (35, 957);
INSERT INTO `technician_services` (`technician_id`, `service_id`) VALUES (8, 958);
INSERT INTO `technician_services` (`technician_id`, `service_id`) VALUES (20, 959);
INSERT INTO `technician_services` (`technician_id`, `service_id`) VALUES (7, 960);
INSERT INTO `technician_services` (`technician_id`, `service_id`) VALUES (5, 961);
INSERT INTO `technician_services` (`technician_id`, `service_id`) VALUES (36, 962);
INSERT INTO `technician_services` (`technician_id`, `service_id`) VALUES (16, 963);
INSERT INTO `technician_services` (`technician_id`, `service_id`) VALUES (9, 964);
INSERT INTO `technician_services` (`technician_id`, `service_id`) VALUES (17, 965);
INSERT INTO `technician_services` (`technician_id`, `service_id`) VALUES (30, 966);
INSERT INTO `technician_services` (`technician_id`, `service_id`) VALUES (19, 967);
INSERT INTO `technician_services` (`technician_id`, `service_id`) VALUES (12, 968);
INSERT INTO `technician_services` (`technician_id`, `service_id`) VALUES (18, 969);
INSERT INTO `technician_services` (`technician_id`, `service_id`) VALUES (30, 970);
INSERT INTO `technician_services` (`technician_id`, `service_id`) VALUES (10, 971);
INSERT INTO `technician_services` (`technician_id`, `service_id`) VALUES (11, 972);
INSERT INTO `technician_services` (`technician_id`, `service_id`) VALUES (37, 973);
INSERT INTO `technician_services` (`technician_id`, `service_id`) VALUES (5, 974);
INSERT INTO `technician_services` (`technician_id`, `service_id`) VALUES (39, 975);
INSERT INTO `technician_services` (`technician_id`, `service_id`) VALUES (18, 976);
INSERT INTO `technician_services` (`technician_id`, `service_id`) VALUES (36, 977);
INSERT INTO `technician_services` (`technician_id`, `service_id`) VALUES (28, 978);
INSERT INTO `technician_services` (`technician_id`, `service_id`) VALUES (2, 979);
INSERT INTO `technician_services` (`technician_id`, `service_id`) VALUES (11, 980);
INSERT INTO `technician_services` (`technician_id`, `service_id`) VALUES (2, 981);
INSERT INTO `technician_services` (`technician_id`, `service_id`) VALUES (25, 982);
INSERT INTO `technician_services` (`technician_id`, `service_id`) VALUES (18, 983);
INSERT INTO `technician_services` (`technician_id`, `service_id`) VALUES (7, 984);
INSERT INTO `technician_services` (`technician_id`, `service_id`) VALUES (37, 985);
INSERT INTO `technician_services` (`technician_id`, `service_id`) VALUES (38, 986);
INSERT INTO `technician_services` (`technician_id`, `service_id`) VALUES (21, 987);
INSERT INTO `technician_services` (`technician_id`, `service_id`) VALUES (24, 988);
INSERT INTO `technician_services` (`technician_id`, `service_id`) VALUES (18, 989);
INSERT INTO `technician_services` (`technician_id`, `service_id`) VALUES (2, 990);
INSERT INTO `technician_services` (`technician_id`, `service_id`) VALUES (40, 991);
INSERT INTO `technician_services` (`technician_id`, `service_id`) VALUES (31, 992);
INSERT INTO `technician_services` (`technician_id`, `service_id`) VALUES (10, 993);
INSERT INTO `technician_services` (`technician_id`, `service_id`) VALUES (29, 994);
INSERT INTO `technician_services` (`technician_id`, `service_id`) VALUES (24, 995);
INSERT INTO `technician_services` (`technician_id`, `service_id`) VALUES (31, 996);
INSERT INTO `technician_services` (`technician_id`, `service_id`) VALUES (11, 997);
INSERT INTO `technician_services` (`technician_id`, `service_id`) VALUES (27, 998);
INSERT INTO `technician_services` (`technician_id`, `service_id`) VALUES (23, 999);
INSERT INTO `technician_services` (`technician_id`, `service_id`) VALUES (29, 1000);

COMMIT;

