id,type,created,odometer,cost,technician_id
1,Stucco Mason,2018-05-24 12:39:13,287846,2506.29,22
2,Welder,2020-05-03 23:31:14,16841,663.0,23
3,Concrete Finisher,2019-11-04 22:56:30,270223,2077.4,32
4,Cement Mason,2016-03-02 14:03:57,232508,4780.26,34
5,Plumber,2017-08-06 04:58:12,296070,1736.35,11
6,Tile Setter,2018-03-19 11:55:56,299748,3301.79,32
7,Sheet Metal Worker,2017-07-24 04:53:02,22929,4485.92,37
8,Ironworker,2019-07-29 02:37:02,32284,1921.48,2
9,Glazier,2019-05-04 17:01:42,48730,2240.29,31
10,Boilermaker,2016-03-23 20:14:55,200743,1561.77,40
11,Pipefitter,2018-05-10 12:17:29,205685,3054.79,38
12,Plumber,2014-04-10 01:05:21,153718,4862.16,10
13,Plasterers,2013-11-13 21:50:13,86570,4272.0,13
14,Boilermaker,2013-01-06 17:57:52,172770,2182.28,25
15,Laborer,2016-04-18 01:30:31,209617,728.39,14
16,Concrete Finisher,2021-11-08 09:32:56,242124,3565.87,33
17,HVAC,2013-02-22 18:07:13,86793,4930.24,8
18,Boilermaker,2012-02-15 11:37:28,76964,932.41,18
19,Concrete Finisher,2019-08-30 16:43:30,262649,1829.88,35
20,Millwright,2016-03-05 04:33:08,24334,679.1,34
21,Equipment Operator,2017-10-20 23:38:18,144383,213.11,15
22,Brickmason,2013-10-22 21:23:11,224896,1273.22,8
23,Tile Setter,2019-11-28 02:23:50,183877,514.76,24
24,Waterproofer,2013-03-30 11:10:51,17923,3350.76,19
25,Stucco Mason,2019-09-09 02:34:19,19802,4981.54,24
26,Tile Setter,2018-07-18 13:33:34,27886,3147.77,32
27,Terrazzo,2018-07-23 19:40:09,9781,306.56,39
28,Boilermaker,2013-04-29 23:03:19,282104,4176.21,15
29,Carpenter,2018-09-27 07:51:50,229174,4220.41,33
30,Ironworker,2015-06-05 04:39:03,249570,716.62,33
31,Ironworker,2016-03-08 06:10:25,282335,1324.0,37
32,Waterproofer,2021-04-20 18:18:19,292678,389.9,12
33,Carpenter,2019-06-30 15:05:47,45455,4898.24,17
34,Glazier,2021-07-23 03:05:47,141674,2361.2,28
35,Sheet Metal Worker,2015-06-01 14:23:47,172854,551.84,1
36,Plasterers,2021-03-21 19:21:43,1082,752.58,19
37,Linemen,2017-01-12 20:30:48,197249,1533.96,9
38,Millwright,2018-06-03 12:44:08,152288,4470.73,4
39,Cement Mason,2018-03-08 13:25:30,182319,4110.13,2
40,Linemen,2021-06-15 14:29:36,65457,1219.55,28
41,Painter,2019-07-31 11:49:26,14712,617.8,4
42,Terrazzo,2012-05-19 21:45:18,58328,1982.23,28
43,Ironworker,2015-01-12 03:28:02,201482,4618.29,5
44,Stucco Mason,2020-09-21 05:21:16,273810,418.52,1
45,Equipment Operator,2013-08-01 17:20:14,91853,947.84,16
46,Tile Setter,2019-02-03 07:32:59,120021,671.69,7
47,Painter,2021-06-15 04:17:57,54585,4794.95,34
48,Plumber,2020-07-08 01:21:28,152524,3890.97,3
49,Electrician,2020-03-06 12:32:58,102428,4239.69,3
50,Equipment Operator,2015-01-11 03:09:17,275403,1827.73,10
51,Millwright,2015-12-03 01:15:02,146063,1392.22,36
52,Laborer,2016-05-28 10:38:13,40892,1509.49,1
53,Sheet Metal Worker,2019-05-19 11:08:42,248250,3831.31,26
54,Tile Setter,2019-04-22 05:23:51,140130,3441.56,30
55,Millwright,2021-05-26 07:49:46,239295,4517.69,10
56,HVAC,2017-03-11 11:38:34,31531,1833.06,40
57,Painter,2017-10-11 21:11:37,167687,4744.36,40
58,Electrician,2018-09-01 22:43:43,224235,554.01,17
59,Brickmason,2018-02-07 03:56:43,217987,2236.73,15
60,Glazier,2015-12-06 18:33:33,283449,46.48,9
61,Stucco Mason,2014-05-26 07:44:40,38898,1296.01,20
62,Cement Mason,2020-06-04 14:47:20,272838,4544.79,12
63,Landscaper,2015-05-29 04:58:36,31204,100.83,24
64,Terrazzo,2012-02-21 18:43:39,102399,3769.66,15
65,Ironworker,2019-11-14 11:54:41,241880,4362.09,8
66,Boilermaker,2015-01-18 03:43:37,155443,1880.9,14
67,Terrazzo,2021-06-11 19:43:08,10512,343.19,30
68,Ironworker,2013-05-27 17:58:26,137940,3543.71,11
69,Ironworker,2021-09-20 16:08:03,5715,4066.66,34
70,Waterproofer,2015-07-20 14:56:18,33560,3312.48,17
71,Millwright,2014-06-27 19:03:54,97585,3142.85,39
72,Laborer,2019-10-21 07:01:52,56922,2100.77,7
73,Boilermaker,2014-01-02 11:47:56,267272,4836.6,39
74,Pipefitter,2014-01-28 06:07:20,107767,2981.58,39
75,Pipelayer,2014-01-09 01:19:58,286427,842.48,39
76,Painter,2017-06-21 17:35:33,79960,4455.7,8
77,Painter,2017-07-27 00:04:15,24419,878.9,14
78,Concrete Finisher,2021-12-07 19:50:59,147559,3842.47,18
79,Equipment Operator,2020-12-19 00:22:19,106708,1312.85,6
80,Pipefitter,2021-03-30 15:53:04,252751,2620.56,34
81,Terrazzo,2018-10-27 03:44:50,187102,4589.18,2
82,Pipelayer,2019-05-06 04:35:08,91325,747.07,3
83,Tile Setter,2019-08-30 04:45:40,113569,1571.58,9
84,Welder,2012-08-22 09:03:42,249393,2705.79,17
85,Painter,2016-09-29 16:03:23,261322,4283.93,14
86,Landscaper,2013-09-22 17:29:13,77385,1831.3,40
87,Tile Setter,2013-02-02 14:52:10,170112,3744.5,26
88,Stucco Mason,2018-01-30 17:54:23,89943,2306.85,30
89,Cement Mason,2020-11-01 17:43:52,154063,2790.26,36
90,Waterproofer,2017-02-16 18:18:28,229633,1023.18,9
91,Pipelayer,2021-07-30 07:34:08,198883,1321.24,26
92,Terrazzo,2016-09-21 00:59:52,43539,4063.5,15
93,Pipelayer,2020-03-19 17:53:22,48269,4354.48,39
94,Cement Mason,2015-10-31 19:16:27,105987,2117.62,1
95,Plumber,2021-09-15 14:17:23,222566,1444.93,29
96,Cement Mason,2014-09-03 18:37:11,67524,725.88,12
97,Plumber,2013-04-15 23:37:56,262520,2946.14,33
98,HVAC,2015-04-10 23:51:14,16371,2432.74,18
99,Safety Officer,2012-07-05 19:02:38,282100,1629.42,24
100,Waterproofer,2014-03-17 13:08:20,129681,564.03,31
101,Waterproofer,2016-08-06 21:45:22,209421,4665.01,6
102,Refridgeration,2015-07-25 15:10:26,64507,2418.84,18
103,Safety Officer,2018-09-25 06:02:57,253689,2422.63,32
104,Pipefitter,2015-12-04 04:44:37,106054,1673.19,3
105,Plasterers,2014-03-12 13:57:46,160323,4878.01,38
106,Pipelayer,2019-03-03 09:59:55,150238,1498.12,40
107,Carpenter,2015-11-09 04:38:37,247808,4993.83,26
108,Terrazzo,2015-04-09 01:50:08,249832,198.57,3
109,Ironworker,2015-05-12 23:50:20,218644,1310.59,36
110,Cement Mason,2020-08-12 12:39:24,165188,4348.57,14
111,Safety Officer,2014-10-02 20:30:59,12356,3510.17,9
112,Linemen,2019-08-14 00:36:12,295147,2403.85,14
113,Linemen,2020-11-25 01:14:53,64698,432.28,24
114,Plumber,2020-03-18 10:00:24,35455,2981.65,3
115,Linemen,2016-03-02 09:47:27,186990,2703.12,16
116,Cement Mason,2020-05-21 07:31:40,50772,62.41,23
117,Stucco Mason,2016-07-21 22:01:06,8669,3198.51,13
118,Linemen,2013-10-05 02:19:13,32540,4057.57,27
119,Welder,2014-04-18 16:14:32,74158,3506.86,13
120,Linemen,2020-08-09 05:50:18,97872,3814.83,15
121,Welder,2019-09-25 08:17:59,95296,731.97,9
122,Refridgeration,2019-04-27 20:57:10,104147,763.21,9
123,Glazier,2015-03-21 10:14:27,239962,2679.4,12
124,Equipment Operator,2012-07-26 22:30:03,202387,28.75,19
125,Glazier,2020-08-20 08:42:26,34820,600.72,17
126,Linemen,2014-03-27 04:03:28,28178,1407.5,27
127,Electrician,2017-02-01 20:54:11,4250,477.2,12
128,Millwright,2019-06-25 04:00:34,42819,3697.77,21
129,Safety Officer,2014-11-08 04:09:02,37394,2320.96,15
130,Landscaper,2015-07-11 09:01:26,227044,354.02,24
131,Millwright,2014-05-15 11:41:41,7924,4461.65,23
132,Linemen,2021-05-11 22:55:14,242703,4228.7,16
133,Glazier,2017-04-30 06:45:41,269209,4740.28,12
134,Equipment Operator,2013-09-14 14:47:31,213966,622.52,15
135,Plumber,2016-06-10 13:45:44,127560,250.84,32
136,Refridgeration,2021-06-07 03:35:06,219993,1366.32,17
137,Welder,2017-06-05 15:04:18,128918,2961.34,37
138,Welder,2021-05-11 14:17:50,182191,278.85,31
139,Ironworker,2015-01-01 22:15:29,288297,4048.23,7
140,Glazier,2018-12-22 11:15:19,73388,1433.86,1
141,Landscaper,2012-09-05 19:58:24,250232,4934.05,33
142,Refridgeration,2014-05-20 13:10:20,271953,3567.94,10
143,Glazier,2018-03-01 20:25:53,128933,408.26,22
144,Ironworker,2016-10-03 17:33:19,204164,4166.01,40
145,Painter,2013-11-25 22:02:41,288401,4611.04,37
146,Concrete Finisher,2016-03-23 13:39:57,129227,218.09,37
147,Plasterers,2017-10-31 16:32:02,167913,73.22,7
148,Concrete Finisher,2016-12-12 15:04:11,56247,4807.28,1
149,Terrazzo,2017-11-04 10:40:27,146578,4715.47,22
150,Stucco Mason,2020-10-11 00:30:57,155495,3413.92,16
151,Millwright,2021-11-07 01:27:03,179324,86.92,3
152,Electrician,2021-03-03 09:56:32,33588,83.29,25
153,Ironworker,2014-10-20 01:08:09,30258,3605.64,38
154,Terrazzo,2018-05-28 09:52:20,10312,2661.04,14
155,Linemen,2020-05-31 05:06:27,80589,3448.36,37
156,Welder,2017-11-20 08:05:06,150424,610.38,3
157,Glazier,2020-05-30 13:56:04,157586,4715.47,15
158,Brickmason,2018-08-09 02:57:14,137298,3645.32,26
159,Tile Setter,2015-05-29 01:54:32,215503,3919.76,7
160,Plasterers,2021-01-16 13:45:10,216208,2376.1,28
161,Plumber,2014-03-08 02:34:17,27581,2031.43,20
162,Pipefitter,2016-04-20 18:54:39,106240,2518.42,11
163,Stucco Mason,2017-04-28 08:32:38,31266,2511.55,27
164,Equipment Operator,2016-11-05 13:53:19,63381,1864.87,22
165,Ironworker,2020-12-21 10:50:20,166501,2387.0,18
166,Boilermaker,2018-05-20 04:06:39,104686,714.76,13
167,Landscaper,2020-12-25 23:57:32,156159,3363.55,22
168,Pipefitter,2021-06-30 07:23:28,76246,1958.4,4
169,Plasterers,2019-05-01 11:34:04,265968,1408.2,22
170,Landscaper,2014-12-13 18:35:48,169921,1259.5,31
171,Carpenter,2017-07-31 00:52:10,11427,134.75,35
172,Glazier,2019-06-04 13:57:49,95237,4596.65,28
173,Carpenter,2018-04-14 01:39:52,100345,2864.1,6
174,Pipefitter,2016-07-19 20:28:53,200113,1431.17,24
175,Sheet Metal Worker,2018-12-18 00:09:26,42459,2582.03,4
176,Welder,2013-10-04 02:37:54,271354,2872.23,12
177,Stucco Mason,2016-05-03 17:35:26,16252,2520.13,37
178,Pipelayer,2014-02-12 02:34:50,58121,3658.11,20
179,Landscaper,2018-06-06 01:57:25,43635,4729.43,22
180,Refridgeration,2018-12-28 22:51:54,297430,3500.5,5
181,Boilermaker,2021-03-26 04:52:29,169202,1546.22,12
182,Refridgeration,2014-12-24 07:37:50,146352,2093.12,24
183,Ironworker,2013-08-12 17:45:07,226873,3379.6,23
184,Welder,2015-12-05 14:03:01,143176,466.01,39
185,Tile Setter,2015-04-01 01:33:06,232464,4689.31,7
186,Terrazzo,2020-01-11 03:18:35,209017,4381.6,29
187,Safety Officer,2018-08-17 10:47:49,88501,2286.21,16
188,Painter,2021-05-01 18:52:22,98178,3412.49,27
189,Waterproofer,2021-08-08 06:34:09,160556,3102.9,5
190,Cement Mason,2014-08-15 03:01:53,112379,1434.67,31
191,Millwright,2015-07-13 16:59:20,238864,3826.43,24
192,Plasterers,2019-11-01 04:37:34,47844,4569.04,19
193,Cement Mason,2012-08-17 21:08:34,63188,2936.9,11
194,Linemen,2021-08-13 01:31:48,258775,1893.89,31
195,Pipelayer,2016-05-13 18:16:07,141834,2321.19,28
196,Laborer,2018-12-06 13:00:19,75625,4374.43,14
197,Linemen,2012-07-04 05:29:21,100623,754.49,13
198,Ironworker,2017-06-07 20:51:43,118041,3872.63,34
199,Carpenter,2016-01-13 16:02:48,77309,574.41,27
200,Boilermaker,2015-02-08 00:39:01,159956,4974.52,32
201,HVAC,2021-05-13 00:11:10,255127,631.03,13
202,Electrician,2018-01-06 17:14:15,120697,4812.03,11
203,Terrazzo,2016-12-27 13:11:00,191144,3065.84,25
204,Brickmason,2016-09-03 02:09:17,264248,3821.89,27
205,Millwright,2019-09-14 18:43:36,220732,589.29,8
206,Stucco Mason,2015-06-17 15:27:18,63230,1146.53,1
207,Millwright,2017-12-07 02:14:23,133488,1798.06,33
208,Terrazzo,2016-03-03 12:48:54,15318,2953.48,13
209,Welder,2017-09-26 01:09:21,6393,1584.33,23
210,Ironworker,2016-09-15 07:08:30,55371,1519.75,25
211,Pipefitter,2018-05-22 10:18:52,98114,556.6,28
212,Terrazzo,2012-06-01 06:23:10,291878,4024.01,31
213,Carpenter,2018-06-06 07:07:50,88614,4178.78,34
214,Refridgeration,2017-01-23 11:07:51,203574,3059.39,4
215,Pipelayer,2012-01-24 17:56:45,210414,3152.26,7
216,Linemen,2012-09-14 14:02:00,253398,4907.2,21
217,Brickmason,2016-07-23 21:13:51,39520,4673.64,33
218,Welder,2017-02-18 04:46:36,179210,839.85,12
219,Safety Officer,2015-07-02 08:41:09,77388,3489.46,28
220,Stucco Mason,2015-01-05 10:54:25,249817,854.68,12
221,Plasterers,2017-09-15 04:40:26,82502,176.8,37
222,Cement Mason,2017-07-01 22:39:31,104676,1879.21,23
223,Waterproofer,2017-01-05 15:51:01,49837,3004.64,22
224,Millwright,2021-10-15 22:10:54,26748,4434.86,7
225,Sheet Metal Worker,2020-05-21 19:15:14,23791,4246.47,12
226,Landscaper,2021-04-16 02:59:44,35496,3419.34,8
227,Welder,2021-08-20 16:48:47,122707,1662.5,10
228,Concrete Finisher,2017-01-01 06:32:12,147686,3277.56,29
229,Ironworker,2021-05-22 00:25:19,298590,4102.92,36
230,Stucco Mason,2019-10-12 01:58:56,288565,411.08,1
231,Plumber,2019-01-14 17:38:50,125266,2791.59,19
232,Glazier,2013-08-31 21:43:53,170794,4958.27,22
233,Electrician,2016-12-12 17:21:13,299648,607.05,11
234,Refridgeration,2013-02-11 22:13:34,172954,2702.84,16
235,Linemen,2020-05-11 05:21:49,85448,1222.12,27
236,Plasterers,2020-03-20 00:41:22,267336,997.03,28
237,Pipelayer,2021-06-25 21:25:53,165942,4923.49,33
238,Painter,2020-04-15 12:32:26,171564,1293.27,38
239,Tile Setter,2017-10-27 18:20:33,277465,169.09,5
240,Sheet Metal Worker,2012-10-15 13:10:59,268651,4737.35,40
241,Linemen,2016-06-11 03:02:43,18399,3643.41,19
242,Welder,2020-08-15 21:29:32,239261,3027.1,3
243,Tile Setter,2016-02-27 02:28:40,104196,4610.31,13
244,Cement Mason,2018-02-02 10:14:30,133897,4267.1,31
245,Glazier,2016-11-21 23:26:07,23440,1603.89,5
246,Terrazzo,2014-07-10 02:12:19,114351,4551.25,7
247,Waterproofer,2014-03-07 13:26:26,205690,2150.77,23
248,Linemen,2012-03-04 19:12:48,170225,4637.43,6
249,Electrician,2021-01-14 07:32:47,137002,341.15,30
250,Boilermaker,2016-01-27 00:53:33,16456,1391.39,28
251,Safety Officer,2021-03-16 05:43:24,199033,3741.14,38
252,Laborer,2016-11-11 10:44:29,99619,2468.17,29
253,Concrete Finisher,2016-06-15 17:59:47,253983,4161.94,30
254,Sheet Metal Worker,2013-08-23 03:44:35,159219,676.65,10
255,Waterproofer,2015-06-05 19:40:53,264665,4693.21,3
256,HVAC,2017-06-14 15:49:33,43076,567.97,18
257,Painter,2015-08-04 13:18:37,290479,4580.25,29
258,Terrazzo,2016-09-20 23:26:39,93376,3770.98,20
259,Cement Mason,2013-06-17 11:28:29,264842,3629.35,8
260,Cement Mason,2016-11-01 02:10:43,83618,1045.31,1
261,Cement Mason,2017-02-18 08:12:08,287451,3238.31,9
262,Pipelayer,2017-05-07 15:51:05,259248,3038.52,27
263,Brickmason,2016-03-04 10:19:17,141605,3628.2,37
264,Laborer,2013-05-19 04:07:55,46492,3943.02,28
265,Concrete Finisher,2017-09-23 23:16:34,170478,4682.18,14
266,Refridgeration,2016-05-10 03:12:08,166029,2238.26,6
267,Pipelayer,2018-12-15 03:09:16,106510,3665.37,12
268,Tile Setter,2018-05-17 13:36:14,64662,1659.44,31
269,Landscaper,2020-09-06 01:50:09,95634,66.57,21
270,Electrician,2021-09-28 17:55:10,294561,4960.44,12
271,Landscaper,2015-05-06 08:41:50,86007,4578.07,25
272,Sheet Metal Worker,2016-12-28 02:22:12,42213,901.95,15
273,Pipefitter,2019-08-17 16:48:13,213514,1461.69,25
274,Welder,2020-07-02 18:03:51,128591,4994.04,15
275,Waterproofer,2013-10-23 09:27:16,28852,4961.55,10
276,Painter,2014-09-01 01:39:45,225727,4312.45,35
277,Terrazzo,2017-08-06 23:04:25,274320,568.89,23
278,Landscaper,2018-08-05 12:41:18,192848,2399.95,28
279,Cement Mason,2016-12-17 02:59:41,28832,425.5,38
280,Stucco Mason,2021-07-13 22:16:42,9335,2360.72,23
281,Pipefitter,2013-01-31 23:38:00,155466,1168.97,8
282,Equipment Operator,2020-02-02 15:44:17,144067,771.32,27
283,HVAC,2012-08-06 12:01:10,264070,1461.02,3
284,Carpenter,2016-04-19 03:44:52,266450,917.62,34
285,Plumber,2021-04-02 12:38:08,100977,4326.63,31
286,Stucco Mason,2015-09-22 02:10:34,286103,2209.68,11
287,Stucco Mason,2013-10-08 16:23:50,216522,4699.7,10
288,Plasterers,2019-05-21 01:14:03,240195,4253.62,26
289,Stucco Mason,2020-11-21 08:21:28,233249,3773.8,28
290,Pipefitter,2020-10-15 06:21:32,139578,2340.32,19
291,Carpenter,2018-11-08 22:58:48,239197,3277.86,24
292,Pipelayer,2016-05-03 07:54:09,142625,416.4,22
293,Welder,2015-06-29 05:07:00,12495,2785.32,4
294,Equipment Operator,2018-03-10 16:58:47,214046,2797.8,10
295,Equipment Operator,2018-05-18 09:03:43,160355,2784.54,10
296,Terrazzo,2012-05-08 08:25:30,14979,3870.36,40
297,Pipefitter,2017-12-30 07:41:25,31920,2462.89,26
298,Electrician,2015-01-25 16:42:04,276478,1282.48,15
299,Ironworker,2016-03-31 07:14:01,211692,2968.26,40
300,Welder,2021-04-19 21:35:16,255498,436.6,40
301,Sheet Metal Worker,2020-12-26 20:14:12,70793,2071.3,35
302,Sheet Metal Worker,2015-04-08 16:39:39,17828,3184.24,11
303,Welder,2015-02-04 11:08:18,26536,4965.68,26
304,Concrete Finisher,2013-07-30 08:54:12,137430,2554.4,20
305,Linemen,2017-05-18 20:05:40,116117,3753.38,3
306,Waterproofer,2013-07-25 14:43:42,153463,4019.08,19
307,Boilermaker,2017-06-29 22:59:59,150340,3445.17,25
308,Cement Mason,2015-06-21 04:30:47,88712,538.45,23
309,Pipelayer,2012-08-27 12:33:02,190210,3374.28,4
310,Stucco Mason,2017-07-13 02:06:46,608,2428.35,30
311,Painter,2020-04-14 00:37:49,51224,3404.16,28
312,Plumber,2019-09-12 16:28:20,11717,3970.1,33
313,Cement Mason,2018-11-27 07:26:19,93314,834.12,19
314,Electrician,2014-07-03 09:07:47,298281,500.19,31
315,Plumber,2021-01-11 00:44:08,297731,3535.59,1
316,Carpenter,2012-07-06 14:37:35,76769,3087.81,35
317,Equipment Operator,2013-01-15 05:25:13,115212,2158.49,35
318,Terrazzo,2012-12-18 13:59:19,132087,420.31,17
319,Plumber,2013-10-10 16:48:42,63494,441.55,32
320,Concrete Finisher,2013-05-30 07:13:47,251776,3935.7,25
321,Safety Officer,2013-10-17 05:31:02,161583,4377.98,28
322,Boilermaker,2021-06-28 21:34:21,173767,3610.35,35
323,Concrete Finisher,2013-09-04 00:10:11,138953,3891.82,23
324,Waterproofer,2014-08-21 07:09:35,60297,546.36,31
325,Electrician,2015-10-15 06:47:00,105821,1212.34,29
326,Terrazzo,2013-03-22 09:01:47,149710,1223.27,27
327,Pipelayer,2017-06-06 20:33:02,212376,356.99,27
328,Pipefitter,2014-05-27 15:14:38,35703,713.97,39
329,Welder,2019-09-18 11:14:04,250969,3981.99,21
330,Brickmason,2015-08-03 07:48:10,268433,151.08,5
331,Refridgeration,2017-08-02 14:53:04,186518,1379.45,33
332,Electrician,2017-07-20 11:48:52,136106,3521.32,24
333,Equipment Operator,2012-11-11 18:30:01,87716,1047.47,33
334,Ironworker,2012-01-10 16:35:32,182904,2799.93,26
335,Stucco Mason,2013-03-15 03:56:31,128091,1014.33,14
336,Painter,2016-08-01 09:31:36,40046,2029.71,4
337,Plumber,2021-03-29 12:53:40,14472,4536.14,36
338,Linemen,2014-01-10 09:53:32,148891,2714.2,7
339,Equipment Operator,2014-11-16 18:04:21,283451,586.26,26
340,Electrician,2021-09-20 21:43:24,83274,1709.05,13
341,Refridgeration,2013-01-03 12:05:47,135128,4639.5,16
342,Equipment Operator,2015-07-02 09:04:08,254068,2313.15,18
343,Glazier,2019-10-26 06:05:06,156315,542.44,8
344,Linemen,2020-06-15 22:09:18,186989,2729.16,1
345,Tile Setter,2017-12-17 01:17:20,69543,5.58,28
346,Brickmason,2017-01-18 18:52:21,51550,1774.36,7
347,Electrician,2016-01-01 15:30:12,247425,3286.86,38
348,Painter,2017-06-25 23:18:17,90227,4917.54,35
349,Waterproofer,2012-04-03 11:39:46,226778,609.63,10
350,Plasterers,2013-03-11 06:54:06,27126,4916.04,19
351,Brickmason,2017-06-10 18:55:14,225903,1925.09,4
352,Electrician,2014-10-30 06:31:53,92632,1686.78,29
353,Welder,2021-09-27 12:37:05,65552,2699.52,34
354,Ironworker,2012-12-16 05:02:10,132285,1353.39,10
355,Carpenter,2022-01-03 07:47:16,164235,4116.09,29
356,Glazier,2017-07-08 02:50:29,166570,4666.43,19
357,Waterproofer,2012-06-03 01:56:32,126023,1484.75,17
358,Sheet Metal Worker,2013-02-11 15:38:59,64527,4352.05,27
359,Cement Mason,2016-01-14 14:21:14,189933,1726.77,31
360,Pipefitter,2021-04-29 19:06:29,87717,2775.06,6
361,Brickmason,2017-12-01 19:18:04,12378,1361.3,14
362,Tile Setter,2016-06-30 04:47:09,5338,3639.98,30
363,Boilermaker,2019-10-30 05:21:09,143800,751.14,2
364,Brickmason,2018-06-29 20:20:27,207863,3050.54,11
365,Waterproofer,2014-07-16 18:32:39,140907,2480.52,40
366,Boilermaker,2021-03-12 07:11:19,45788,4092.59,36
367,Tile Setter,2015-07-02 16:33:33,47019,741.42,19
368,Tile Setter,2018-01-30 06:38:36,180698,4999.62,24
369,Linemen,2014-02-02 09:00:11,184463,3998.41,33
370,Plasterers,2013-10-25 19:32:16,132277,2465.06,24
371,Terrazzo,2015-12-02 04:09:03,167206,3870.64,14
372,Landscaper,2015-09-09 08:33:06,104962,2782.08,3
373,Pipelayer,2021-08-06 17:57:18,210523,2469.44,30
374,Safety Officer,2012-08-30 12:54:39,133056,147.34,26
375,Stucco Mason,2012-02-20 10:02:20,144632,2604.07,18
376,Plumber,2018-03-22 16:02:07,277319,131.76,20
377,Plasterers,2015-04-22 21:40:24,182161,2611.28,27
378,Pipelayer,2014-07-13 10:36:46,294837,1567.86,36
379,Safety Officer,2016-11-07 22:07:18,235923,2347.43,37
380,Glazier,2012-12-25 11:49:12,115729,2391.91,30
381,Carpenter,2017-04-15 06:26:44,126713,2304.34,33
382,Tile Setter,2018-01-20 20:47:13,3203,1618.63,17
383,Millwright,2016-01-04 21:52:47,238105,519.38,20
384,Landscaper,2017-08-20 07:25:30,249158,3783.07,38
385,Ironworker,2014-03-25 15:18:48,152571,3514.25,4
386,Pipefitter,2016-05-21 20:26:53,49418,3182.9,8
387,Equipment Operator,2016-10-09 19:16:26,108191,307.5,29
388,Pipefitter,2019-08-29 19:30:39,291140,3424.28,23
389,Stucco Mason,2015-02-05 10:47:45,41206,1598.91,18
390,Boilermaker,2015-04-04 00:10:17,290024,356.87,2
391,Linemen,2013-11-12 08:40:51,25160,1690.02,12
392,Plumber,2016-04-14 12:52:58,133471,4703.2,1
393,Sheet Metal Worker,2020-09-12 09:39:56,99141,5.68,12
394,Concrete Finisher,2012-04-20 09:45:21,162349,4111.38,39
395,Sheet Metal Worker,2015-02-08 20:05:53,154996,125.75,7
396,Concrete Finisher,2013-04-20 01:53:44,281606,1954.0,34
397,Millwright,2013-03-04 06:02:54,46598,1916.0,24
398,Stucco Mason,2012-08-11 17:01:27,77131,4918.97,40
399,Pipefitter,2021-08-16 19:55:56,208690,808.69,3
400,Refridgeration,2020-08-19 20:03:46,248857,322.71,28
401,Millwright,2016-03-31 20:27:02,15655,4901.85,2
402,Glazier,2015-09-23 00:33:05,87833,988.27,15
403,Pipefitter,2017-03-04 23:57:35,278702,3347.42,17
404,Ironworker,2021-11-22 20:47:42,287731,4787.66,12
405,Ironworker,2013-10-12 10:58:01,278701,407.22,37
406,Ironworker,2021-05-20 22:05:01,64906,2129.9,20
407,Plasterers,2017-04-26 18:01:55,90746,4307.97,17
408,Cement Mason,2018-02-07 02:56:38,141290,660.99,7
409,Painter,2019-11-28 18:13:21,285326,1780.52,4
410,Welder,2021-04-10 00:19:25,128096,4512.37,39
411,Ironworker,2019-01-23 22:23:08,179037,4888.63,6
412,Ironworker,2018-12-31 07:14:13,31649,470.33,38
413,Boilermaker,2021-08-10 19:43:02,150710,4890.15,8
414,Welder,2020-06-17 04:06:59,61821,4513.92,22
415,Laborer,2019-06-11 00:13:38,140684,425.6,39
416,HVAC,2013-04-08 07:32:47,77901,670.28,28
417,Glazier,2020-01-06 09:48:31,76529,2424.66,17
418,Equipment Operator,2017-08-19 10:27:51,123066,2781.65,5
419,Plumber,2019-04-23 01:18:36,284306,4290.05,26
420,Cement Mason,2017-01-03 16:42:05,186534,2786.24,34
421,Ironworker,2014-07-30 22:31:56,235248,686.4,1
422,Electrician,2020-09-28 07:35:43,162871,4681.45,29
423,Glazier,2018-03-20 07:42:00,235251,3872.68,17
424,Concrete Finisher,2013-08-25 05:56:38,61826,3262.18,33
425,Painter,2015-06-03 17:33:52,99861,2791.02,4
426,Safety Officer,2020-01-10 18:28:03,181344,2300.6,26
427,Welder,2020-09-03 22:00:43,96104,653.03,34
428,Cement Mason,2016-08-25 21:41:22,58953,4717.78,20
429,Brickmason,2021-09-26 10:38:20,162177,4741.29,25
430,Glazier,2017-01-18 03:09:36,103970,4923.12,14
431,Stucco Mason,2012-12-21 00:34:49,264376,3386.88,38
432,HVAC,2020-11-10 06:12:56,134429,3736.23,34
433,Tile Setter,2014-03-06 10:26:48,198788,4139.0,6
434,Concrete Finisher,2019-12-27 11:44:40,54611,4366.0,14
435,Painter,2012-05-22 02:25:15,113242,3771.53,16
436,Ironworker,2017-10-01 00:00:34,80083,3638.41,10
437,Terrazzo,2019-12-15 12:31:22,221252,4138.04,37
438,Sheet Metal Worker,2016-05-30 12:55:00,127868,2462.93,8
439,Pipefitter,2015-09-25 21:10:27,16431,1696.77,16
440,Glazier,2021-05-01 06:34:52,178182,490.29,37
441,Pipelayer,2019-07-25 00:57:52,210094,4293.83,22
442,Concrete Finisher,2014-04-23 07:25:04,226351,1009.9,39
443,Welder,2016-12-19 04:27:38,63277,4644.98,26
444,Pipefitter,2019-12-27 01:02:24,277654,3233.89,8
445,Tile Setter,2021-09-24 00:09:00,15669,82.73,33
446,Tile Setter,2012-06-02 09:54:40,233810,3964.33,35
447,Tile Setter,2019-09-30 02:21:03,174379,3754.23,8
448,Boilermaker,2018-04-20 03:26:05,206299,3828.91,19
449,Cement Mason,2020-07-30 21:05:22,61318,3334.64,15
450,Ironworker,2012-09-29 08:39:09,83442,1569.17,21
451,Linemen,2015-08-02 16:09:57,196738,2392.65,5
452,Glazier,2019-05-28 05:54:30,178315,2819.48,6
453,Electrician,2015-11-13 13:12:55,120676,3330.78,12
454,Terrazzo,2015-12-12 09:54:02,202460,2979.78,39
455,Millwright,2015-07-11 22:16:32,176995,3658.97,40
456,Cement Mason,2015-11-01 17:38:24,172781,644.21,26
457,Pipelayer,2016-07-06 17:27:53,231685,205.74,20
458,Welder,2012-07-07 14:49:54,203214,426.46,8
459,Tile Setter,2013-02-22 00:29:14,264231,2989.29,10
460,Glazier,2012-01-09 08:01:26,56800,4406.45,14
461,Brickmason,2015-04-21 16:09:00,256444,1617.14,6
462,Terrazzo,2016-10-17 14:38:08,170621,2623.61,3
463,Pipefitter,2019-07-15 02:51:44,7566,3448.64,13
464,Plasterers,2014-12-11 12:34:42,39464,254.46,8
465,Electrician,2018-09-10 00:00:35,22592,3313.99,18
466,Landscaper,2014-07-18 02:41:48,168171,1720.84,9
467,Sheet Metal Worker,2012-05-28 07:53:29,8632,2127.04,32
468,Ironworker,2020-03-28 01:30:08,9856,809.28,38
469,Equipment Operator,2022-01-01 13:28:13,207076,1183.65,30
470,Laborer,2019-06-21 23:42:16,230231,2567.48,19
471,Waterproofer,2016-05-23 17:54:04,289021,4489.25,21
472,Waterproofer,2018-09-28 18:35:20,234049,227.57,30
473,HVAC,2018-03-17 09:07:15,251039,3935.5,30
474,Sheet Metal Worker,2020-06-02 06:48:33,101143,2378.16,33
475,Millwright,2015-08-31 23:45:21,95671,2566.44,12
476,Linemen,2014-02-02 22:31:00,257725,3786.6,23
477,HVAC,2015-02-19 02:02:17,298270,4478.38,1
478,Refridgeration,2016-01-31 16:45:27,48032,3110.09,39
479,Pipelayer,2016-09-06 09:36:16,279289,4639.47,23
480,Tile Setter,2021-01-03 22:17:19,147387,2058.27,37
481,Tile Setter,2021-03-20 12:38:45,36211,2140.91,12
482,Welder,2012-01-28 13:07:25,112770,3488.73,4
483,Sheet Metal Worker,2018-12-07 09:26:15,168849,3098.24,20
484,Refridgeration,2018-11-21 16:51:07,150250,1972.64,38
485,Brickmason,2021-01-13 13:45:32,66984,1380.36,29
486,HVAC,2013-06-07 23:56:44,112822,1857.39,9
487,Plumber,2020-09-01 17:18:52,3603,14.48,17
488,Carpenter,2016-12-10 21:35:34,45348,1006.75,17
489,Pipefitter,2015-11-17 03:39:27,285214,3748.82,24
490,Ironworker,2013-09-16 01:29:31,201046,4633.54,20
491,Waterproofer,2015-07-25 06:05:32,43044,3996.94,5
492,Boilermaker,2019-08-20 02:04:24,298076,2813.13,9
493,Electrician,2021-12-03 14:05:46,291972,2458.4,3
494,Brickmason,2021-09-10 01:28:28,14157,243.99,11
495,Boilermaker,2018-04-17 01:25:10,285658,2271.18,5
496,Equipment Operator,2020-06-28 09:43:07,117954,2596.05,25
497,Millwright,2017-10-23 16:27:15,78660,2335.78,8
498,Pipefitter,2015-06-04 01:39:05,1443,2026.26,25
499,Carpenter,2012-06-27 15:32:23,75988,708.95,26
500,Painter,2013-10-05 00:47:27,197392,4914.37,35
501,Pipefitter,2020-02-17 23:49:04,59912,2693.91,34
502,Boilermaker,2021-04-18 05:06:11,154874,1165.19,21
503,Refridgeration,2021-09-08 23:58:16,75406,4764.02,7
504,Plumber,2018-10-24 07:22:47,164141,947.33,29
505,Ironworker,2018-12-28 11:07:52,21886,3977.08,24
506,Refridgeration,2014-07-30 11:57:14,63457,4253.89,7
507,Millwright,2019-05-17 03:11:42,88765,2423.51,23
508,Terrazzo,2013-10-31 06:04:14,266136,1113.95,17
509,Plumber,2019-04-16 18:45:23,220244,4955.17,38
510,Carpenter,2013-01-25 17:06:41,182145,4413.18,39
511,Concrete Finisher,2018-03-11 12:42:07,299135,760.56,11
512,Sheet Metal Worker,2018-12-08 12:21:36,127514,2479.02,30
513,Stucco Mason,2015-11-27 02:41:01,100725,3787.7,16
514,Linemen,2016-10-01 16:19:21,98528,193.33,21
515,Boilermaker,2019-08-10 21:21:20,152033,1682.04,9
516,Landscaper,2017-05-19 22:55:07,144260,1380.72,25
517,Tile Setter,2014-02-21 01:42:11,10440,4095.27,25
518,Terrazzo,2015-08-10 01:08:06,181859,4054.35,4
519,Refridgeration,2020-12-21 00:56:24,297423,3427.57,22
520,Tile Setter,2018-03-01 06:36:33,111901,596.15,11
521,Tile Setter,2020-02-12 10:52:42,176412,3937.14,2
522,Tile Setter,2021-11-25 06:11:12,137535,3009.86,9
523,Millwright,2017-08-02 09:19:24,11690,2132.42,17
524,Carpenter,2012-06-13 11:50:37,60493,4832.62,18
525,Painter,2019-06-13 07:13:31,104762,3950.86,35
526,Electrician,2016-06-30 22:40:55,206007,276.25,30
527,Concrete Finisher,2013-05-11 08:47:40,57382,2774.19,13
528,Pipelayer,2018-04-24 20:40:58,30957,4057.83,21
529,Landscaper,2021-04-05 03:41:52,166762,2168.52,36
530,Millwright,2021-05-28 11:22:17,178825,1311.23,39
531,Boilermaker,2015-09-23 17:24:56,163662,248.01,21
532,Painter,2017-12-04 20:05:44,59841,946.9,19
533,Landscaper,2015-05-23 03:24:54,4937,2228.88,31
534,Concrete Finisher,2015-10-03 04:19:07,136683,2378.72,29
535,Pipelayer,2018-06-12 02:51:42,60121,3301.86,1
536,Plumber,2016-12-28 13:30:27,33869,652.37,24
537,Stucco Mason,2020-03-20 23:04:03,30016,4952.3,34
538,Glazier,2012-10-16 16:18:01,164844,1070.14,31
539,Safety Officer,2012-05-30 18:31:13,54999,1999.27,8
540,Concrete Finisher,2020-06-02 15:22:56,137577,983.11,16
541,Landscaper,2013-11-20 21:17:25,268104,3366.24,22
542,Waterproofer,2016-02-19 14:05:37,24317,1750.04,25
543,Carpenter,2012-01-27 06:03:42,136490,1549.68,2
544,Sheet Metal Worker,2018-04-21 01:19:54,229096,1746.01,16
545,Landscaper,2013-07-14 09:53:31,154520,3346.63,24
546,Refridgeration,2015-12-13 21:05:47,72586,4138.24,17
547,Pipefitter,2015-06-07 00:39:14,173518,4075.9,15
548,Equipment Operator,2020-12-30 17:25:42,161522,3516.1,35
549,HVAC,2018-08-23 23:51:53,21625,514.3,22
550,Carpenter,2016-06-09 02:54:36,170665,906.88,26
551,Stucco Mason,2021-12-06 08:29:21,288283,2283.29,3
552,Welder,2020-10-09 05:56:25,284139,1141.02,4
553,Tile Setter,2021-04-24 20:16:35,37691,805.47,18
554,Ironworker,2019-08-14 14:42:30,63484,2166.79,16
555,Glazier,2021-02-20 12:00:15,252912,2961.72,30
556,Sheet Metal Worker,2021-10-20 12:59:53,169534,1294.56,3
557,Glazier,2015-05-14 04:44:29,188013,2795.67,14
558,Safety Officer,2015-06-24 16:30:27,34301,1554.86,14
559,Laborer,2014-01-02 04:46:41,72990,2881.91,24
560,Plasterers,2015-04-28 07:32:17,44940,888.65,19
561,Plumber,2017-04-30 00:58:51,238467,1259.19,35
562,Ironworker,2021-02-11 03:19:07,191746,3937.83,13
563,Tile Setter,2018-01-21 14:09:44,132776,1525.91,11
564,Stucco Mason,2017-12-09 17:28:08,45033,4386.47,40
565,Cement Mason,2015-06-08 09:47:45,132915,2387.0,22
566,Millwright,2019-03-06 11:01:48,78069,662.75,14
567,Painter,2020-12-02 21:18:44,226432,3409.95,8
568,Refridgeration,2017-09-23 04:57:31,153093,2555.11,40
569,Tile Setter,2016-05-20 13:36:23,164787,4671.43,4
570,Millwright,2021-08-16 01:35:43,180204,412.87,22
571,Landscaper,2013-11-18 15:46:09,211026,286.99,8
572,Electrician,2019-09-26 00:15:41,104270,4069.69,7
573,Tile Setter,2020-03-23 21:19:42,18335,810.6,8
574,Laborer,2020-01-15 04:59:48,276756,1082.6,2
575,Waterproofer,2012-02-29 21:31:23,153468,4634.73,20
576,Electrician,2014-03-24 01:44:01,191745,2649.53,26
577,Pipefitter,2020-05-16 01:38:45,187472,3553.47,37
578,Glazier,2021-09-16 10:21:27,69128,3880.6,30
579,Brickmason,2018-04-19 22:48:16,15861,2338.79,20
580,Terrazzo,2013-07-26 18:30:22,156274,432.84,5
581,Waterproofer,2016-06-13 11:45:05,103774,263.7,4
582,Stucco Mason,2016-09-20 05:56:16,268691,4063.48,39
583,Landscaper,2017-10-13 09:52:10,29527,1834.6,7
584,Tile Setter,2013-09-12 16:41:03,244514,4935.08,29
585,Glazier,2016-10-19 05:22:55,213657,154.77,6
586,Cement Mason,2015-03-08 06:17:03,179734,3706.01,9
587,Brickmason,2014-02-20 19:51:29,220409,2184.76,12
588,Boilermaker,2019-08-29 20:12:34,142198,3321.48,30
589,Safety Officer,2021-09-05 16:16:57,266076,3170.37,28
590,Millwright,2016-11-08 22:31:18,16969,3649.37,18
591,Linemen,2017-05-08 11:02:13,352,717.18,30
592,Painter,2021-07-11 01:46:08,47612,3052.12,9
593,Boilermaker,2016-12-15 02:47:43,29591,2671.73,28
594,Terrazzo,2015-03-11 05:41:30,221859,2075.96,5
595,Ironworker,2013-03-16 07:08:00,191860,3566.38,1
596,Laborer,2020-12-22 08:55:58,152731,3310.79,20
597,Cement Mason,2016-12-18 12:25:18,194458,1401.3,39
598,Cement Mason,2014-09-14 12:18:17,285757,268.98,28
599,HVAC,2016-03-31 08:20:40,241313,3141.67,36
600,Painter,2013-12-09 14:03:44,201427,3122.4,25
601,Sheet Metal Worker,2015-05-30 07:32:20,287448,4258.79,5
602,Plasterers,2020-04-11 22:11:18,295106,2378.1,35
603,Laborer,2020-09-30 20:14:51,272590,2512.15,1
604,Plasterers,2018-10-13 16:31:18,104115,335.55,17
605,Carpenter,2019-01-18 21:07:34,88958,1923.79,20
606,Carpenter,2016-12-13 16:35:48,216176,2136.05,13
607,Electrician,2012-12-06 21:41:13,283653,4892.34,10
608,Carpenter,2019-07-07 09:40:57,199305,4266.23,22
609,HVAC,2021-04-18 21:52:11,55601,4800.42,27
610,Concrete Finisher,2014-01-10 19:18:33,23266,2628.88,10
611,Terrazzo,2021-06-18 17:08:04,139061,1614.95,17
612,Welder,2021-04-05 18:58:10,170264,3165.62,7
613,Pipefitter,2015-12-20 00:19:02,153873,492.2,19
614,HVAC,2021-04-02 19:20:13,247977,3153.08,28
615,Electrician,2018-03-03 01:37:57,63458,4942.86,7
616,Millwright,2021-06-20 02:05:17,75350,74.86,39
617,HVAC,2014-01-04 18:22:05,21541,1200.36,40
618,Cement Mason,2013-09-11 18:31:43,156500,456.78,32
619,Safety Officer,2015-02-26 16:42:44,113456,1210.24,38
620,Refridgeration,2016-05-21 23:03:16,121107,509.56,7
621,Safety Officer,2016-03-14 00:00:49,59969,3631.41,2
622,Cement Mason,2012-01-22 03:25:58,177570,3412.62,3
623,Boilermaker,2019-07-05 04:39:04,239132,4307.48,37
624,Electrician,2020-11-29 09:46:17,274962,3512.8,40
625,Linemen,2016-08-24 14:06:01,85997,43.98,36
626,Millwright,2016-03-03 13:10:15,37276,2741.89,1
627,Concrete Finisher,2012-01-24 16:47:40,176192,1940.11,31
628,Stucco Mason,2013-11-21 03:13:55,157983,3871.38,18
629,Plumber,2015-02-17 13:29:55,130884,2317.49,1
630,Tile Setter,2017-08-29 15:18:21,114250,3822.18,27
631,Glazier,2014-11-27 10:57:26,255193,900.52,36
632,Pipelayer,2020-04-18 04:42:26,58321,2239.1,22
633,Waterproofer,2017-06-17 14:47:21,149119,849.51,20
634,Painter,2018-02-24 00:02:53,258368,97.15,10
635,Plasterers,2013-06-02 04:18:52,245295,461.27,32
636,Welder,2012-11-22 20:10:16,17977,1329.83,24
637,Sheet Metal Worker,2013-11-21 21:16:48,18659,3503.53,7
638,Landscaper,2012-07-27 18:33:15,282695,4070.71,29
639,Concrete Finisher,2015-09-24 22:20:40,61752,3878.8,18
640,Glazier,2016-11-14 15:48:55,176625,449.37,15
641,Cement Mason,2018-07-26 23:04:39,104941,1207.59,16
642,Waterproofer,2012-12-19 19:55:55,129004,2433.62,8
643,Glazier,2019-10-08 00:47:00,181212,3504.26,11
644,Brickmason,2012-09-15 15:19:34,176859,3550.08,1
645,Waterproofer,2018-04-19 20:00:05,80608,1409.34,30
646,Terrazzo,2018-04-13 14:59:44,121796,3333.98,9
647,Plasterers,2014-02-19 13:26:18,197948,1644.92,11
648,Concrete Finisher,2020-01-24 19:41:13,286904,3879.11,8
649,Ironworker,2018-09-01 14:22:38,193012,3915.16,11
650,Electrician,2013-08-11 20:57:09,222182,9.95,26
651,Brickmason,2015-09-26 00:18:59,239512,2711.94,21
652,Pipefitter,2014-03-12 04:07:49,74151,3024.59,36
653,Cement Mason,2017-08-11 04:30:23,45956,3154.46,15
654,Terrazzo,2013-07-13 01:12:05,234102,1438.55,18
655,Tile Setter,2018-10-04 05:48:59,210920,3975.52,37
656,Painter,2018-01-16 05:28:13,48219,3932.51,14
657,Sheet Metal Worker,2018-08-08 21:54:40,209403,2261.48,17
658,Stucco Mason,2017-05-14 18:55:10,203502,1298.91,24
659,Carpenter,2012-08-19 09:13:47,182984,1444.99,16
660,Millwright,2013-07-27 03:36:46,181941,4761.0,19
661,Waterproofer,2012-04-10 14:04:51,210628,1260.45,39
662,Carpenter,2018-10-24 00:51:22,49439,578.95,20
663,HVAC,2012-12-20 20:50:17,53981,3463.43,33
664,HVAC,2017-02-08 14:04:18,108561,3012.08,12
665,Pipelayer,2016-12-29 09:19:03,35787,2533.03,22
666,Stucco Mason,2017-11-12 02:11:23,34309,4746.48,3
667,Landscaper,2021-08-30 05:54:55,243197,1226.16,38
668,Pipefitter,2019-05-28 17:18:35,31076,902.15,13
669,Electrician,2015-11-13 07:06:18,145370,3328.38,7
670,Plasterers,2018-12-30 03:13:46,237831,2576.62,5
671,Plumber,2018-11-02 20:53:12,121426,544.74,33
672,Ironworker,2013-11-24 05:05:31,225967,114.76,15
673,Stucco Mason,2019-12-19 08:12:12,277347,626.95,4
674,Pipelayer,2017-04-08 22:23:01,162428,428.11,7
675,Equipment Operator,2012-06-13 06:54:00,2777,2031.64,17
676,Refridgeration,2021-05-07 23:26:39,87167,2380.68,32
677,Landscaper,2021-03-18 13:35:25,43343,1862.43,14
678,Tile Setter,2016-05-22 21:00:08,173949,4245.04,26
679,Pipefitter,2020-07-07 05:54:21,232656,3130.34,11
680,Plumber,2020-12-30 16:35:39,135306,1121.19,2
681,Electrician,2017-01-31 20:00:39,153361,962.5,28
682,Sheet Metal Worker,2016-01-16 01:25:28,286438,144.15,17
683,Electrician,2017-01-03 11:29:14,35009,1149.47,18
684,Sheet Metal Worker,2020-06-19 07:42:38,130481,4008.4,11
685,Stucco Mason,2016-04-27 22:22:13,124129,3224.33,29
686,HVAC,2013-08-13 13:14:10,251647,2668.96,15
687,Laborer,2013-06-12 00:45:49,214847,2319.58,36
688,Landscaper,2013-06-21 23:55:29,187390,238.32,15
689,Plasterers,2018-11-06 11:18:26,25226,4287.51,38
690,Tile Setter,2018-12-01 15:20:15,246411,4547.67,18
691,Plasterers,2021-08-19 02:01:32,264959,4021.72,22
692,Boilermaker,2019-09-21 01:28:07,103161,3888.2,22
693,Ironworker,2016-08-17 09:14:16,134469,1071.34,34
694,Waterproofer,2019-10-13 05:23:46,80319,319.56,40
695,Boilermaker,2017-09-02 19:49:20,126110,1648.43,15
696,Glazier,2017-10-16 04:33:37,252109,4139.78,30
697,Welder,2016-01-23 12:39:26,79474,1968.57,12
698,Tile Setter,2020-12-17 05:13:24,76602,2020.14,26
699,Safety Officer,2020-08-18 22:17:14,247435,3921.73,4
700,Painter,2013-07-31 05:38:11,68999,438.18,3
701,Equipment Operator,2014-02-27 20:51:17,197433,1222.94,27
702,Millwright,2013-03-31 01:04:18,194140,3428.09,32
703,Boilermaker,2020-10-29 21:04:30,179878,4085.69,27
704,Plumber,2019-01-17 15:09:27,195283,2559.24,30
705,Tile Setter,2019-09-11 20:49:22,89876,3752.92,17
706,Refridgeration,2015-12-23 02:29:57,148018,4622.88,28
707,Sheet Metal Worker,2012-08-11 12:11:00,78430,4295.78,38
708,Equipment Operator,2012-07-07 18:56:05,161022,432.49,11
709,Plumber,2015-06-01 11:13:11,81938,2217.5,24
710,Pipefitter,2015-12-21 01:57:52,181238,3263.0,30
711,Terrazzo,2020-07-06 06:22:07,96249,135.66,25
712,Pipefitter,2021-09-27 23:49:29,229881,1682.5,4
713,Terrazzo,2020-06-08 15:02:30,278351,2771.16,35
714,Glazier,2021-09-15 03:33:09,53865,2273.84,6
715,Electrician,2014-08-13 02:31:41,146187,4413.94,27
716,Landscaper,2014-02-20 08:22:40,35666,313.59,23
717,Tile Setter,2018-06-27 15:48:39,83232,966.82,32
718,HVAC,2017-10-09 08:41:22,207450,3641.7,23
719,Plasterers,2017-09-29 02:01:15,69948,2065.13,4
720,Plumber,2016-10-25 23:35:20,23999,3675.67,26
721,Safety Officer,2017-04-23 05:34:26,208598,4909.18,28
722,Equipment Operator,2022-01-01 09:04:36,61009,4887.9,23
723,Welder,2013-08-01 00:44:58,39113,3615.82,24
724,Cement Mason,2014-04-08 18:27:05,11451,2953.54,27
725,Brickmason,2018-08-13 15:02:01,256636,2230.52,35
726,Terrazzo,2017-01-26 20:15:40,49095,4189.95,33
727,Landscaper,2019-01-15 09:53:00,21602,1729.46,2
728,Plasterers,2018-01-22 08:27:58,162508,2464.83,9
729,Welder,2014-08-23 14:22:02,23581,1780.42,36
730,Linemen,2016-03-26 16:59:44,134081,1277.53,30
731,Welder,2013-05-07 22:00:58,103897,3847.39,17
732,Refridgeration,2020-07-07 16:30:11,159503,3757.46,28
733,Carpenter,2021-03-03 19:39:00,7642,4890.24,36
734,Concrete Finisher,2017-10-07 17:56:05,229954,1192.35,21
735,HVAC,2020-12-19 08:05:24,229479,2196.22,25
736,Landscaper,2018-10-06 21:01:35,156750,2390.01,19
737,Carpenter,2012-02-14 06:56:10,238352,3072.05,38
738,Painter,2016-02-18 17:31:56,28009,3329.28,22
739,Equipment Operator,2013-03-12 05:08:07,79215,1276.99,25
740,Plumber,2013-05-11 15:50:53,41204,2596.52,1
741,Pipefitter,2016-11-26 21:19:14,294107,2579.0,16
742,Carpenter,2017-05-23 19:31:31,152164,3906.34,9
743,Carpenter,2016-08-24 11:38:00,18402,4055.63,3
744,Pipefitter,2014-11-25 15:20:56,244844,656.63,34
745,Refridgeration,2012-07-24 13:19:04,231503,2353.16,22
746,Electrician,2020-10-18 03:28:23,136893,4851.87,40
747,Brickmason,2015-05-26 07:17:49,280617,1562.54,27
748,Pipelayer,2015-06-04 11:58:22,291794,487.6,9
749,Painter,2017-11-04 01:19:04,176315,581.46,15
750,Equipment Operator,2021-07-31 09:30:41,37324,2594.72,33
751,Refridgeration,2021-09-04 11:01:36,67061,1879.21,9
752,Pipelayer,2013-08-24 14:06:28,143956,1476.23,37
753,Ironworker,2018-06-01 12:26:42,52383,4449.09,15
754,Landscaper,2012-12-11 10:02:28,138799,2292.38,20
755,Landscaper,2013-10-15 08:43:10,75082,1339.68,23
756,Laborer,2018-11-07 14:33:09,125528,2344.87,1
757,Terrazzo,2020-03-26 07:27:07,205082,2636.65,25
758,Welder,2021-10-09 01:34:45,265919,1329.43,39
759,Linemen,2020-09-01 17:00:23,57060,1668.06,3
760,HVAC,2014-11-13 12:21:52,100744,1315.25,14
761,Stucco Mason,2017-06-15 00:31:10,117145,4217.21,11
762,Plumber,2015-07-11 01:35:30,85985,1893.6,16
763,Carpenter,2016-06-24 15:33:17,5145,1656.73,34
764,Safety Officer,2020-03-10 16:36:29,61465,1356.89,6
765,Carpenter,2021-03-04 11:35:58,287107,39.31,16
766,Brickmason,2014-10-06 15:10:40,133054,1993.13,35
767,Carpenter,2021-02-16 15:46:04,4448,3704.11,29
768,Sheet Metal Worker,2015-08-15 14:30:42,140379,4353.33,1
769,Brickmason,2015-08-24 13:22:52,179883,1615.17,23
770,Landscaper,2015-11-23 13:39:48,265440,4256.38,6
771,Cement Mason,2020-02-17 01:39:48,52307,605.61,15
772,Refridgeration,2012-08-31 21:20:14,102181,366.1,17
773,Electrician,2014-11-02 17:26:04,140076,3322.09,19
774,Refridgeration,2017-06-30 15:32:33,229524,808.61,37
775,Pipefitter,2016-09-30 20:03:17,149165,4229.13,29
776,Waterproofer,2016-05-29 13:56:08,22458,2463.18,17
777,Laborer,2016-09-12 02:00:13,95732,3239.54,14
778,Terrazzo,2016-06-04 04:44:30,122819,4292.56,28
779,Carpenter,2017-12-30 06:20:11,7599,4197.05,34
780,Pipefitter,2019-10-11 06:12:59,51945,4543.13,32
781,Terrazzo,2018-06-17 20:18:35,93004,4157.15,31
782,Glazier,2018-01-22 01:55:04,132757,1443.76,6
783,Ironworker,2020-12-11 13:25:00,266722,3418.01,6
784,Carpenter,2017-11-02 10:36:51,45640,1922.5,9
785,HVAC,2013-10-22 19:28:53,111191,4203.29,26
786,Painter,2013-11-08 21:21:47,104367,675.91,36
787,Linemen,2013-08-02 19:40:04,116716,4862.91,11
788,Carpenter,2019-09-02 05:30:11,246494,4268.09,4
789,Painter,2013-01-02 00:47:33,188583,2385.06,27
790,Refridgeration,2021-10-23 11:43:55,135292,1314.13,21
791,Landscaper,2016-08-30 10:45:29,213150,3396.25,7
792,Stucco Mason,2014-12-23 21:19:19,106676,3233.27,21
793,Welder,2013-07-22 00:46:12,212040,1624.44,30
794,Refridgeration,2017-03-12 13:00:07,161197,2133.85,12
795,Pipefitter,2020-11-07 08:53:51,229236,4916.47,31
796,Carpenter,2014-08-18 05:24:58,34394,185.96,31
797,Safety Officer,2014-06-25 16:05:55,178219,167.32,22
798,Plumber,2020-02-27 07:12:23,31072,4522.03,26
799,Laborer,2014-12-07 03:04:38,256951,1391.89,14
800,Linemen,2020-08-19 11:11:19,83312,2790.22,20
801,Pipelayer,2020-07-22 17:33:32,150452,3126.29,13
802,Safety Officer,2019-03-14 14:24:41,234507,14.58,3
803,HVAC,2014-11-14 07:02:06,201688,3563.04,3
804,Cement Mason,2020-12-17 15:45:44,295332,2455.54,22
805,Safety Officer,2021-12-19 22:14:20,12281,3538.39,36
806,Pipefitter,2019-03-26 14:04:40,257113,3919.2,2
807,Pipefitter,2018-10-26 22:55:28,35381,4323.65,34
808,Pipelayer,2014-03-16 04:33:45,56989,579.27,24
809,Stucco Mason,2013-06-12 07:35:42,273969,4527.32,27
810,Terrazzo,2015-06-24 14:48:40,39659,3669.95,19
811,Brickmason,2015-02-24 19:22:45,116092,130.46,10
812,Plasterers,2017-12-01 09:27:07,126160,3573.97,37
813,Equipment Operator,2021-12-31 18:27:59,138018,310.87,17
814,Ironworker,2020-10-30 02:03:42,30667,3849.14,10
815,Millwright,2018-07-18 09:27:34,61120,2579.14,23
816,Plumber,2016-08-26 01:03:09,139596,4257.59,29
817,Ironworker,2018-03-18 00:53:42,177555,3090.46,28
818,Sheet Metal Worker,2015-05-28 17:27:55,195753,4930.33,8
819,Plumber,2019-02-20 08:03:49,10956,1084.64,6
820,Landscaper,2016-08-18 14:11:22,289932,1094.87,29
821,Linemen,2017-07-03 20:25:47,280801,2570.11,6
822,Welder,2015-03-05 17:16:58,62665,4581.42,35
823,Laborer,2012-03-06 17:53:45,281311,1891.8,2
824,Sheet Metal Worker,2019-06-11 18:52:15,11711,3564.54,19
825,HVAC,2012-03-29 23:36:04,30509,2702.94,20
826,Waterproofer,2020-02-20 12:35:32,247333,514.1,37
827,HVAC,2017-07-09 19:08:06,151883,4856.55,12
828,Safety Officer,2020-10-10 19:07:18,32330,2212.23,11
829,Painter,2014-02-19 17:42:00,32167,1597.77,10
830,Plumber,2016-07-23 06:23:07,99453,3410.95,22
831,Electrician,2012-11-02 18:21:20,154694,1949.94,35
832,Ironworker,2018-02-10 08:25:39,100209,309.81,37
833,Plumber,2018-04-29 01:34:40,47752,2326.13,28
834,Laborer,2017-08-11 20:56:16,122851,1528.91,31
835,Welder,2013-09-07 17:57:42,171001,2214.94,34
836,Sheet Metal Worker,2017-10-21 02:23:15,195173,378.74,26
837,Pipefitter,2017-06-12 19:42:33,79749,4826.47,29
838,Terrazzo,2021-11-08 14:02:44,129534,3331.35,26
839,Pipelayer,2013-12-07 17:07:51,167654,3757.96,8
840,Landscaper,2014-08-13 21:55:11,248680,2674.85,16
841,Equipment Operator,2012-12-03 08:49:31,176046,1481.58,20
842,Painter,2014-03-15 18:47:00,85174,1205.72,13
843,Terrazzo,2012-02-10 16:02:21,248311,1117.79,8
844,Refridgeration,2022-01-03 00:54:14,254034,2257.38,9
845,Safety Officer,2018-07-02 11:13:08,182910,3033.4,20
846,Carpenter,2019-06-25 02:33:08,23696,4020.35,9
847,Pipelayer,2021-02-10 03:07:43,82664,3411.79,26
848,Boilermaker,2014-08-19 10:48:04,109726,3437.11,5
849,Electrician,2016-05-28 23:02:03,102655,3771.77,26
850,Plasterers,2020-01-11 09:16:15,41977,1465.25,26
851,Linemen,2013-06-24 11:51:37,286076,3773.46,15
852,Ironworker,2021-06-20 12:48:09,154113,4011.95,29
853,Plasterers,2020-04-09 09:40:12,147176,2476.29,31
854,Millwright,2017-01-17 01:29:49,224968,1440.5,37
855,Laborer,2016-08-16 01:07:57,286137,1023.22,22
856,Glazier,2018-10-19 00:57:42,89675,4446.89,11
857,Plasterers,2017-01-09 03:09:28,288700,263.0,13
858,Concrete Finisher,2015-01-21 08:08:04,41799,3913.24,27
859,Painter,2021-07-09 15:13:09,260622,1271.81,15
860,Landscaper,2013-03-11 14:11:31,180158,4199.71,30
861,Equipment Operator,2015-12-12 05:01:59,21956,2502.9,38
862,Electrician,2019-01-09 20:24:00,142249,171.84,4
863,Pipelayer,2014-09-14 08:02:12,197518,1381.4,35
864,Brickmason,2012-03-20 15:06:48,257930,279.19,25
865,Sheet Metal Worker,2018-05-08 03:25:51,61896,2352.65,3
866,Waterproofer,2015-04-14 13:36:33,288465,3771.04,22
867,Welder,2018-03-03 07:59:38,173260,1760.46,34
868,Equipment Operator,2019-12-15 02:49:23,268490,595.58,16
869,Sheet Metal Worker,2013-02-10 22:50:39,88379,3083.37,35
870,Linemen,2015-10-16 12:30:02,21161,3241.72,9
871,Laborer,2012-08-10 19:49:41,153911,3039.22,27
872,Boilermaker,2013-02-22 16:39:09,299418,624.19,10
873,Glazier,2013-07-17 06:37:34,263224,774.98,17
874,Electrician,2021-11-21 19:01:47,46417,1152.51,11
875,Plasterers,2012-05-13 10:19:57,47451,1846.27,36
876,Landscaper,2021-08-31 00:44:03,46367,1813.7,4
877,Pipefitter,2021-02-28 18:55:19,216745,1606.05,33
878,Pipelayer,2016-02-06 21:05:48,96246,967.85,8
879,Millwright,2018-11-06 03:32:48,225957,2887.44,15
880,Cement Mason,2020-01-09 08:46:30,183681,1855.17,20
881,Carpenter,2014-05-02 23:18:19,132288,4409.59,1
882,Brickmason,2014-12-13 02:03:52,79822,4002.56,18
883,Waterproofer,2012-12-15 15:36:45,195248,3059.04,5
884,Brickmason,2017-06-02 19:28:12,289777,4215.04,4
885,Laborer,2018-10-31 04:39:49,189609,4856.14,8
886,Linemen,2014-01-12 18:11:30,194707,2207.09,27
887,Plumber,2014-08-19 09:44:11,242043,1990.82,40
888,Linemen,2021-10-12 12:21:44,227096,1998.13,17
889,Glazier,2013-10-31 07:45:29,235030,2681.91,20
890,Ironworker,2019-12-07 14:22:39,161108,4090.54,16
891,Pipelayer,2012-07-16 23:19:28,99869,2086.92,31
892,Equipment Operator,2013-10-19 12:25:10,293664,87.17,35
893,Millwright,2021-06-13 08:05:59,102058,3643.43,31
894,Waterproofer,2017-04-04 17:05:41,296025,2777.5,18
895,Linemen,2018-06-26 03:12:20,50923,1202.67,27
896,Painter,2013-03-07 22:20:15,41553,2139.61,13
897,Waterproofer,2014-01-20 19:32:47,18800,3789.76,10
898,Equipment Operator,2021-08-31 21:50:53,198590,1988.28,30
899,Welder,2016-03-12 18:20:36,232668,4598.2,40
900,Ironworker,2013-07-27 23:16:33,204066,479.17,4
901,Terrazzo,2020-05-19 13:34:11,105063,2847.65,6
902,Sheet Metal Worker,2020-04-10 02:33:48,38561,4381.08,37
903,Equipment Operator,2013-11-24 02:40:44,47967,3432.15,12
904,Laborer,2018-04-06 02:50:07,145256,416.23,29
905,Plasterers,2018-11-29 09:51:09,156979,1045.36,22
906,Waterproofer,2014-07-28 11:41:30,258923,4574.09,16
907,Electrician,2014-06-06 05:13:32,157964,278.96,2
908,Linemen,2020-06-09 04:06:38,243767,3998.82,23
909,Carpenter,2014-02-12 04:48:07,140778,2739.07,17
910,Glazier,2020-08-03 13:57:00,186941,4337.73,10
911,Carpenter,2018-10-15 02:14:11,297424,828.65,16
912,Cement Mason,2014-07-03 13:10:31,116591,4662.2,27
913,Brickmason,2018-06-07 11:14:55,87133,3731.72,23
914,Refridgeration,2020-03-20 05:49:36,147599,1525.15,4
915,Plumber,2019-03-13 22:58:02,45874,4786.77,3
916,Ironworker,2020-10-29 10:39:44,191397,1680.18,20
917,Pipefitter,2018-09-27 12:26:56,127124,3474.37,10
918,Concrete Finisher,2014-02-14 00:38:43,243358,801.47,23
919,Tile Setter,2017-02-13 11:37:04,212230,1197.47,5
920,Welder,2018-07-18 22:20:50,86893,2020.56,19
921,Glazier,2017-05-21 14:01:49,8930,1816.32,33
922,Laborer,2012-06-26 12:00:41,93789,2236.05,8
923,Painter,2016-11-22 09:22:20,285401,4068.04,22
924,Plasterers,2017-03-06 09:25:08,276567,3853.78,5
925,Plasterers,2021-08-07 15:40:06,114207,3630.62,14
926,Waterproofer,2014-05-10 04:49:38,175864,2664.18,1
927,Painter,2021-10-10 19:47:22,162473,265.05,35
928,HVAC,2017-01-04 00:22:02,100755,941.52,25
929,Millwright,2012-12-29 14:30:37,256738,3414.57,13
930,Landscaper,2019-09-14 06:05:04,12737,871.1,11
931,Boilermaker,2016-10-19 22:02:36,182536,3801.11,29
932,Brickmason,2015-07-11 20:08:39,52324,4384.51,8
933,Equipment Operator,2021-12-25 01:19:43,134552,154.08,38
934,Landscaper,2016-08-18 18:03:54,132962,3947.13,38
935,Landscaper,2020-04-07 10:47:52,208943,175.53,9
936,Stucco Mason,2020-04-18 11:27:47,275458,3821.38,21
937,Stucco Mason,2012-01-24 13:51:55,224123,4758.31,3
938,Plasterers,2019-05-25 20:41:31,36897,3137.05,5
939,Cement Mason,2017-09-25 04:13:12,193629,4973.46,32
940,Laborer,2017-04-12 06:07:07,82806,3302.4,7
941,Landscaper,2021-08-09 00:47:42,24036,287.54,16
942,Electrician,2012-07-24 03:25:50,223854,2223.67,40
943,Welder,2019-07-22 23:54:03,18425,3663.12,35
944,HVAC,2019-09-11 02:34:44,134975,2442.7,14
945,Plumber,2015-12-24 09:47:47,246303,4685.92,12
946,Millwright,2021-02-10 15:30:05,5022,4538.0,3
947,Electrician,2015-12-10 22:12:13,65014,3319.37,1
948,Refridgeration,2017-09-06 01:22:21,89906,4362.87,3
949,Refridgeration,2012-10-26 04:13:49,100249,1537.91,14
950,Linemen,2016-12-27 05:03:21,131706,3382.27,21
951,Electrician,2017-01-31 07:37:13,10672,3491.59,25
952,Millwright,2012-02-11 15:54:36,134200,462.45,15
953,Painter,2018-02-24 13:03:42,294748,1915.0,9
954,Welder,2019-12-31 15:44:33,11072,335.38,3
955,Laborer,2012-01-08 09:29:50,201144,3747.7,31
956,Brickmason,2019-07-20 08:04:28,170758,4725.74,21
957,Brickmason,2020-04-23 17:41:46,43620,2198.83,36
958,Boilermaker,2020-09-23 03:56:48,147652,1466.68,2
959,Concrete Finisher,2012-07-21 07:58:06,196347,4662.05,39
960,Concrete Finisher,2013-12-12 15:28:46,117937,1482.43,30
961,Terrazzo,2013-07-25 14:00:31,120210,3174.14,9
962,Tile Setter,2020-01-05 20:16:55,253902,709.16,37
963,Cement Mason,2015-03-27 20:00:33,148663,3862.39,2
964,Pipefitter,2019-02-25 10:50:55,207919,2208.68,25
965,Brickmason,2014-07-27 13:20:17,12814,294.52,12
966,Pipefitter,2017-04-08 14:51:15,890,217.01,30
967,Concrete Finisher,2019-02-25 00:09:58,82369,1370.87,9
968,Refridgeration,2012-11-23 17:26:25,178827,737.07,8
969,Refridgeration,2021-04-15 19:28:25,47999,2427.0,23
970,Pipelayer,2019-06-03 07:33:14,78812,774.11,30
971,Safety Officer,2012-04-17 20:55:24,157250,492.93,27
972,Carpenter,2015-04-06 07:07:45,185596,2585.58,31
973,Electrician,2017-09-25 10:16:31,106854,4260.8,2
974,Boilermaker,2012-10-22 14:26:11,78757,4361.76,21
975,Pipelayer,2016-01-15 22:58:51,168696,3158.95,11
976,Waterproofer,2014-11-17 05:30:50,222224,1027.4,32
977,Safety Officer,2012-02-15 15:21:50,240549,635.37,14
978,Linemen,2013-01-10 21:05:08,108627,4451.35,9
979,Cement Mason,2015-11-27 21:54:30,16168,157.14,34
980,Ironworker,2014-07-17 10:02:37,261229,4823.21,19
981,Pipelayer,2020-05-01 03:34:21,46996,1872.65,13
982,Welder,2014-01-07 16:56:49,138990,2823.27,5
983,Carpenter,2015-01-15 02:17:49,93592,1714.08,27
984,Cement Mason,2014-11-22 17:11:32,121105,4574.67,23
985,Carpenter,2017-01-25 20:47:16,227842,2447.55,35
986,Electrician,2019-02-05 02:41:01,148989,4392.04,27
987,Glazier,2021-05-30 21:56:02,133597,904.02,25
988,Cement Mason,2014-05-03 14:37:57,191955,1482.65,4
989,Pipelayer,2018-01-28 00:05:46,94409,4387.0,38
990,Boilermaker,2014-04-02 10:05:49,127688,4274.93,5
991,Stucco Mason,2012-06-30 18:26:09,276196,3569.3,31
992,Painter,2020-01-27 19:05:10,172993,662.37,25
993,Concrete Finisher,2019-01-29 06:25:36,130078,2449.38,18
994,Welder,2013-08-07 23:46:31,24530,1094.45,7
995,Pipelayer,2017-08-20 21:02:24,183969,4618.89,31
996,Refridgeration,2015-05-23 23:07:16,138875,4025.36,17
997,Electrician,2014-01-18 15:27:13,197922,4483.65,40
998,Boilermaker,2013-02-08 15:24:25,4628,2904.18,17
999,Concrete Finisher,2017-01-16 22:27:38,266111,1.96,23
1000,Painter,2014-02-24 06:12:11,99691,1241.22,27
